site,477,477,477,477,477,477,477,477,477,477,477,477,477,477,477,477,477,477,477,477,477,478,478,478,478,478,478,478,478,478,478,478,478,478,478,478,478,478,478,478,478,478,484,484,484,484,484,484,484,484,484,484,484,484,484,484,484,484,484,484,484,484,484,493,493,493,493,493,493,493,493,493,493,493,493,493,493,493,493,493,493,493,493,493,496,496,496,496,496,496,496,496,496,496,496,496,496,496,496,496,496,496,496,496,496,498,498,498,498,498,498,498,498,498,498,498,498,498,498,498,498,498,498,498,498,498,501,501,501,501,501,501,501,501,501,501,501,501,501,501,501,501,501,501,501,501,501,505,505,505,505,505,505,505,505,505,505,505,505,505,505,505,505,505,505,505,505,505
aa,*,A,C,D,E,F,G,H,I,K,L,M,N,P,Q,R,S,T,V,W,Y,*,A,C,D,E,F,G,H,I,K,L,M,N,P,Q,R,S,T,V,W,Y,*,A,C,D,E,F,G,H,I,K,L,M,N,P,Q,R,S,T,V,W,Y,*,A,C,D,E,F,G,H,I,K,L,M,N,P,Q,R,S,T,V,W,Y,*,A,C,D,E,F,G,H,I,K,L,M,N,P,Q,R,S,T,V,W,Y,*,A,C,D,E,F,G,H,I,K,L,M,N,P,Q,R,S,T,V,W,Y,*,A,C,D,E,F,G,H,I,K,L,M,N,P,Q,R,S,T,V,W,Y,*,A,C,D,E,F,G,H,I,K,L,M,N,P,Q,R,S,T,V,W,Y
sample,,,,,,,,,,,,,,,,,,,,,,,,,,,,,,,,,,,,,,,,,,,,,,,,,,,,,,,,,,,,,,,,,,,,,,,,,,,,,,,,,,,,,,,,,,,,,,,,,,,,,,,,,,,,,,,,,,,,,,,,,,,,,,,,,,,,,,,,,,,,,,,,,,,,,,,,,,,,,,,,,,,,,,,,
Library-1-Neg-1,0.012915153516011885,0.004752723671178607,0.0035833608451634204,0.003477715417629581,0.004428524265434137,0.0051119181247936615,0.005150214592274678,0.02059557609772202,0.021088808187520635,0.007906899966985804,0.012522944866292506,0.0016110927698910532,0.404381644106966,0.04800924397490921,0.010108286563222185,0.006056784417299439,0.3882799603829647,0.0158336084516342,0.006569825024760647,0.0015860019808517662,0.01602971277649389,0.005002971277649389,0.0060917794651700235,0.0027844172994387585,0.0021895014856388247,0.00474281941234731,0.004472103004291845,0.006257510729613734,0.004322878837900297,0.005496203367448002,0.41271112578408714,0.008865632221855399,0.0016242984483327832,0.038322878837900295,0.04622449653350941,0.010719709475074281,0.010497854077253219,0.007796632551997359,0.38704390888081874,0.026098382304390887,0.002048861010234401,0.006686034995047871,0.004764608781776164,0.3126404754044239,0.0026833938593595246,0.006117530538131397,0.46410366457576757,0.005305381313965005,0.011296137339055793,0.0032314295146913174,0.00485770881479036,0.03867877187190492,0.03833014196104325,0.001774182898646418,0.0037206999009574116,0.009369428854407395,0.0034519643446682072,0.026382964674810168,0.028066688676130738,0.008439088808187521,0.0086503796632552,0.014369098712446352,0.00376625949158138,0.007856058104985143,0.004630571145592605,0.004889402443050511,0.03488808187520634,0.0038091779465170023,0.004927038626609442,0.007062396830637174,0.011953119841531858,0.021759656652360515,0.010331462528887421,0.024905249257180587,0.002177616375041268,0.003938593595245956,0.006319577418289864,0.39359260482007263,0.3671198415318587,0.05552723671178607,0.006820732915153516,0.02258435127104655,0.0018025751072961373,0.00310465500165071,0.004295146913172664,0.009100693298118192,0.006172334103664576,0.004030373060415979,0.021089468471442722,0.04891251238032354,0.40062726972598217,0.0032967976229778804,0.005192472763288214,0.007632221855397821,0.04109805216242984,0.0016117530538131395,0.004029052492571806,0.006913172664245626,0.004527566853747111,0.007237372069990096,0.36563222185539784,0.004983162759986794,0.046766589633542424,0.002788379002971278,0.004063387256520304,0.00542687355562892,0.007712776493892373,0.0028491251238032356,0.036123473093430176,0.0035780785737867284,0.004703862660944206,0.006056784417299439,0.0064456916474083855,0.005934631891713437,0.008262793000990426,0.011123803235391218,0.0016005282271376693,0.04196434466820733,0.015162099702872234,0.39182568504456916,0.37207395179927366,0.010058104985143613,0.05744404093760317,0.0056038296467481015,0.001648068669527897,0.00440145262462859,0.005582700561241334,0.023865302079894353,0.005251238032353912,0.008369098712446352,0.007222845823704193,0.004904588973258501,0.011957741828986464,0.07966523605150215,0.0051158798283261805,0.0056262793000990425,0.010532849125123804,0.048856388246946186,0.24531792670848465,0.008680092439749092,0.003865962363816441,0.02227665896335424,0.012431165401122483,0.0399900957411687,0.007144932320897986,0.02300495212941565,0.4203380653681083,0.008849785407725321,0.009210960713106635,0.004734235721360185,0.007137008913832948,0.006253549026081215,0.005039286893364147,0.0060475404423902274,0.37576295807197096,0.09582964674810168,0.005284252228458237,0.013160779135028063,0.001525916143941895,0.0041736546715087485,0.005263783426873556,0.014864971937933312,0.008244305051172005,0.046984483327830964,0.00523275008253549,0.024886761307362167,0.0016315615714757345,0.34988180917794653
Library-1-Neg-2,0.02127056154282473,0.0014180374361883153,0.0014180374361883153,0.0008508224617129892,0.0008508224617129892,0.0017016449234259785,0.0017016449234259785,0.01758366420873511,0.01758366420873511,0.00737379466817924,0.005104934770277935,0.0011344299489506524,0.4069767441860465,0.028927963698241632,0.0184344866704481,0.0022688598979013048,0.43448667044809985,0.006806579693703914,0.003403289846851957,0.0008508224617129892,0.019852524106636415,0.0014180374361883153,0.0022688598979013048,0.0014180374361883153,0.0014180374361883153,0.0025524673851389677,0.0008508224617129892,0.0025524673851389677,0.0011344299489506524,0.003403289846851957,0.44327850255246737,0.003970504821327283,0.0002836074872376631,0.03204764605785593,0.05303460011344299,0.005388542257515599,0.0045377197958026095,0.0017016449234259785,0.4248440158820193,0.01106069200226886,0.0,0.0028360748723766306,0.0014180374361883153,0.38201928530913215,0.0005672149744753262,0.003119682359614294,0.43533749290981283,0.0008508224617129892,0.00935904707884288,0.0019852524106636414,0.0019852524106636414,0.03403289846851957,0.032898468519568916,0.0008508224617129892,0.0005672149744753262,0.003970504821327283,0.0005672149744753262,0.0368689733408962,0.012478729438457176,0.005104934770277935,0.00368689733408962,0.03176403857061826,0.0005672149744753262,0.0022688598979013048,0.0011344299489506524,0.0022688598979013048,0.033749290981281904,0.0011344299489506524,0.0005672149744753262,0.0025524673851389677,0.008224617129892229,0.038570618264322176,0.005104934770277935,0.010493477027793534,0.0008508224617129892,0.0005672149744753262,0.0019852524106636414,0.3740782756664776,0.4132161089052751,0.06693136698808849,0.00368689733408962,0.030913216108905274,0.0005672149744753262,0.0011344299489506524,0.0005672149744753262,0.00368689733408962,0.003119682359614294,0.0014180374361883153,0.008791832104367556,0.07402155416903006,0.3709585933068633,0.0022688598979013048,0.0028360748723766306,0.00368689733408962,0.036301758366420876,0.0005672149744753262,0.0014180374361883153,0.0022688598979013048,0.0011344299489506524,0.0025524673851389677,0.41973908111174135,0.0019852524106636414,0.060408394781622236,0.0014180374361883153,0.0008508224617129892,0.0011344299489506524,0.0025524673851389677,0.0008508224617129892,0.04310833806012479,0.0019852524106636414,0.0008508224617129892,0.0019852524106636414,0.0025524673851389677,0.0019852524106636414,0.0022688598979013048,0.007090187180941577,0.0011344299489506524,0.051900170164492346,0.013329551900170164,0.3630175836642087,0.42030629608621667,0.008791832104367556,0.0706182643221781,0.0022688598979013048,0.0,0.0022688598979013048,0.0028360748723766306,0.010493477027793534,0.0017016449234259785,0.008224617129892229,0.005388542257515599,0.0025524673851389677,0.013896766874645491,0.13613159387407828,0.0005672149744753262,0.003119682359614294,0.003970504821327283,0.05445263754963131,0.3587634713556438,0.004821327283040272,0.0011344299489506524,0.034316505955757234,0.003403289846851957,0.055019852524106634,0.0025524673851389677,0.030062393647192286,0.2665910380034033,0.003403289846851957,0.005388542257515599,0.0011344299489506524,0.0019852524106636414,0.0017016449234259785,0.003403289846851957,0.0011344299489506524,0.4770277935337493,0.11145774248440159,0.0019852524106636414,0.005672149744753261,0.0025524673851389677,0.0019852524106636414,0.0019852524106636414,0.015314804310833806,0.004254112308564946,0.07317073170731707,0.0014180374361883153,0.009642654566080544,0.0005672149744753262,0.27481565513329553
Library-1-Neg-3,0.011910311956107247,0.005322744817676393,0.004076782848396369,0.003726687574152124,0.0050480909493298975,0.006947092588412318,0.0059433682583821005,0.024814918066507492,0.01774405442154418,0.009462591966315412,0.014489465020236568,0.002042811819075006,0.36814875630716676,0.045854229522226043,0.010903051310175571,0.006447293274339725,0.420453815419634,0.014997515738079226,0.007136285489140268,0.0022113762103777904,0.012318756442725533,0.006198572389270582,0.005910952029285411,0.003604684675551857,0.0027099967524832303,0.005065772528837183,0.0061343293170607795,0.0061785332658289924,0.005392292363738381,0.007229997860528879,0.4169298766238321,0.011643909491530819,0.0020039123441589787,0.036254900007720955,0.042777634687958435,0.012482605746159708,0.009580469163030646,0.010284196027420594,0.37796556924961144,0.02345815153231515,0.002130630330627855,0.006063013613048063,0.006116647737553494,0.3763577242864157,0.0035752153763730483,0.006958290922100265,0.40158580192741006,0.007097975400207818,0.0117606079162789,0.0039023245972578226,0.006183248353697601,0.030506618509902567,0.03876391613980471,0.0022119655963613667,0.004388568033708163,0.009233320818704283,0.004445149088131476,0.020056805021097072,0.028822153368841873,0.010642542705434905,0.009319371172306403,0.014433473351796832,0.0036382796766156987,0.006936483640707947,0.005066951300804335,0.005262038061368047,0.025918248627762083,0.0043113584698596845,0.006472636871633501,0.008564957113328905,0.0138381935083849,0.02125266918177312,0.01209302161101586,0.02333202293182985,0.002567365344457797,0.004801727608195058,0.007361430934866365,0.3563474807580211,0.40093335164359123,0.06403678711555089,0.007314280056180272,0.01744818265778894,0.002015110677846926,0.0041257018850331915,0.005494256138897058,0.006950628904313775,0.007113888821764374,0.0043455428569071025,0.020314366695919857,0.04165072868736079,0.352427474581256,0.00393356205438736,0.0065097681885988,0.008700515889551425,0.039518919584765784,0.002060493398582291,0.004777562782868436,0.0075034729569082225,0.005378147100132553,0.006743165038094963,0.41230791174062775,0.00560329254585865,0.05126302469350456,0.0030088154461563486,0.004394461893543925,0.006183248353697601,0.005379915258083281,0.003709595380628415,0.036925031871047065,0.004660274972136778,0.006337667481394558,0.008333917807767046,0.0063028937083635635,0.007831171563776574,0.010143332777345889,0.012630541628037327,0.0020769962061224236,0.04044248742102965,0.013974931056574571,0.33877906335958263,0.4233524156868616,0.013294190245544095,0.04729351009411905,0.006286390900823431,0.002058135854647986,0.0040042883724165,0.00637420941237628,0.02356541978132601,0.004735716378034527,0.01049696436749159,0.007095617856273512,0.0065604553831863505,0.013089673309243164,0.13723793688972766,0.006367136780573366,0.008168889732365719,0.011823082830537974,0.0431890261044946,0.3446393281942805,0.009529781968443096,0.005028641211871884,0.01987998922602422,0.013186332610549656,0.04739429509731057,0.0073284253197861,0.014577283531789418,0.25973179401431384,0.009994218123501118,0.009597561356554355,0.005099367529901025,0.008524878866445726,0.00477992032680274,0.008406412283746915,0.006745522582029268,0.4541154170996198,0.09511511002952235,0.0060983767720626325,0.014986906790374855,0.0030388741313187337,0.007429799708961201,0.006595229156217344,0.01612618989662759,0.009502080827215017,0.04065761330503495,0.00611429019361919,0.023317877668224022,0.002216680684229976,0.2615376726679912
Library-1-Pos-1,0.007333029581424138,0.0014872381214377209,0.0012350667251245812,0.00204029584289722,0.002103338691975505,0.0023010639913573984,0.0018654952159074302,0.016007152497786337,0.008092409354412569,0.003252437895629698,0.005777017442810106,0.0006590843312729784,0.43630236496651564,0.03566505907401517,0.006011995334829168,0.0021921717974949066,0.44429161329516376,0.010376279841475891,0.003129217781522141,0.0006332940748318618,0.009244374142115775,0.002160650372955764,0.0020804140195834014,0.0008768687189979626,0.0006476219950769266,0.0022494834784751653,0.001811049118976184,0.001811049118976184,0.0022036341336909584,0.0028655840490129495,0.4833810453077494,0.0031435457017672057,0.0005759823938516029,0.02307368276265227,0.02426003455894363,0.00914121311635131,0.005421685020732501,0.0027137080944152634,0.40707340766658356,0.019546148798317328,0.0007135304282042244,0.004249661144686204,0.0022322899741810875,0.341230882972413,0.0007880356134785611,0.005513383710300915,0.5499456971822712,0.0019457315692797928,0.006224048554456126,0.0010459381778897265,0.002097607523877479,0.017038762755430998,0.009499411122477928,0.000624697322684823,0.0013840770956732547,0.004349956586401658,0.0013496900870850993,0.015136014946886399,0.021107892105029388,0.005427416188830527,0.0037825709446970934,0.007676899667305692,0.001598995899349226,0.0033813891778352806,0.001427060856408449,0.00256469772386659,0.008324521662382619,0.0012121420527324777,0.0018998822244955856,0.0029515515704833383,0.00960830331634042,0.011081213517533077,0.008505053457470435,0.015866738879384702,0.0010373414257426878,0.0014843725373887078,0.0034358352747665267,0.477317469460038,0.40870965615856997,0.024168335869375217,0.0029802074109734674,0.01217300104020701,0.0005158051288223309,0.0013554212551831252,0.0014987004576337726,0.003175067126306348,0.004553413053881577,0.0031521424539142444,0.017821067200811534,0.02883637228521731,0.4721680149239617,0.0008911966392430274,0.002435746441661007,0.004183752711558906,0.011310460241454112,0.0004842837042831885,0.0015932647312512,0.0032065885508454905,0.001705022509162705,0.002430015273562981,0.41740097257922626,0.001587533563153174,0.016181953124776126,0.001819645871123223,0.0035647865569721094,0.002558966555768564,0.0018626296318584171,0.0010745940183798561,0.008843192375253963,0.0010946531067229468,0.00176806535824099,0.0025876223962586933,0.003401448266178371,0.0032553034796787106,0.006069307015809427,0.00435282217045067,0.0006361596588808748,0.01030750582429958,0.008459204112686226,0.4311557760144884,0.46676925457562135,0.004054801429353324,0.03699469007275718,0.0021921717974949066,0.0006332940748318618,0.001928538064985715,0.002725170430611315,0.01907046184618118,0.0026420684931899394,0.007854565878344495,0.003183663878453387,0.002157784788906751,0.0049488636526453635,0.0838011399293347,0.0017967211987311195,0.0024787302023962015,0.0032753625680218014,0.012084167934687608,0.25451544406523213,0.004341359834254619,0.0014643134490456172,0.007880356134785611,0.00751929254460998,0.008874713799793104,0.0032180508870415423,0.014158850786172983,0.5520089176975606,0.00619825829801501,0.004536219549587499,0.0024156873533179163,0.005567829807232161,0.0016161894036433035,0.002008774418358078,0.00181678028707421,0.4793978834796214,0.020864317460863285,0.0017823932784860547,0.005711109009682808,0.0005616544736065381,0.0023612412563866706,0.0016018614833982388,0.010018081835349272,0.003756780688255977,0.02283010811848617,0.001659173164378498,0.019153563783602556,0.0005960414821946935,0.40554605136845967
Library-1-Pos-2,0.007181735712125794,0.002242717467997178,0.0019403285959076705,0.0026207035581090614,0.0031246850115915735,0.003729462755770588,0.003074286866243322,0.011994758592883781,0.010356818869065618,0.005871383933071263,0.006854147767362161,0.0011843564156839028,0.4235712125793771,0.03263279911299264,0.005846184860397137,0.0037798609011188387,0.4512145953028929,0.010205624433020866,0.0038554581191412155,0.0008063703255720189,0.007912508819675436,0.0035530692470517084,0.0037546618284447133,0.0016379397238181635,0.0013103517790545307,0.003149884084265699,0.002469509122064308,0.003099485938917448,0.0026711017034573127,0.003981453482511843,0.49392702348553574,0.005417800624937003,0.0010583610523132749,0.02131841548231025,0.023939119040419312,0.00783691160165306,0.007610119947585929,0.004964217316802742,0.38602459429492997,0.017286563854450158,0.0011591573430097773,0.00383025904646709,0.0032254813022880757,0.34033867553674024,0.0019907267412559216,0.003628666465074085,0.5404697107146457,0.0036034673923999597,0.009248059671404091,0.001864731377885294,0.0029230924301985686,0.01600141114806975,0.013582300171353694,0.0014111480697510332,0.0025703054127608105,0.005090212680173369,0.0023939119040419315,0.01338070758996069,0.019504082249773208,0.005065013607499244,0.004334240499949602,0.0075597218022376775,0.0018143332325370426,0.0040570507005342205,0.0023939119040419315,0.003149884084265699,0.010155226287672613,0.001965527668581796,0.003250680374962201,0.004888620098780365,0.010432416087087995,0.010961596613244633,0.006677754258643282,0.016958975909686525,0.0014615462150992843,0.0023687128313678056,0.004359439572623728,0.4692319322648926,0.4041679266203004,0.02522427174679972,0.003931055337163592,0.011591573430097772,0.0010835601249874005,0.0016883378691664147,0.002721499848805564,0.003527870174377583,0.004031851627860095,0.002721499848805564,0.015749420421328496,0.02545106340086685,0.4648472936195948,0.0015119443604475356,0.002897893357524443,0.004208245136578974,0.015295837113194235,0.0013355508517286564,0.0025703054127608105,0.005065013607499244,0.0026207035581090614,0.003704263683096462,0.41608708799516175,0.0031246850115915735,0.01640459631085576,0.0023687128313678056,0.0037546618284447133,0.0029986896482209454,0.003326277592984578,0.001915129523233545,0.010382017941739744,0.002041124886604173,0.0029230924301985686,0.0044602358633202294,0.003326277592984578,0.004762624735409737,0.0053170043342405,0.007988106037697812,0.001360749924402782,0.012423142828343918,0.009550448543493599,0.4087541578469912,0.4753553069247052,0.005266606188892249,0.031095655679870982,0.0032002822296139503,0.0012599536337062796,0.002293115613345429,0.003905856264489467,0.01698417498236065,0.003729462755770588,0.007458925511541176,0.004939018244128616,0.0026207035581090614,0.008592883781876826,0.07695796794677956,0.0028474952121761918,0.003931055337163592,0.005871383933071263,0.013657897389376072,0.23984477371232737,0.004737425662735611,0.002242717467997178,0.009172462453381715,0.007055740348755166,0.010885999395222256,0.003956254409837718,0.010785203104525753,0.5598225985283741,0.005191008970869872,0.005216208043543997,0.002469509122064308,0.004964217316802742,0.0024443100493901824,0.0034018748110069548,0.0035782683197258342,0.48102509827638346,0.024342304203205323,0.002897893357524443,0.007131337566777542,0.0011843564156839028,0.003351476665658704,0.002797097066827941,0.01108759197661526,0.0053422034069146255,0.022250781171252898,0.002696300776131438,0.016606188892248765,0.0008567684709202702,0.39116520512045155
Library-1-Pos-3,0.0094002702981811,0.002581751729773659,0.0019477633050014145,0.0025458317057072428,0.0026859197995662658,0.003129532096786505,0.002802659877782118,0.01877270257771073,0.008896491960649613,0.004115536757409628,0.008121517441416686,0.0009420026311417628,0.42115150617150915,0.043536865169699665,0.007837749251291999,0.003326194228550133,0.4294167037091915,0.01218317416272669,0.004026634697845247,0.0009680446485899146,0.011611147779469012,0.0028071498807904203,0.003315418221330208,0.0015068450095861565,0.0011772787887767884,0.002825109892823628,0.00262844776106,0.0027954758729688348,0.0028215178904169866,0.0038039305486334677,0.4624227158232196,0.004926431300708972,0.000904286605872026,0.02617492153719743,0.02795745273149333,0.010261452875173426,0.0068248045726190636,0.004529515034775073,0.39918371745309067,0.02700018409012334,0.0009393086293367816,0.005194035480003772,0.003160962117844619,0.3199181023451286,0.0014556589752915134,0.0065482203873076595,0.5416434309010987,0.002852947911475101,0.00732948091075221,0.0016675871172833687,0.0029193999559979705,0.018859808636071788,0.010921483317393822,0.0009590646425733106,0.002060911380810625,0.00585855592523247,0.0019639273158313015,0.019279174917047195,0.02964838786441987,0.00668202247695506,0.0046597251220158314,0.009524194381210235,0.002086953398258777,0.004193662809754082,0.002324923557698784,0.003600084412056556,0.008782445884238743,0.00182653322377726,0.0028789899289232523,0.004072432728529928,0.011834749929282453,0.014253065549553919,0.009993848695878627,0.02140743634298235,0.0014933750005612504,0.002023195355540888,0.004736055173156966,0.46156602324923557,0.3935891737047464,0.028833003318112223,0.003995204676787134,0.01592604067044725,0.000857590574585685,0.0018121652141506934,0.00233929156732535,0.004586089072679679,0.005675363802493748,0.003601880413259877,0.025162874859126154,0.03455236915008733,0.45710655226139,0.0014466789692749093,0.0031852081340894497,0.005484089674340082,0.0132760408949474,0.0007758725198345883,0.0022450015041510078,0.004327464899401483,0.002187529465644742,0.0035587763843801775,0.4043966109457293,0.0024515416425329004,0.01759991379194224,0.002085157397055456,0.003955692650314075,0.0033845642676580594,0.002652693777304831,0.0016244830884036693,0.009189240156790904,0.0018031852081340895,0.0026850217989646055,0.0039000166130111306,0.004378650933696125,0.004530413035376733,0.007172330805461639,0.006020196033531343,0.0009294306227185172,0.011204353506916849,0.009393086293367816,0.4216121804801609,0.4479882541521303,0.005894475949298886,0.049511263172546324,0.003156472114836317,0.0008827345914321763,0.002086953398258777,0.003664740455376105,0.02695618206064198,0.0036117584198781414,0.008944085992537616,0.003639596438529614,0.0029526259782594053,0.00599235801487987,0.07891808887511954,0.0026212637562467167,0.0032426801725957155,0.005317061562431247,0.012694136505071459,0.23988828872515344,0.0060184000323280215,0.0021911214680513835,0.01013483479033931,0.008874041945608103,0.009985766690463683,0.004021246694235285,0.018051608094577423,0.5422801133276759,0.0076725171405864845,0.0051751774673689035,0.0031483901094213735,0.006730514509444722,0.00233839356672369,0.0029238899590062727,0.003152880112429675,0.4654920818796949,0.02203244476173799,0.0024677056533627876,0.007891629287391623,0.0008557945733823642,0.0030325480318071814,0.0026544897785081515,0.011343543600174212,0.005125787434277581,0.028950641396929735,0.0025566077129271676,0.026592491816969516,0.0009554726401666689,0.38890699856768907
Library-1-Pre-1,0.009098318570407845,0.001429017676015123,0.0010520155253076159,0.0018634677734971079,0.0021722504874099233,0.0022332889308578057,0.0017413908866013436,0.016261359433850483,0.016911239331736758,0.005170315209702958,0.005672984743979635,0.0005601174810511538,0.4390782476940035,0.04217756442248656,0.007098411923321353,0.0021327550240024702,0.42091751551992185,0.010207782042489937,0.003102189125821775,0.0005637079777245586,0.010556060219810206,0.002197383964123757,0.002326641844366331,0.0009263481417384467,0.0006821943679469181,0.0021076215472886363,0.0016408569797460083,0.0020358116138205398,0.0019927256537396816,0.0027503204518281015,0.45782782132252353,0.0029154832988047235,0.0006570608912330843,0.033495743466193675,0.038741459106038136,0.007884730694797011,0.006286959675131861,0.0026856915117068145,0.4086811028569582,0.019377910546365878,0.000746823308068205,0.004039308757580436,0.0019065537335779658,0.3455170853784204,0.0007396423147213954,0.004179338127843224,0.49804138406465764,0.002197383964123757,0.008706954433006718,0.000876081188310779,0.0015869995296449357,0.03405945144391824,0.03170408562616467,0.0006319274145192504,0.0012746263190587155,0.004093166207681509,0.001371569729240646,0.019719007730339338,0.020203724781248992,0.005195448686416792,0.004419901404961349,0.011798372068808278,0.0017772958533353918,0.003141684589229228,0.0015941805229917453,0.002567205121484455,0.032899721018408476,0.0011417779421427365,0.001964001680352443,0.004251148061311321,0.008829031319902482,0.016336759863991985,0.007145088380075616,0.01682865790824845,0.0008868526783309935,0.001752162376621558,0.002858035352030246,0.4297106418730903,0.4002111212043962,0.046259959140147855,0.00300165521896644,0.01667426655129204,0.0003446876806468639,0.0016013615163385552,0.0014792846294427908,0.003220675516044134,0.0036838495869133576,0.0022799653876120684,0.01651628469766223,0.040403859065824575,0.43457217436888046,0.0007180993346809665,0.002096850057268422,0.003920822367358076,0.03525149633948864,0.0004559930775224137,0.0015115990995034343,0.0033822478663473516,0.0022763748909386634,0.002858035352030246,0.3986420741581183,0.001540323072890673,0.04119017783730023,0.001644447476419413,0.00235536581775357,0.0027718634318685304,0.002560024128137645,0.0010591965186544255,0.034195890317507624,0.0010591965186544255,0.001734209893254534,0.0037879739904420977,0.004118299684395342,0.002911892802131319,0.0047394556088943786,0.005033876336113575,0.0005960224477852021,0.038145436658252936,0.010764309026867687,0.42087083906316763,0.40946024063508707,0.004305005511412394,0.0467339047010373,0.002118393037308851,0.0005062600309500813,0.0025277096580770017,0.0028257208819696027,0.018372571477812526,0.002588748101524884,0.006660371329165964,0.004897437462524191,0.0018419247934566788,0.009245528934017443,0.08687924800637672,0.0018311533034364644,0.002926254788824938,0.003931593857378291,0.04626354963682126,0.2741954594579068,0.004434263391654968,0.0013177122791395734,0.01456305450733,0.006534703945596795,0.03556746004674827,0.0034361053164484244,0.01871725915845939,0.4529698793234068,0.005278030109905103,0.005374973520087033,0.0022763748909386634,0.004980018886012502,0.002078897573901398,0.0023230513476929266,0.0020609450905343736,0.4135139113793611,0.09012146650246129,0.001755752873294963,0.006218740238337169,0.0005493459910309393,0.002506166678036573,0.001974773170372658,0.011590123261750797,0.0041434331611091765,0.036497398685160116,0.0020070876404333013,0.01864185872831789,0.000491898044256462,0.38561575222700556
Library-1-Pre-2,0.01164749482600953,0.002165856475910863,0.0015401646050921692,0.0012995138855465178,0.002069596188092602,0.0027434182028204263,0.0025990277710930356,0.014054002021466044,0.03542378591711989,0.009289117774462145,0.006112528276459547,0.0003850411512730423,0.4222457525148,0.042980218510853346,0.009337247918371277,0.002310246907638254,0.4080954902055157,0.010636761803917793,0.00332097992972999,0.0005775617269095634,0.011166193386918226,0.0022621167637291236,0.0025990277710930356,0.0010588631660008664,0.0008182124464552149,0.002695288058911296,0.0022621167637291236,0.0032728497858208598,0.0016364248929104299,0.003032199066275208,0.4213794099244357,0.0038022813688212928,0.0006256918708186938,0.05462771333686288,0.06170284449150503,0.004861144534822159,0.005775617269095635,0.003176589498002599,0.4101650863936083,0.010877412523463446,0.0005775617269095634,0.0027915483467295566,0.0019733359002743417,0.392308803003321,0.0009144727342734755,0.00332097992972999,0.37989122587476537,0.0032247196419117295,0.01357270058237474,0.0009144727342734755,0.0017808153246378206,0.05871877556913895,0.07224334600760456,0.0008663425903643452,0.0017808153246378206,0.003609760793184772,0.0010588631660008664,0.02156230447129037,0.01179188525773692,0.005101795254367811,0.004187322520094335,0.019396447995379505,0.0017808153246378206,0.002695288058911296,0.0024065071954565143,0.002695288058911296,0.07027001010733022,0.001347644029455648,0.002021466044183472,0.0029359387784569477,0.0062087885642778074,0.023728160947201232,0.005631226837368244,0.014246522597102565,0.0008182124464552149,0.001828945468546951,0.00332097992972999,0.3616980314771141,0.3772921981036723,0.09380565047889493,0.0033691100736391202,0.02136978389565385,0.0005294315830004332,0.0017808153246378206,0.0017326851807286903,0.003176589498002599,0.0030803292101843384,0.0018770756124560813,0.0076045627376425855,0.05871877556913895,0.37223853299321363,0.0012032535977282571,0.0022139866198199933,0.003994801944457814,0.07238773643933195,0.0004331712951821726,0.0012995138855465178,0.004861144534822159,0.0025508976271839054,0.0038022813688212928,0.3610242094623863,0.002165856475910863,0.09101410213216538,0.001828945468546951,0.0027915483467295566,0.0034172402175482505,0.0038022813688212928,0.001010733022091736,0.08018481975261106,0.002069596188092602,0.0022139866198199933,0.0037060210810030323,0.004524233527458247,0.002358377051547384,0.0038022813688212928,0.008567165615825191,0.0005294315830004332,0.08417962169706887,0.017374981951196033,0.357943880252202,0.3581364008278385,0.006449439283823459,0.052413726717042884,0.0025508976271839054,0.0008182124464552149,0.0039466718005486835,0.003657890937093902,0.011358713962554749,0.002165856475910863,0.004716754103094768,0.008807816335370844,0.0024065071954565143,0.017423112095105164,0.08384271068970496,0.0027915483467295566,0.004139192376185204,0.006497569427732589,0.09351686961544015,0.3423015834817346,0.003609760793184772,0.0016845550368195601,0.025942147567021224,0.0065456995716417195,0.09062906098089234,0.0038985416566395532,0.023872551378928623,0.26019155797275834,0.003176589498002599,0.00861529575973432,0.0022139866198199933,0.00332097992972999,0.0022139866198199933,0.004331712951821726,0.0027434182028204263,0.3244453000914473,0.20527506377244067,0.0017326851807286903,0.008085864176733888,0.0010588631660008664,0.0034172402175482505,0.003032199066275208,0.01848197526110603,0.003994801944457814,0.06059585118159503,0.0038022813688212928,0.011262453674736488,0.0007219521586369544,0.3274774991577225
Library-1-Pre-3,0.01229624842545461,0.003376877360643927,0.0025230299278691483,0.002855081707281562,0.0035431380818772996,0.004529430495973578,0.0037652887065761282,0.020048037137197033,0.03310513971066877,0.009009546371242343,0.010748708661432115,0.0012896947471944678,0.3866900308380761,0.05588990346545581,0.010675910888010723,0.004879329471450592,0.4015027339086393,0.013528174616966296,0.005247545306046536,0.0012403801264896537,0.01325577004545399,0.004256556261406941,0.004128338247574425,0.002134148918882615,0.0017696903887213236,0.0034139807419361202,0.0038122550120092843,0.0038869314376480026,0.003889749415973992,0.005052635138498938,0.38502178766909045,0.006935044660259836,0.0012065643865777813,0.055117777404134725,0.06007694959482168,0.008706613701198487,0.008220042776910989,0.006325422015737469,0.40614065657016346,0.022514707498546394,0.0013103599215850564,0.006079788238322063,0.004103446105694852,0.36872729766211126,0.0019655398823775847,0.005900376951567406,0.3691941427381168,0.004559488931450799,0.011588935865631278,0.0022623669327151317,0.004154639378616993,0.05749568144821542,0.06780901245828218,0.0016245645049328711,0.003455780753771629,0.00781143591964253,0.0027926165210554643,0.024610813710028153,0.025159849820541747,0.008384424845927035,0.0071247885342097875,0.018502376025391863,0.0027724210097192074,0.005256938567133168,0.003433706590218046,0.0045327181373539,0.06539400503290929,0.0027677243791758917,0.004150412411128008,0.005884878070774465,0.009487663360551873,0.025760548867031816,0.00960977575467808,0.021956747790000498,0.0015653869600870942,0.0038484190671928147,0.004799017089159895,0.3439530412091757,0.3613052124145096,0.0924818216914821,0.005611534173153496,0.023936847227062363,0.0011699306683399197,0.003093670538881995,0.0034233740030227516,0.005086920541465142,0.005461711658821728,0.00340787512222981,0.018526798504217106,0.059350380849770755,0.3641001772508367,0.002342209651951497,0.004730446283227487,0.008098869708893446,0.07049031883546106,0.001123434025961095,0.003709868466165004,0.005369657700172742,0.003722549368631956,0.0058083229929184205,0.3375214753431593,0.0036694774434924897,0.08782229452945868,0.002414068099264226,0.003819769620878589,0.005195882370070065,0.0046299383896005325,0.002152465778001546,0.07494789088412192,0.004003877538176562,0.003819769620878589,0.005209032935591348,0.006343738874856401,0.005308131840055307,0.007701065101874613,0.009861515151799796,0.0012507127136849481,0.08008224739407455,0.01686231263966605,0.3430390769054465,0.34576594059889554,0.010414308566748043,0.06434336878036959,0.004381016970804805,0.001218775625990402,0.003468931319292913,0.005856698287514572,0.021551898237166692,0.0033228661093957974,0.008117186568012377,0.007914761791595474,0.004062115756913675,0.015440172911150083,0.08161475794035843,0.005126372238028993,0.006749058090744538,0.009945584838525146,0.0896976591054046,0.3234499005723314,0.008613620416440837,0.0032369177704531216,0.029691158968732652,0.009829108401050918,0.08563883098987124,0.0066631097518018625,0.02395469442312696,0.24952352683138063,0.007880006725574939,0.009006728392916354,0.0040541314849900385,0.006122997239320567,0.003204041356649912,0.0062700017753263455,0.0047745946103346535,0.3124499221768319,0.19351057164568994,0.0040137404623175246,0.01370101062096031,0.0016945443000282738,0.004492327114681385,0.004755338425107059,0.017512795969915264,0.006802130015884004,0.06368302252597942,0.005140931792713271,0.022208487187122216,0.0012864071058141468,0.30743626907184246
Library-2-Neg-2,0.016790672794028252,0.007232475016412576,0.0052216305590001705,0.0044739465557906,0.006932185668782065,0.007405110997641452,0.008248838962238918,0.02350645561310088,0.029569382644005156,0.012375082062878401,0.017208889537286942,0.002636953825953753,0.34470056167481217,0.056445887130109174,0.016126875288739757,0.009306538283852457,0.388361660223211,0.015786466311668735,0.009330853210786102,0.002791353611982396,0.015548180027719016,0.007304204050866827,0.007989884990395603,0.004715880078780363,0.003548763585965424,0.005836798210421378,0.006827631482967393,0.008557638534296204,0.006657426994431882,0.007957059839035184,0.36897172173997617,0.01361879057553432,0.00253726262552581,0.049676611471782525,0.06457679869671992,0.010778807109684636,0.012561091253920782,0.012880832543098209,0.3704537165365818,0.024363556787511852,0.0028630826464366476,0.00732244024606706,0.006667152965205339,0.3450044982614827,0.004492182750990834,0.006814258273153889,0.334662144090257,0.008008121185595837,0.01746541201643689,0.004957813601770127,0.006996620225156224,0.05795705983903519,0.06651712986602475,0.0027050356213679577,0.005244729739587133,0.012185425632795973,0.005322537505774795,0.033938775013981085,0.031102438787171446,0.010697352104456926,0.01092348092493982,0.024397597685218955,0.003940233909597102,0.007688379896418411,0.007557079290976731,0.006682957667712208,0.060686410387336784,0.005175432197826246,0.0071194106061711285,0.010150266248449924,0.010293724317358427,0.032073820118170546,0.012488146473119847,0.02719989301432149,0.0028898290660636563,0.005729812531913341,0.009330853210786102,0.3139798672404989,0.3414897755732244,0.09040532983198385,0.009097429912223114,0.03259172806185717,0.0026551900211539865,0.004714664332433681,0.006319449510054222,0.008665839959150923,0.007188708147932016,0.004890947552702604,0.019629440513531257,0.07301164685000122,0.32638169572300435,0.004798550830354755,0.00742577868553505,0.010416514698373331,0.074818245921171,0.002539694118219175,0.005985119264716609,0.010123519828822914,0.006614875872298004,0.009768521895591704,0.3257628808325431,0.0072944780800933695,0.0793821577066161,0.004229581540107472,0.00475235246918083,0.007351618158387434,0.007985022005008875,0.004587010966032047,0.0703102584676733,0.005706713351326379,0.006814258273153889,0.009949668101247356,0.009379483064653391,0.008092007683516911,0.00937340433291998,0.016464852773117416,0.002450944634911372,0.07536654752352469,0.02320495051912369,0.3144892649597588,0.3224317358426338,0.01673353271573419,0.07346633598366037,0.007902351253434484,0.002663700245580762,0.005276339144600871,0.0091873951418776,0.024544702993167505,0.005419797213509373,0.008688939139737886,0.010363021859119314,0.00698932574707613,0.021857903566999782,0.0991720767379094,0.007368638607240985,0.009120529092810076,0.016929267877550027,0.08778418070853697,0.28691127483161916,0.012924599411578768,0.006124930094585066,0.035413475332506626,0.016327473435942326,0.07345296277384686,0.010343569917572397,0.029767549298514356,0.2213083862182994,0.009565492255695772,0.014012692391859363,0.006371726602961558,0.00732244024606706,0.005675103946312641,0.008667055705497605,0.009277360371532083,0.30478396187419454,0.18024776910545384,0.006630680574804873,0.018923091886108884,0.002701388382327911,0.005808836044447686,0.009295596566732317,0.022193449558684075,0.011094901159822014,0.07265421742407664,0.00819048313759817,0.02414350669876237,0.002839983465849685,0.2696002626012109
Library-2-Neg-3,0.013408610511789895,0.0032582386892571215,0.0025463546058900194,0.002569901540955239,0.004194092457314335,0.003642656094275357,0.003645394109980615,0.02296045210115325,0.026243880534898748,0.008872813694459351,0.01003756557547614,0.0011587282464652216,0.37869604740052787,0.05612548873580339,0.012893863559201376,0.004144808174619689,0.41088525523782404,0.013536749646795973,0.00536048714775428,0.0011116343763347826,0.01470697755922328,0.004025430689870437,0.004153569824876515,0.0021487947254865453,0.0015946203467423088,0.00300031760982181,0.003079172462133243,0.0037111064869068087,0.004252138390265807,0.004120713636413418,0.39525501878278774,0.006053752724325626,0.0010793257910127372,0.05058155453579682,0.06120669828162134,0.009592364221801175,0.0075103770795229285,0.005615670211484333,0.40256442550954474,0.023171279310458124,0.0011932272443514736,0.006090442134776085,0.003419234012726297,0.37331146571456736,0.00191332537483435,0.005649621606229533,0.36727195067190904,0.0043008750698194,0.012303547373147733,0.0021017008553561064,0.0032440010075897793,0.056615045943903534,0.059575936127569624,0.0015042658284687921,0.0026547800278182397,0.008131359041475461,0.00248557065723329,0.02875409333347936,0.027380157052580855,0.00793093629185057,0.0068488724851325745,0.022465966464783643,0.0021372950595244613,0.004339207289693014,0.0033299747007348836,0.004461870393288576,0.05986561818918593,0.002288433526454708,0.0035687296702333884,0.005438794396924661,0.009264349940311258,0.028426626655130495,0.010542455671525732,0.02115117132311871,0.0015770970462286571,0.0030742440338637784,0.004849025814012069,0.3417952621376236,0.3722370683518241,0.08564403605419081,0.005236728837876614,0.028674690878026876,0.001165299484157841,0.003069315605594314,0.002842607905198944,0.004917476206643521,0.005332559387560647,0.003198002343741444,0.019301915515787398,0.06992180227145783,0.3541929972510322,0.00211977175901081,0.003886339492043326,0.007515853110933444,0.06898211528141325,0.0010486600151138467,0.0034871368022166976,0.0055121732178255774,0.0038058418303087388,0.004565367386947332,0.35263561391788145,0.0031207903008531658,0.07774705115708544,0.0027172067858981237,0.0031487180610467983,0.0042636380562278905,0.0038348647967844742,0.001962609657528996,0.06923456032943805,0.0029154391229588095,0.0031799314400867405,0.004705553791056545,0.007520781539202909,0.004472274852968557,0.0067021148433307415,0.008564513126047292,0.0010738497596022212,0.07465473621956696,0.018846857305573506,0.3492322603962456,0.34867096717666773,0.00965479097988106,0.07180391426725223,0.0039044103956980295,0.001185560800376751,0.003616371143504879,0.006133702782919163,0.023266014653860054,0.002992651165847087,0.007480806509906141,0.007314882758167501,0.0033354507321453996,0.016678896470150154,0.10637519576812293,0.0038414360344770936,0.005452484475450951,0.00945765384910248,0.0880310381460348,0.3187734784846726,0.008990000766644397,0.0032023831688698565,0.02988160820090464,0.010020042274962488,0.07208428707547067,0.006573428105183611,0.02815501549716889,0.2419595430799391,0.007329668042975895,0.01022320304029264,0.004271852103343665,0.0065340006790278946,0.002639447139868794,0.0049716889176076315,0.004105928351605025,0.33690407088175056,0.18120352218340324,0.0029066774727019833,0.012377473797189701,0.0011959652600567316,0.003383639808557942,0.00473074353554492,0.02005432223159232,0.00622734292003899,0.06525019987514648,0.004186973616480664,0.02265160392960014,0.0012677012715344934,0.29758397494168026
Library-2-Pos-2,0.0,0.0,0.0,0.0,0.0,0.0,0.0,0.00398406374501992,0.00398406374501992,0.0,0.0,0.0,0.5139442231075697,0.00398406374501992,0.00796812749003984,0.0,0.450199203187251,0.0,0.0,0.0,0.01593625498007968,0.0,0.0,0.0,0.0,0.0,0.00398406374501992,0.0,0.0,0.0,0.5059760956175299,0.0,0.0,0.01195219123505976,0.01195219123505976,0.0,0.0,0.0,0.46613545816733065,0.0,0.0,0.0,0.0,0.4262948207171315,0.0,0.0,0.5338645418326693,0.0,0.0,0.0,0.0,0.00398406374501992,0.00796812749003984,0.0,0.0,0.0,0.0,0.01593625498007968,0.0,0.00398406374501992,0.0,0.00796812749003984,0.0,0.0,0.0,0.0,0.00796812749003984,0.0,0.0,0.00398406374501992,0.0,0.00796812749003984,0.0,0.0,0.0,0.0,0.0,0.5139442231075697,0.450199203187251,0.00398406374501992,0.0,0.01195219123505976,0.0,0.0,0.0,0.0,0.0,0.0,0.0,0.0199203187250996,0.5179282868525896,0.0,0.0,0.00398406374501992,0.00398406374501992,0.0,0.0,0.0,0.0,0.0,0.44223107569721115,0.0,0.01195219123505976,0.0,0.0,0.0,0.0,0.0,0.00796812749003984,0.0,0.0,0.00398406374501992,0.0,0.0,0.0,0.0,0.0,0.00398406374501992,0.0,0.450199203187251,0.5139442231075697,0.0,0.0199203187250996,0.0,0.0,0.0,0.0,0.0,0.0,0.0,0.0,0.0,0.00398406374501992,0.11952191235059761,0.0,0.0,0.0,0.00796812749003984,0.32270916334661354,0.0,0.0,0.00398406374501992,0.0,0.00398406374501992,0.0,0.01593625498007968,0.5219123505976095,0.0,0.0,0.00398406374501992,0.00398406374501992,0.0,0.0,0.0,0.47410358565737054,0.01195219123505976,0.0,0.0,0.0,0.0,0.0,0.0,0.0,0.02390438247011952,0.0,0.0,0.0,0.4820717131474104
Library-2-Pos-3,0.010763965677794042,0.002359818078403208,0.0015758007886030514,0.0025580413177111725,0.0021752781597191148,0.002613144419682976,0.00220893173206431,0.023153657773494447,0.00995997813627256,0.004053221460476283,0.007298757184667876,0.0007492542590259991,0.434630339546054,0.04481213540422378,0.008347565219513747,0.00276661950235612,0.40936908057700716,0.01349434287147072,0.003196719553317244,0.0007562808290760948,0.013157067509066124,0.0024345216126200157,0.0029988661334856004,0.0011708484620317438,0.0010203319351691665,0.0024670657265362488,0.0021405151289449567,0.0022189168579249724,0.002633114671404301,0.003400859904246341,0.44467537616188035,0.0038686815417921894,0.0006923020596725914,0.028631423856758563,0.03545755175068842,0.01063341940265279,0.006310229724462301,0.0035861394618830764,0.4140964829428163,0.025933960596474438,0.0007337218410205243,0.004895670227535131,0.0028021221720829193,0.3223479690623819,0.0011346061533523027,0.006979602976603001,0.5335670345877364,0.00235611988364,0.0072688018070858895,0.001364633867623858,0.0024526427669597363,0.021745755027141052,0.012264693112703964,0.0008191501400506357,0.0017503555814264826,0.005516966947754123,0.0016334926269091006,0.022671413176372085,0.028261234560961412,0.006715551870509929,0.004567270532562235,0.012081262652448833,0.0016993204936942082,0.004024375541323258,0.0019160347068182138,0.003202636664938377,0.011297245362648676,0.0015258751592997395,0.0025254972037949395,0.003490356217515982,0.011686295451738188,0.01768032952394618,0.010609381136691935,0.019796436567453963,0.001369071701339708,0.0017718051110530905,0.004255882533500097,0.4512208110732827,0.3974191038386522,0.03202673646886009,0.003264766336960276,0.01871101640445233,0.0006701128910933417,0.0015362301046367227,0.001961152682929355,0.0043938251981677666,0.006154165905454911,0.003796566743909628,0.024254980173977876,0.04247117811911293,0.4601830162624416,0.001153466946644665,0.002751826723303287,0.005242930715800389,0.01665334083820324,0.000617598525455784,0.001972986906171621,0.003708549708545271,0.0018709167307070726,0.0030266025942096626,0.3920374908192315,0.0020291994665723873,0.020962107556817215,0.0016105638193772093,0.0031475335629665736,0.0030047832451067335,0.002230381261690918,0.0012618240532066677,0.013369713707950601,0.0015987295961349427,0.002099095347597024,0.003087622807802599,0.004310245996519259,0.003826522121491615,0.007826489577377698,0.004791750954688978,0.0007640470380788322,0.014334942541147965,0.009733648616764212,0.46368816525901047,0.3976824153057926,0.005436346301916183,0.05580132114309721,0.002572464277287685,0.000727804729399391,0.0018516861179383895,0.0034152828638228535,0.02558226227449333,0.0033013784651160383,0.01010309827360872,0.003459291381505032,0.0024156608193276535,0.005806165778237012,0.07731963719230095,0.0023317117982028252,0.0032078141376068684,0.00436867747377795,0.017999483732011056,0.24552610888520876,0.005730722605067563,0.0018302365883117815,0.012616761254161394,0.008587947879122286,0.013549815792918845,0.003487397661705415,0.022120751976130372,0.5272397931673632,0.008369384568616675,0.004720745615235379,0.0030499012212178746,0.007783220698648162,0.0021172165019367447,0.0026963538018551624,0.0028357757444281147,0.4285438506047658,0.031628071073386235,0.002025131452332858,0.007157855964189641,0.0007163403256334453,0.002710037122479033,0.0022984280453339505,0.01182978540855067,0.004684503306555938,0.035705330799823375,0.002221875413735539,0.02516325680782183,0.0007732925249868529,0.4129696429984667
Library-2-Pre-2,0.006056018168054504,0.002271006813020439,0.000757002271006813,0.002271006813020439,0.003028009084027252,0.001514004542013626,0.001514004542013626,0.013626040878122634,0.04314912944738834,0.00984102952308857,0.006813020439061317,0.0,0.417108251324754,0.03936411809235428,0.010598031794095382,0.003028009084027252,0.4155942467827404,0.008327024981074944,0.002271006813020439,0.0,0.012869038607115822,0.002271006813020439,0.002271006813020439,0.001514004542013626,0.001514004542013626,0.000757002271006813,0.003785011355034065,0.002271006813020439,0.001514004542013626,0.004542013626040878,0.4299772899318698,0.004542013626040878,0.000757002271006813,0.0635881907645723,0.061317183951551855,0.003028009084027252,0.003028009084027252,0.003028009084027252,0.39742619227857684,0.00984102952308857,0.000757002271006813,0.002271006813020439,0.003785011355034065,0.38455715367146104,0.001514004542013626,0.003028009084027252,0.3663890991672975,0.004542013626040878,0.00984102952308857,0.002271006813020439,0.002271006813020439,0.0643451930355791,0.09084027252081757,0.000757002271006813,0.001514004542013626,0.002271006813020439,0.0,0.025738077214231644,0.008327024981074944,0.003785011355034065,0.004542013626040878,0.018925056775170326,0.000757002271006813,0.005299015897047691,0.002271006813020439,0.001514004542013626,0.09992429977289932,0.001514004542013626,0.001514004542013626,0.004542013626040878,0.002271006813020439,0.025738077214231644,0.003785011355034065,0.011355034065102196,0.001514004542013626,0.000757002271006813,0.002271006813020439,0.3459500378501135,0.36714610143830434,0.09613928841786526,0.002271006813020439,0.021196063588190765,0.000757002271006813,0.002271006813020439,0.002271006813020439,0.003785011355034065,0.002271006813020439,0.002271006813020439,0.006056018168054504,0.06056018168054504,0.36109008327024983,0.001514004542013626,0.000757002271006813,0.006813020439061317,0.10068130204390613,0.0,0.000757002271006813,0.003785011355034065,0.003028009084027252,0.002271006813020439,0.32323996971990915,0.001514004542013626,0.1105223315669947,0.002271006813020439,0.004542013626040878,0.004542013626040878,0.001514004542013626,0.0,0.10446631339894019,0.003785011355034065,0.004542013626040878,0.001514004542013626,0.004542013626040878,0.003785011355034065,0.000757002271006813,0.00757002271006813,0.000757002271006813,0.11430734292202877,0.012869038607115822,0.3414080242240727,0.32248296744890237,0.008327024981074944,0.05526116578349735,0.003785011355034065,0.000757002271006813,0.003028009084027252,0.003028009084027252,0.009084027252081756,0.002271006813020439,0.005299015897047691,0.008327024981074944,0.003028009084027252,0.015897047691143074,0.09084027252081757,0.003028009084027252,0.002271006813020439,0.008327024981074944,0.13474640423921272,0.29977289931869794,0.003028009084027252,0.001514004542013626,0.026495079485238455,0.009084027252081756,0.11430734292202877,0.002271006813020439,0.028766086298258896,0.22861468584405753,0.006813020439061317,0.006056018168054504,0.001514004542013626,0.001514004542013626,0.000757002271006813,0.005299015897047691,0.002271006813020439,0.29447388342165026,0.2808478425435276,0.003028009084027252,0.009084027252081756,0.001514004542013626,0.002271006813020439,0.002271006813020439,0.0174110522331567,0.006813020439061317,0.06813020439061317,0.002271006813020439,0.00984102952308857,0.000757002271006813,0.27706283118849356
Library-2-Pre-3,0.01535787523625441,0.006783781034325825,0.005002837730030144,0.00469497079279752,0.007055507070231141,0.009441475833783979,0.007440340741771922,0.019350775556971445,0.03740650214971435,0.014707339012362866,0.017800732455600234,0.0027179296350036677,0.3554678506604415,0.053574870562031175,0.01262656008224063,0.009878513029464204,0.37766171045516117,0.016000380148739887,0.009850403439542965,0.002579389513248987,0.014600254860281953,0.009640250791084173,0.007119088285529183,0.004797370013224893,0.003818888573585552,0.006317964972773854,0.008766845675674229,0.0076391156990721154,0.0062637536207828925,0.010271378012411052,0.3631738939545642,0.014506556227211155,0.0026275773816853976,0.054758819718475765,0.059542804212690544,0.011097264535335093,0.012858129561115603,0.013030133480395568,0.36962972977314223,0.023110767846912496,0.002562657614486344,0.008467010049847673,0.008369965037024345,0.3333134781468017,0.004473440453180132,0.006619808426451927,0.33862752919381695,0.009418720451466784,0.014651119832520387,0.004377733992257816,0.00932903747409902,0.06434218205376695,0.07532633895346658,0.0029113503846998163,0.00690759708516938,0.010334959227709096,0.00550680252076094,0.028942169203668704,0.028603515572712818,0.011848192151802495,0.01141717843967682,0.01903086165262972,0.005648019746317644,0.009203213595403948,0.006474575545192189,0.006706814300017669,0.07073443665704694,0.005712270237566192,0.009274826122108058,0.009349115752614191,0.010585268433198229,0.029015120282273824,0.01496233314950554,0.027170595762680102,0.002928082283462459,0.007319201794730389,0.00809020768971296,0.3087637670063019,0.3356191337962938,0.0927020811804957,0.009664344725302379,0.027028709261172894,0.0024830137763761652,0.006212888648544458,0.007836552104471298,0.007665886737092344,0.007626399456012507,0.005156771198646456,0.017866321498749792,0.05963984922551387,0.325730581627572,0.004466747693675075,0.009906622619385444,0.012640614877201249,0.08405302807211047,0.0025619883385358385,0.007127788872885757,0.008869244896101601,0.00678913524192987,0.010595307572455814,0.3154879824810327,0.007778994372727808,0.0875874743667311,0.004237855318602123,0.006374853428566839,0.009142309483907929,0.006956454229556297,0.004777961010660228,0.07565629199706589,0.006293871038555649,0.008616258586810446,0.008897354486022841,0.008843143134031879,0.010196419105954414,0.012297945590542328,0.017274012282552244,0.0026068298272197204,0.08648316904839669,0.018886298047320487,0.3141608082711799,0.3122848277819124,0.01691929602878422,0.06174873774555734,0.008400082454797102,0.0025840744449025267,0.006973855404269445,0.009994297768901692,0.02038146052075023,0.005630618571604495,0.008544646060106334,0.011149468059474537,0.008760822192119678,0.017439323442327154,0.08055405340286664,0.009944102072613764,0.011945906440576326,0.017978090582484244,0.09655376427565603,0.2928590933184843,0.011205687239317016,0.005786559868072324,0.03367261162184303,0.016450802863430227,0.08738535302967837,0.011578473943748694,0.022634243370152435,0.21955062135579245,0.011307417183793885,0.01174110799972158,0.006274462035990983,0.007383452285978936,0.006083049114146352,0.0108047909449641,0.00778033292462882,0.27524241174927316,0.20556877747377778,0.009039910263480557,0.02054543312862413,0.0027540705363309757,0.007784348580331854,0.008080168550455376,0.018880274563765936,0.012378258704603013,0.06467414292521778,0.008904047245527898,0.023709769822615103,0.002424117492731663,0.2786396564740401
Library-3-Neg-2,0.007780701162607659,0.00035980120983156806,0.000562189390361825,0.0008770154489644472,0.0013717421124828531,0.0007420899952776092,0.00035980120983156806,0.01340259506622591,0.03114529222604511,0.00973712024106681,0.0029908475567249097,4.497515122894601e-05,0.41426611796982166,0.03957813308147248,0.007510850255233984,0.000562189390361825,0.45004385077244824,0.008207965099282646,0.0011468663563381231,0.00013492545368683803,0.009174930850704985,0.0009219906001933932,0.0011018912051091773,0.00022487575614473003,8.995030245789202e-05,0.0005397018147473521,0.0004272639366749871,0.0004272639366749871,0.0010344284782657582,0.0008770154489644472,0.4584542040522611,0.0007870651465065551,0.00020238818053025704,0.04387326002383683,0.051721423913287906,0.0040927387618340865,0.0042951269423643435,0.0006521396928197171,0.41539049675054535,0.01227821628550226,0.00013492545368683803,0.00247363331759203,0.000494726663518406,0.4189210461220176,0.00022487575614473003,0.0019339315028446783,0.403157255616272,0.0016415930198565292,0.01311025658323776,0.00017990060491578403,0.00044975151228946006,0.0405675864085093,0.06204322112033102,0.00031482605860262203,0.0006971148440486631,0.0029683599811104367,0.0005397018147473521,0.018597225033169174,0.012390654163574625,0.0028784096786525445,0.0016640805954710022,0.01677573140839686,0.00044975151228946006,0.0015741302930131103,0.00038228878544604105,0.0016640805954710022,0.05943466234905215,0.00029233848298814905,0.0006521396928197171,0.0014616924149407453,0.006206570869594549,0.020553644111628324,0.004205176639906451,0.012930355978321977,0.00044975151228946006,0.0005846769659762981,0.0009669657514223391,0.3670197216038139,0.42427308911826217,0.07708740920641345,0.0017090557466999483,0.01670826868155344,0.00011243787807236502,0.0017315433223144213,0.00017990060491578403,0.0010344284782657582,0.001956419078459151,0.000989453327036812,0.009332343880006297,0.05680361600215881,0.3744181339809755,8.995030245789202e-05,0.0005172142391328791,0.0032831860397130584,0.06325755020351256,6.746272684341901e-05,0.000562189390361825,0.0024286581663630845,0.0029458724054959636,0.0008095527221210282,0.409386314061481,0.00047223908790393305,0.06962153410240841,0.0007870651465065551,0.0010569160538802312,0.0010119409026512851,0.0007420899952776092,0.000247363331759203,0.061121230520137626,0.0006521396928197171,0.0003373136342170951,0.001236816658796015,0.006566372079426117,0.0010119409026512851,0.0022037824102183546,0.005329555420630102,0.00011243787807236502,0.07654770739166611,0.018822100789313904,0.39488182779014597,0.37466549731273474,0.0025410960444354493,0.04927027817131035,0.0006746272684341901,8.995030245789202e-05,0.0019339315028446783,0.0011468663563381231,0.010659110841260203,0.0006971148440486631,0.0045424902741235465,0.0076682632845352944,0.00031482605860262203,0.015583889900829791,0.13040545098832895,0.0007420899952776092,0.0032831860397130584,0.0036879624007735727,0.08693696732555263,0.32917313184465585,0.0037329375520025188,0.00112437878072365,0.0205761316872428,0.0036204996739301535,0.07468123861566485,0.004227664215520925,0.019249364725988892,0.2779464345948863,0.0026085587712788684,0.004002788459376194,0.0011693539319525962,0.002226269985832827,0.0005172142391328791,0.0023387078639051924,0.0006746272684341901,0.4011333738109694,0.17744945917380647,0.00020238818053025704,0.006633834806269536,2.2487575614473004e-05,0.0011018912051091773,0.0027659718005801793,0.01805752321842182,0.0023611954395196654,0.05275585239155366,0.0014841799905552183,0.013020306280779869,0.00011243787807236502,0.30936157772830514
Library-3-Neg-3,0.00981088458110517,0.0018451983065953653,0.0016363079322638146,0.002177101901366607,0.002527573529411765,0.002344214200831848,0.0019287544563279858,0.016098484848484848,0.028088792335115863,0.008455418152109328,0.006477922608437314,0.0006893382352941177,0.391342190285205,0.04666378862150921,0.010277406417112299,0.0023279671717171715,0.43936144533571003,0.009344362745098039,0.0032749368686868685,0.0005570409982174688,0.014770870469399882,0.0024138443256090315,0.0029917743612596554,0.0007868204099821747,0.0007775363933452169,0.002938391265597148,0.0014227755496137849,0.0028548351158645276,0.0022049539512774808,0.002641302733214498,0.43712167632204396,0.0029105392156862746,0.0006243501188354129,0.04483019533571004,0.047671104426619135,0.006647355912061795,0.006164587046939988,0.0029523172905525845,0.4043723076351753,0.021924205288175878,0.0010003527926322044,0.004748774509803921,0.0017802101901366607,0.4044396167557932,0.0009098336304218657,0.003757705733808675,0.38820419266191325,0.003344566993464052,0.010762496286393345,0.0011094399881164587,0.0015365047534165181,0.03895805481283422,0.0584405637254902,0.0008077094474153298,0.0018591243315508022,0.006222612150920974,0.0013299353832442067,0.02271102569815805,0.02224682486631016,0.005069073083778966,0.005131740196078431,0.01936877970885324,0.0020099896019013666,0.004019979203802733,0.0019078654188948306,0.003400271093285799,0.0558108660130719,0.0017732471776589424,0.002098187759952466,0.0033979500891265597,0.007661634729649435,0.02411755421865716,0.00615994503862151,0.018783886660724895,0.0008402035056446821,0.0017616421568627451,0.003024268419489008,0.3530386586452763,0.41007733585858586,0.07515643568033274,0.003850545900178253,0.020174168152109328,0.0005338309566250743,0.002411523321449792,0.001244058229352347,0.005243148395721925,0.003307430926916221,0.002149249851455734,0.01736807412358883,0.05881192439096851,0.3606701203208556,0.0015365047534165181,0.002077298722519311,0.005493816844919786,0.06212399732620321,0.0004827688651218063,0.0018544823232323232,0.0040408682412358884,0.004152276440879382,0.003676470588235294,0.3945915961081402,0.0018869763814616757,0.06583992498514557,0.0012765522875816994,0.0021724598930481284,0.0020912247474747475,0.004080325311942959,0.000993389780154486,0.05875157828282828,0.0016664809863339274,0.001715222073677956,0.0027573529411764708,0.007780005941770648,0.00254614156268568,0.004382055852644088,0.0059812277183600715,0.0006545231729055259,0.07178401663695781,0.01740056818181818,0.373623644533571,0.3714697526737968,0.005366161616161616,0.061817624777183604,0.002232806001188354,0.0005570409982174688,0.0023488562091503267,0.001965890522875817,0.019837622549019607,0.002641302733214498,0.006157624034462269,0.00692355540701129,0.0015991718657159834,0.013352736928104575,0.12678717320261437,0.0017825311942959,0.004811441622103387,0.006340983363042186,0.08134655377302435,0.3178359885620915,0.006900345365418895,0.002288510101010101,0.026183247920380272,0.0059812277183600715,0.07426981209150327,0.005886066547831254,0.02143215240641711,0.2656760620915033,0.003702001633986928,0.005528631907308378,0.0027062908496732025,0.0033143939393939395,0.0034165181224004755,0.0037461007130124777,0.0019380384729649435,0.38203960561497324,0.1696932560903149,0.002601845662507427,0.010217060308972074,0.000501336898395722,0.002620413695781343,0.004129066399286988,0.015819964349376114,0.005087641117052882,0.05745181595365419,0.0027712789661319074,0.02131610219845514,0.0005245469399881165,0.30087409016636957
Library-3-Pos-1,0.024281667341157425,0.005058680696074464,0.0034399028733306356,0.004451639012545528,0.003642250101173614,0.0024281667341157424,0.002225819506272764,0.02104411169566977,0.03520841764467827,0.010522055847834885,0.009105625252934034,0.0012140833670578712,0.37960339943342775,0.04795629299878592,0.0226628895184136,0.004856333468231485,0.37697288547146907,0.009510319708619992,0.006070416835289356,0.002225819506272764,0.027519222986645085,0.00829623634156212,0.003035208417644678,0.003035208417644678,0.00141643059490085,0.0054633751517604206,0.003237555645487657,0.0046539862403885066,0.003035208417644678,0.005261027923917442,0.37150951031970864,0.007689194658033185,0.0010117361392148927,0.05443140428976123,0.08033184945366248,0.006272764063132335,0.005868069607446378,0.007689194658033185,0.40813435855928776,0.013759611493322542,0.0010117361392148927,0.004856333468231485,0.0046539862403885066,0.34459732901659246,0.003035208417644678,0.001821125050586807,0.3500607041683529,0.005868069607446378,0.017401861594496155,0.002630513961958721,0.003642250101173614,0.06313233508700931,0.07507082152974505,0.0004046944556859571,0.004046944556859571,0.005058680696074464,0.003642250101173614,0.04593282072035613,0.0169971671388102,0.0054633751517604206,0.004856333468231485,0.039457709429380816,0.002225819506272764,0.00971266693646297,0.0024281667341157424,0.0038445973290165926,0.0726426547956293,0.003642250101173614,0.005261027923917442,0.007486847430190206,0.005261027923917442,0.0453257790368272,0.006475111290975314,0.015580736543909348,0.001821125050586807,0.00424929178470255,0.003642250101173614,0.330433023067584,0.3241602590044516,0.10400647511129098,0.005868069607446378,0.042695265074868476,0.0010117361392148927,0.004451639012545528,0.003237555645487657,0.007284500202347228,0.004856333468231485,0.0024281667341157424,0.009510319708619992,0.10259004451639013,0.3524888709024686,0.004046944556859571,0.0056657223796034,0.005058680696074464,0.08033184945366248,0.0008093889113719142,0.004046944556859571,0.0038445973290165926,0.004856333468231485,0.006475111290975314,0.2978551193848644,0.0046539862403885066,0.09227033589639821,0.002630513961958721,0.005058680696074464,0.006070416835289356,0.007689194658033185,0.002225819506272764,0.08559287737757992,0.0038445973290165926,0.005261027923917442,0.0056657223796034,0.004451639012545528,0.006070416835289356,0.005868069607446378,0.010522055847834885,0.002630513961958721,0.09105625252934035,0.02387697288547147,0.311210036422501,0.3178874949413193,0.009307972480777013,0.09227033589639821,0.004046944556859571,0.0008093889113719142,0.003642250101173614,0.004451639012545528,0.012140833670578713,0.005261027923917442,0.004856333468231485,0.00971266693646297,0.003642250101173614,0.026912181303116147,0.07142857142857142,0.006475111290975314,0.006677458518818292,0.010926750303520841,0.10157830837717523,0.28834479967624443,0.0054633751517604206,0.003642250101173614,0.05321732092270336,0.007486847430190206,0.09368676649129908,0.006677458518818292,0.04107648725212465,0.23634156212059895,0.0056657223796034,0.00971266693646297,0.0034399028733306356,0.002225819506272764,0.0084985835694051,0.007486847430190206,0.005058680696074464,0.2881424524484015,0.21934439498178876,0.004856333468231485,0.01112909753136382,0.0012140833670578712,0.005261027923917442,0.0054633751517604206,0.024079320113314446,0.009105625252934034,0.09651962768110077,0.005261027923917442,0.012747875354107648,0.0008093889113719142,0.27397814649939295
Library-3-Pos-2,0.010399974287039291,0.002814650877684364,0.001963674320864078,0.0026631280735023347,0.003223303288963171,0.0038722494402074177,0.0029539294148617852,0.018603633180126943,0.01574612736792645,0.00673434685253464,0.009080654517292732,0.0010575985625230536,0.3954638051814677,0.04206977089445901,0.010129069879562328,0.003919695974850276,0.43809375129138756,0.011817248192822717,0.004808935866059964,0.0010208657615092284,0.013563586774354996,0.004049791311774241,0.0037773563709217026,0.0016070600443548572,0.0013881937716474814,0.003653383167500042,0.0031881010213249215,0.0035370626309562617,0.003345745959009255,0.004525787191578393,0.4390243155837378,0.005704297890771955,0.0009948466941244354,0.03261107463339899,0.04043975284947051,0.010083153878295047,0.007302174734873356,0.004968111337119873,0.3999880618396705,0.023156969972465705,0.001264220568225821,0.005390538548778864,0.0037008297021429,0.3960989765323317,0.0017203195141474853,0.004968111337119873,0.42101452935333433,0.004144684381059955,0.008072033022788111,0.0019590827207373496,0.0034987992965668604,0.028359252916048714,0.034838000694862155,0.0010575985625230536,0.002782509676797267,0.006106828168548457,0.0022896779298617774,0.019670414942903454,0.025748162977315966,0.007969487286624517,0.007703174479274283,0.015380329891163771,0.00291719661384796,0.0054655346841820905,0.0024610976679262956,0.00353400156420511,0.025550724171866653,0.002419773266785742,0.004039077578145208,0.0045120123911982085,0.011953465663248985,0.020911677510495632,0.009131162118686741,0.018816377319332014,0.0014800257741820447,0.002805467677430908,0.004296207185241985,0.3759112413084836,0.417968767935938,0.06264626159570348,0.005157897475691304,0.017008817402776693,0.0010851481632834226,0.0028452615451958854,0.0027717959431682346,0.005964488564619884,0.0048104663994355396,0.003054944617649805,0.01982652934721221,0.04307533132221248,0.37059416836173237,0.002384570999147493,0.004025302777765023,0.006028770966394079,0.035116557769216995,0.0009351558924769693,0.0028590363455760696,0.0043712033206452115,0.0032738108903571806,0.00470179852976964,0.42682443404702103,0.0034559443620507313,0.05098971940731625,0.001884086585334123,0.0030518835508986527,0.0037804174376728544,0.004438546789170558,0.001793785116175136,0.0375960218376502,0.0025697655375921955,0.003480432896059948,0.003970203576244285,0.004296207185241985,0.004980355604124481,0.00695933525874432,0.006962396325495472,0.0012305488339631478,0.04092952352965485,0.011488183517073865,0.358562645496329,0.4404109788220097,0.008189884092707468,0.050763200467731,0.0037237877027765406,0.0009121978918433285,0.0029615820817396653,0.0038324555724424405,0.023023813568790588,0.0034773718293087956,0.009201566653963239,0.005226771477592226,0.003379417693271928,0.008672002106013925,0.13920354104201774,0.003621241966612945,0.005424210283041537,0.006359366175518507,0.044613517364666413,0.3640817488486563,0.006518541646578416,0.002868219545829526,0.02066373110365231,0.008076624622914839,0.048257717331912996,0.004974233470622177,0.015629806831382667,0.27289410086521054,0.006359366175518507,0.007923571285357233,0.003195753688202802,0.004801283199182083,0.004169172915069173,0.005445637750299602,0.0032738108903571806,0.4764917726178396,0.09802913217227072,0.0038722494402074177,0.009604096931739742,0.0018136820500576245,0.0043360010530069625,0.0034712496958064915,0.013594197441866516,0.00669149191801851,0.03951684122399815,0.0034666580956797637,0.0226779130259104,0.000843323889942406,0.2804227945396691
Library-3-Pos-3,0.013600072308758399,0.006098038624928444,0.004365641288301045,0.004092977011840559,0.005789219969268778,0.006845229128378175,0.006643367177849417,0.0202102979723419,0.0216926275195083,0.009641167786448133,0.015056792503992045,0.0022717001596818413,0.39490223253291556,0.04823898044650658,0.010864390949353741,0.007818384501822784,0.38364164984483745,0.015236057967521316,0.007881654665421348,0.002235545780482661,0.012873971859841524,0.006661444367449007,0.006661444367449007,0.00400409749630924,0.0032689584525925704,0.005447259799343195,0.006562019824651261,0.006985327347774999,0.005436714772076768,0.007526136603296075,0.40759091319936125,0.01238739417311922,0.0022626615648820465,0.03642854990810762,0.04248290199150372,0.011028592088216686,0.011212376849145852,0.01126510198547799,0.37678135639179294,0.026993763369588142,0.0022370522129492934,0.006775933234913079,0.006412883010454641,0.3088005784700672,0.0038911150613118012,0.007313729625500889,0.45062215660871924,0.007004910969841222,0.012236750926455967,0.004371667018167575,0.007197734325570184,0.03730378717122111,0.03987677382422946,0.0024117983790786657,0.004782923081558254,0.009915338495375252,0.004651863456961224,0.025286975384893495,0.032632340092193665,0.00943629297098611,0.008601729384471695,0.013261125003766082,0.003987526739176283,0.007587900334428008,0.006072429272995692,0.005561748666807267,0.03332228616191136,0.004582567563496128,0.00689042210237715,0.008104606670482963,0.011917387243529873,0.02142297610798108,0.012331656171853816,0.027204663914916695,0.0027432135217378205,0.00525895574101413,0.00818746045614775,0.3848799373324094,0.3625862432587147,0.05549697207074207,0.007931366936820223,0.02162031876110994,0.0023003223765478593,0.003996565333976078,0.005841945105600916,0.007604471091560965,0.007262510921635383,0.004877828326956103,0.0234250248561357,0.04542948389623693,0.38897291434424996,0.004195414419571571,0.007548733090295562,0.009385074267120605,0.042258443553975476,0.002351541080413365,0.00541411828507728,0.008277846404145701,0.0054698562863426834,0.007976559910819197,0.3638546593956193,0.006211021059925883,0.04508300442891145,0.0037118495977825315,0.004847699677623452,0.007304691030701094,0.006402337983188213,0.004083938417040764,0.03508179928293815,0.004683498538760507,0.006583109879184116,0.0076014582266277,0.007712934229158507,0.007964508451086138,0.009940947847308005,0.013982706155283058,0.0024117983790786657,0.040345274321352174,0.015520773703714862,0.38012111717031727,0.36791449489319394,0.013199361272634148,0.05508571600735139,0.0069793016179084694,0.00234250248561357,0.004737730107559278,0.007423699195565063,0.02578560453134886,0.005316200174746166,0.009574884757916303,0.008006688560151848,0.006830164803711849,0.012289476062788105,0.08147690639028653,0.007022988159440812,0.00758940676689464,0.013527763550360037,0.04583019493236118,0.24462504895905515,0.010175951312102678,0.005046548763218945,0.019521858335090837,0.015267693049320599,0.03961164171010213,0.008460124732608237,0.020930372691392245,0.4056867825615378,0.010218131421168388,0.009630622759181705,0.005677743966737971,0.007720466391491669,0.00486427043475641,0.007333313247567112,0.0072549787593022205,0.36824289717091985,0.09213190322677835,0.006307432737790365,0.01599228706577084,0.002327438160947245,0.005682263264137869,0.007137477026904884,0.014663613630200958,0.009339881293121629,0.04478774366545148,0.006787984694646139,0.027319152782380767,0.002339489620680305,0.34424090868006385
Library-3-Pre-2,0.0,0.0,0.0,0.0,0.0,0.0,0.0,0.004694835680751174,0.035211267605633804,0.0,0.0,0.0,0.4413145539906103,0.03051643192488263,0.007042253521126761,0.0,0.47417840375586856,0.002347417840375587,0.0,0.0,0.004694835680751174,0.0,0.0,0.002347417840375587,0.0,0.0,0.0,0.002347417840375587,0.0,0.0,0.4694835680751174,0.0,0.0,0.04225352112676056,0.046948356807511735,0.0,0.0,0.0,0.43661971830985913,0.0,0.0,0.0,0.0,0.4225352112676056,0.0,0.0,0.4225352112676056,0.002347417840375587,0.002347417840375587,0.0,0.002347417840375587,0.04460093896713615,0.07981220657276995,0.0,0.0,0.0,0.0,0.009389671361502348,0.002347417840375587,0.002347417840375587,0.002347417840375587,0.007042253521126761,0.0,0.0,0.0,0.0,0.06807511737089202,0.0,0.0,0.0,0.0,0.007042253521126761,0.002347417840375587,0.0,0.0,0.0,0.0,0.3873239436619718,0.43427230046948356,0.08215962441314555,0.0,0.01643192488262911,0.0,0.002347417840375587,0.0,0.0,0.0,0.002347417840375587,0.0,0.025821596244131457,0.392018779342723,0.0,0.0,0.0,0.08215962441314555,0.0,0.0,0.0,0.002347417840375587,0.0,0.4131455399061033,0.0,0.07981220657276995,0.002347417840375587,0.0,0.0,0.0,0.002347417840375587,0.09624413145539906,0.002347417840375587,0.0,0.0,0.0,0.0,0.0,0.0,0.0,0.07981220657276995,0.004694835680751174,0.38028169014084506,0.4084507042253521,0.002347417840375587,0.023474178403755867,0.0,0.0,0.0,0.002347417840375587,0.0,0.002347417840375587,0.004694835680751174,0.004694835680751174,0.0,0.002347417840375587,0.11502347417840375,0.0,0.004694835680751174,0.004694835680751174,0.08685446009389672,0.3685446009389671,0.002347417840375587,0.0,0.011737089201877934,0.0,0.11502347417840375,0.002347417840375587,0.014084507042253521,0.25821596244131456,0.0,0.002347417840375587,0.0,0.0,0.0,0.002347417840375587,0.0,0.3591549295774648,0.2300469483568075,0.0,0.002347417840375587,0.0,0.0,0.002347417840375587,0.004694835680751174,0.0,0.03286384976525822,0.0,0.007042253521126761,0.0,0.3568075117370892
Library-3-Pre-3,0.007988574903327753,0.0019330167308293472,0.001536478517991958,0.001980121702116726,0.0028721185674950005,0.002323987992514592,0.0020169492251232222,0.01724341708026259,0.03405004260858766,0.008042103279790682,0.0064225487215282566,0.0006389147014615388,0.40290209445831426,0.06144115518518677,0.007685818406053417,0.0024815755328214594,0.41210512116683296,0.011577973715426022,0.0035572817862205112,0.0006633236411286352,0.010537382076986653,0.0026186081765665614,0.0028211595531022907,0.001320652104093422,0.000936960701607136,0.0021282882481661177,0.0017874195468501762,0.0021424197395523313,0.0030631078147147365,0.002720526205351981,0.40579562437639444,0.0033273238809357615,0.0005776782387879463,0.057633360597119744,0.05750018199647997,0.008581669314537022,0.0059210948908235235,0.003215556630881163,0.40771579429687266,0.02529023085718201,0.0006556155549179731,0.004246727275063056,0.0020893195901011043,0.3756313136720038,0.0009926302131285838,0.004783295720727472,0.37879676774251564,0.0026464429323272854,0.009058714205574659,0.001178052509196175,0.0018901940296590029,0.0646896852959691,0.07202821159553102,0.0009057001297527845,0.0018066897623768311,0.006180600459915811,0.0015176365294770065,0.01907108996621289,0.02711190856496846,0.00674628834237606,0.006038857319041971,0.015467131435716703,0.0013694699834276146,0.003293065719999486,0.001986973334303981,0.0034159668723583747,0.0756428758013198,0.0013754651615914628,0.0021638310901375035,0.003837342251874564,0.008306319346011708,0.020671802535960362,0.008728551179551304,0.020224733535741966,0.0012200187563431125,0.002356961472415757,0.0033097665734559203,0.3500387545445592,0.3710621314571281,0.09648853850403176,0.0037726799731073435,0.019426090158915044,0.0006307783882391734,0.002047353342954167,0.0015827270352559298,0.003391986159702982,0.00414523747328934,0.002821587780113994,0.020840095751559817,0.051840733809807256,0.36767742515662405,0.0012114542161090437,0.0023501098402285018,0.00619044968118499,0.08112974850227603,0.0005057361008217676,0.0021831013056641587,0.004196624714693753,0.0027727699007798015,0.002962046239952724,0.3448225213149995,0.0018246752968683758,0.09249874743599076,0.0025154054667460312,0.0025368168173312035,0.002959476877882503,0.0027063947139657676,0.001097974058007631,0.08200204692511594,0.0021539818688683246,0.001681219247947722,0.002982601136514489,0.006106945413902818,0.0028275829582778424,0.005389665169299549,0.005932657020139516,0.0005905250491390495,0.09157377709071132,0.014795243254353998,0.3569713216370262,0.34504305822602677,0.007273864020794703,0.06195245823716068,0.002401497081632915,0.0007254165578256345,0.00283229345540658,0.003917420703063108,0.023306683338971654,0.0019899709233859053,0.0069873801499651,0.0067809747303240395,0.0019989636906316776,0.011846472051764081,0.08724226086733099,0.0025479507196354933,0.005333139203754694,0.0070593222879312785,0.10510189661743484,0.32751743954505164,0.007471276673189991,0.002082039730902146,0.02596297549256812,0.00751581228240715,0.09217714895020149,0.0055057146894711825,0.02062041529455595,0.2470347420574595,0.006004599158105695,0.007848116443489022,0.0031123539210606327,0.0054504734049614385,0.0016520998111518878,0.004355925163047435,0.0027642053605457326,0.30976528877488535,0.22073475190668077,0.0015925762565251092,0.010537382076986653,0.0007609593997970204,0.002453312550049032,0.0034562202114584986,0.015879085820975414,0.004491244898745723,0.05670111039264135,0.0032528123808993623,0.0247669374488804,0.0007558206756565791,0.3136647239434569
