library_id,wo,mut_count,ddelta,x_477,x_478,x_484,x_493,x_496,x_498,x_501,x_505
1,OOOOOOOO,8,0.5312848050339358,1,1,1,1,1,1,1,1
1,OOOOOOOW,7,0.0161236056161265,1,1,1,1,1,1,1,0
1,OOOOOOWO,7,-1.3244133166560796,1,1,1,1,1,1,0,1
1,OOOOOOWW,6,-4.241920526698295,1,1,1,1,1,1,0,0
1,OOOOOWOO,7,-1.0039951181940112,1,1,1,1,1,0,1,1
1,OOOOOWOW,6,0.8178091097250844,1,1,1,1,1,0,1,0
1,OOOOOWWO,6,-2.2438982950261663,1,1,1,1,1,0,0,1
1,OOOOOWWW,5,-1.975832386725298,1,1,1,1,1,0,0,0
1,OOOOWOOO,7,-0.2036557043725337,1,1,1,1,0,1,1,1
1,OOOOWOOW,6,-0.2610664240050931,1,1,1,1,0,1,1,0
1,OOOOWOWO,6,-0.3036057598211752,1,1,1,1,0,1,0,1
1,OOOOWOWW,5,-0.8695318527946427,1,1,1,1,0,1,0,0
1,OOOOWWOO,6,-0.1868929573419746,1,1,1,1,0,0,1,1
1,OOOOWWOW,5,-0.4797545518176432,1,1,1,1,0,0,1,0
1,OOOOWWWO,5,-0.9717361097935516,1,1,1,1,0,0,0,1
1,OOOOWWWW,4,0.2397014392802191,1,1,1,1,0,0,0,0
1,OOOWOOOO,7,-4.2430317730544145,1,1,1,0,1,1,1,1
1,OOOWOOOW,6,-0.101719097511616,1,1,1,0,1,1,1,0
1,OOOWOOWO,6,-1.793009096290557,1,1,1,0,1,1,0,1
1,OOOWOOWW,5,-0.8005384011037753,1,1,1,0,1,1,0,0
1,OOOWOWOO,6,0.2948007359132479,1,1,1,0,1,0,1,1
1,OOOWOWOW,5,-0.030722975170918,1,1,1,0,1,0,1,0
1,OOOWOWWO,5,-2.993899756075626,1,1,1,0,1,0,0,1
1,OOOWOWWW,4,-1.0781803538864794,1,1,1,0,1,0,0,0
1,OOOWWOOO,6,0.6111860525586681,1,1,1,0,0,1,1,1
1,OOOWWOOW,5,1.711247690579918,1,1,1,0,0,1,1,0
1,OOOWWOWO,5,-0.4736286838589003,1,1,1,0,0,1,0,1
1,OOOWWOWW,4,-1.7960083481228308,1,1,1,0,0,1,0,0
1,OOOWWWOO,5,-0.2092484709376461,1,1,1,0,0,0,1,1
1,OOOWWWOW,4,-0.0105972729988822,1,1,1,0,0,0,1,0
1,OOOWWWWO,4,0.0809588326465073,1,1,1,0,0,0,0,1
1,OOOWWWWW,3,-1.3676800256755954,1,1,1,0,0,0,0,0
1,OOWOOOOO,7,1.1340150862492528,1,1,0,1,1,1,1,1
1,OOWOOOOW,6,0.9379229769780296,1,1,0,1,1,1,1,0
1,OOWOOOWO,6,0.5522335603017225,1,1,0,1,1,1,0,1
1,OOWOOOWW,5,-1.401102131900421,1,1,0,1,1,1,0,0
1,OOWOOWOO,6,-0.3148782852487056,1,1,0,1,1,0,1,1
1,OOWOOWOW,5,0.0220095738344002,1,1,0,1,1,0,1,0
1,OOWOOWWO,5,-1.463219118160121,1,1,0,1,1,0,0,1
1,OOWOOWWW,4,-1.182897720961368,1,1,0,1,1,0,0,0
1,OOWOWOOO,6,-0.1451324659097083,1,1,0,1,0,1,1,1
1,OOWOWOOW,5,1.342254906999789,1,1,0,1,0,1,1,0
1,OOWOWOWO,5,0.3731641318534773,1,1,0,1,0,1,0,1
1,OOWOWOWW,4,-2.2752109933862217,1,1,0,1,0,1,0,0
1,OOWOWWOO,5,-0.0446885252048102,1,1,0,1,0,0,1,1
1,OOWOWWOW,4,0.5584796384696077,1,1,0,1,0,0,1,0
1,OOWOWWWO,4,-1.029239479425113,1,1,0,1,0,0,0,1
1,OOWOWWWW,3,0.3940272123317545,1,1,0,1,0,0,0,0
1,OOWWOOOO,6,1.007344104356105,1,1,0,0,1,1,1,1
1,OOWWOOOW,5,-1.3952085112507842,1,1,0,0,1,1,1,0
1,OOWWOOWO,5,0.0848759650165043,1,1,0,0,1,1,0,1
1,OOWWOOWW,4,-0.3239078552347625,1,1,0,0,1,1,0,0
1,OOWWOWOO,5,0.1711089180811564,1,1,0,0,1,0,1,1
1,OOWWOWOW,4,0.6479792047367596,1,1,0,0,1,0,1,0
1,OOWWOWWO,4,-0.8975230403324955,1,1,0,0,1,0,0,1
1,OOWWOWWW,3,0.0773337455146342,1,1,0,0,1,0,0,0
1,OOWWWOOO,5,0.6636692364651086,1,1,0,0,0,1,1,1
1,OOWWWOOW,4,0.4617745337074833,1,1,0,0,0,1,1,0
1,OOWWWOWO,4,-1.1914522820239433,1,1,0,0,0,1,0,1
1,OOWWWOWW,3,-0.675257689158008,1,1,0,0,0,1,0,0
1,OOWWWWOO,4,0.95981692291885,1,1,0,0,0,0,1,1
1,OOWWWWOW,3,0.9918406682539698,1,1,0,0,0,0,1,0
1,OOWWWWWO,3,-1.060943499960725,1,1,0,0,0,0,0,1
1,OOWWWWWW,2,0.8657551785421247,1,1,0,0,0,0,0,0
1,OWOOOOOO,7,-0.1173764571359502,1,0,1,1,1,1,1,1
1,OWOOOOOW,6,-0.0949927097424483,1,0,1,1,1,1,1,0
1,OWOOOOWO,6,-2.031389014303032,1,0,1,1,1,1,0,1
1,OWOOOOWW,5,-4.795267621519672,1,0,1,1,1,1,0,0
1,OWOOOWOO,6,-1.4216844049775168,1,0,1,1,1,0,1,1
1,OWOOOWOW,5,1.203166947949909,1,0,1,1,1,0,1,0
1,OWOOOWWO,5,-0.4347278811956743,1,0,1,1,1,0,0,1
1,OWOOOWWW,4,-1.3954775953408651,1,0,1,1,1,0,0,0
1,OWOOWOOO,6,0.6666477621239233,1,0,1,1,0,1,1,1
1,OWOOWOOW,5,0.3128052279531961,1,0,1,1,0,1,1,0
1,OWOOWOWO,5,-2.4167920705174564,1,0,1,1,0,1,0,1
1,OWOOWOWW,4,-0.4528699655128048,1,0,1,1,0,1,0,0
1,OWOOWWOO,5,0.4962228302154863,1,0,1,1,0,0,1,1
1,OWOOWWOW,4,0.0621645532758575,1,0,1,1,0,0,1,0
1,OWOOWWWO,4,-0.0835146562752669,1,0,1,1,0,0,0,1
1,OWOOWWWW,3,-0.3598588288048556,1,0,1,1,0,0,0,0
1,OWOWOOOO,6,1.011504015681316,1,0,1,0,1,1,1,1
1,OWOWOOOW,5,0.3434796152361166,1,0,1,0,1,1,1,0
1,OWOWOOWO,5,-1.837698011724572,1,0,1,0,1,1,0,1
1,OWOWOOWW,4,-1.9141624260493784,1,0,1,0,1,1,0,0
1,OWOWOWOO,5,-1.4667511460478424,1,0,1,0,1,0,1,1
1,OWOWOWOW,4,0.026896699465714,1,0,1,0,1,0,1,0
1,OWOWOWWO,4,-1.5915961634756948,1,0,1,0,1,0,0,1
1,OWOWOWWW,3,-2.859425963947354,1,0,1,0,1,0,0,0
1,OWOWWOOO,5,0.5261076514019336,1,0,1,0,0,1,1,1
1,OWOWWOOW,4,-0.53639922048268,1,0,1,0,0,1,1,0
1,OWOWWOWO,4,-2.6534065730470684,1,0,1,0,0,1,0,1
1,OWOWWOWW,3,-3.328275256505707,1,0,1,0,0,1,0,0
1,OWOWWWOO,4,-1.8934703267431123,1,0,1,0,0,0,1,1
1,OWOWWWOW,3,-1.2384054906644812,1,0,1,0,0,0,1,0
1,OWOWWWWO,3,-3.061959923097001,1,0,1,0,0,0,0,1
1,OWOWWWWW,2,-0.0976591896880845,1,0,1,0,0,0,0,0
1,OWWOOOOO,6,0.8666196367683481,1,0,0,1,1,1,1,1
1,OWWOOOOW,5,-0.2069833614602269,1,0,0,1,1,1,1,0
1,OWWOOOWO,5,-1.6546690497153311,1,0,0,1,1,1,0,1
1,OWWOOOWW,4,-4.380465937671078,1,0,0,1,1,1,0,0
1,OWWOOWOO,5,-1.0206397762834651,1,0,0,1,1,0,1,1
1,OWWOOWOW,4,0.8906301571235551,1,0,0,1,1,0,1,0
1,OWWOOWWO,4,-5.524144533559121,1,0,0,1,1,0,0,1
1,OWWOOWWW,3,-4.34124485152118,1,0,0,1,1,0,0,0
1,OWWOWOOO,5,-0.025916241885496,1,0,0,1,0,1,1,1
1,OWWOWOOW,4,-0.1596334924017212,1,0,0,1,0,1,1,0
1,OWWOWOWO,4,0.2667545620182734,1,0,0,1,0,1,0,1
1,OWWOWOWW,3,-1.3578124234990614,1,0,0,1,0,1,0,0
1,OWWOWWOO,4,0.7028596727090476,1,0,0,1,0,0,1,1
1,OWWOWWOW,3,0.4741239995990028,1,0,0,1,0,0,1,0
1,OWWOWWWO,3,-0.8647305722967286,1,0,0,1,0,0,0,1
1,OWWOWWWW,2,-0.0259900158131077,1,0,0,1,0,0,0,0
1,OWWWOOOO,5,3.575571187999444,1,0,0,0,1,1,1,1
1,OWWWOOOW,4,0.9422930649138438,1,0,0,0,1,1,1,0
1,OWWWOOWO,4,0.0320991081279296,1,0,0,0,1,1,0,1
1,OWWWOOWW,3,-0.0206712159126963,1,0,0,0,1,1,0,0
1,OWWWOWOO,4,-0.0701619967647396,1,0,0,0,1,0,1,1
1,OWWWOWOW,3,-0.4655035532104041,1,0,0,0,1,0,1,0
1,OWWWOWWO,3,-1.193039689375697,1,0,0,0,1,0,0,1
1,OWWWOWWW,2,-1.284511520413227,1,0,0,0,1,0,0,0
1,OWWWWOOO,4,1.339059544814838,1,0,0,0,0,1,1,1
1,OWWWWOOW,3,0.3787123979426411,1,0,0,0,0,1,1,0
1,OWWWWOWO,3,-0.1798774783862918,1,0,0,0,0,1,0,1
1,OWWWWOWW,2,1.1597541689983883,1,0,0,0,0,1,0,0
1,OWWWWWOO,3,-0.7158901725460095,1,0,0,0,0,0,1,1
1,OWWWWWOW,2,0.3549021821675754,1,0,0,0,0,0,1,0
1,OWWWWWWO,2,-0.9612777005309336,1,0,0,0,0,0,0,1
1,OWWWWWWW,1,0.2013577232468274,1,0,0,0,0,0,0,0
1,WOOOOOOO,7,0.3897423055051205,0,1,1,1,1,1,1,1
1,WOOOOOOW,6,1.391537771228118,0,1,1,1,1,1,1,0
1,WOOOOOWO,6,-0.7957135379488098,0,1,1,1,1,1,0,1
1,WOOOOOWW,5,-4.44217927477742,0,1,1,1,1,1,0,0
1,WOOOOWOO,6,-1.38970244356989,0,1,1,1,1,0,1,1
1,WOOOOWOW,5,1.2069097426562465,0,1,1,1,1,0,1,0
1,WOOOOWWO,5,-6.054554233899022,0,1,1,1,1,0,0,1
1,WOOOOWWW,4,-4.449744486224469,0,1,1,1,1,0,0,0
1,WOOOWOOO,6,3.4164625768736956,0,1,1,1,0,1,1,1
1,WOOOWOOW,5,0.5549004937244519,0,1,1,1,0,1,1,0
1,WOOOWOWO,5,-1.2626263702689784,0,1,1,1,0,1,0,1
1,WOOOWOWW,4,-2.410897105025449,0,1,1,1,0,1,0,0
1,WOOOWWOO,5,0.0418532926575728,0,1,1,1,0,0,1,1
1,WOOOWWOW,4,-0.2952844090348651,0,1,1,1,0,0,1,0
1,WOOOWWWO,4,-2.2513147056897753,0,1,1,1,0,0,0,1
1,WOOOWWWW,3,-0.7453972352270843,0,1,1,1,0,0,0,0
1,WOOWOOOO,6,1.3607657934300132,0,1,1,0,1,1,1,1
1,WOOWOOOW,5,0.229056252089985,0,1,1,0,1,1,1,0
1,WOOWOOWO,5,-0.5051307718043136,0,1,1,0,1,1,0,1
1,WOOWOOWW,4,-3.5524691577025815,0,1,1,0,1,1,0,0
1,WOOWOWOO,5,-0.7518273798963498,0,1,1,0,1,0,1,1
1,WOOWOWOW,4,1.0875882937288386,0,1,1,0,1,0,1,0
1,WOOWOWWO,4,-4.000744609773195,0,1,1,0,1,0,0,1
1,WOOWOWWW,3,0.6861351482752152,0,1,1,0,1,0,0,0
1,WOOWWOOO,5,0.7181157141509334,0,1,1,0,0,1,1,1
1,WOOWWOOW,4,-0.4214354799677018,0,1,1,0,0,1,1,0
1,WOOWWOWO,4,-1.6786595337818018,0,1,1,0,0,1,0,1
1,WOOWWOWW,3,-0.2516310012564511,0,1,1,0,0,1,0,0
1,WOOWWWOO,4,-0.2637408327541579,0,1,1,0,0,0,1,1
1,WOOWWWOW,3,-0.9362320027628656,0,1,1,0,0,0,1,0
1,WOOWWWWO,3,-1.9235354692196576,0,1,1,0,0,0,0,1
1,WOOWWWWW,2,-0.1545934879589745,0,1,1,0,0,0,0,0
1,WOWOOOOO,6,-0.3958536588858914,0,1,0,1,1,1,1,1
1,WOWOOOOW,5,0.3515516461405973,0,1,0,1,1,1,1,0
1,WOWOOOWO,5,-2.357852371671735,0,1,0,1,1,1,0,1
1,WOWOOOWW,4,-3.5576688921439747,0,1,0,1,1,1,0,0
1,WOWOOWOO,5,-1.988245625090372,0,1,0,1,1,0,1,1
1,WOWOOWOW,4,1.416059477233525,0,1,0,1,1,0,1,0
1,WOWOOWWO,4,-3.8016507223772704,0,1,0,1,1,0,0,1
1,WOWOOWWW,3,-4.466301331710586,0,1,0,1,1,0,0,0
1,WOWOWOOO,5,0.8347191910752125,0,1,0,1,0,1,1,1
1,WOWOWOOW,4,0.1727303781748663,0,1,0,1,0,1,1,0
1,WOWOWOWO,4,-1.453128440730325,0,1,0,1,0,1,0,1
1,WOWOWOWW,3,-1.1975161552363809,0,1,0,1,0,1,0,0
1,WOWOWWOO,4,-0.4967578512752352,0,1,0,1,0,0,1,1
1,WOWOWWOW,3,0.1174157080664106,0,1,0,1,0,0,1,0
1,WOWOWWWO,3,-4.853224686498,0,1,0,1,0,0,0,1
1,WOWOWWWW,2,-0.1652380177287953,0,1,0,1,0,0,0,0
1,WOWWOOOO,5,2.019008080654355,0,1,0,0,1,1,1,1
1,WOWWOOOW,4,0.7199898027094931,0,1,0,0,1,1,1,0
1,WOWWOOWO,4,-0.1542603910462895,0,1,0,0,1,1,0,1
1,WOWWOOWW,3,-0.9390839698025986,0,1,0,0,1,1,0,0
1,WOWWOWOO,4,0.906853954489921,0,1,0,0,1,0,1,1
1,WOWWOWOW,3,1.0369293203306524,0,1,0,0,1,0,1,0
1,WOWWOWWO,3,-2.728092610736215,0,1,0,0,1,0,0,1
1,WOWWOWWW,2,-1.0496676084823122,0,1,0,0,1,0,0,0
1,WOWWWOOO,4,1.1940225437909535,0,1,0,0,0,1,1,1
1,WOWWWOOW,3,0.7309450173976125,0,1,0,0,0,1,1,0
1,WOWWWOWO,3,0.3695863227749542,0,1,0,0,0,1,0,1
1,WOWWWOWW,2,-0.3818790753918778,0,1,0,0,0,1,0,0
1,WOWWWWOO,3,-0.0211034537018093,0,1,0,0,0,0,1,1
1,WOWWWWOW,2,0.8541037199675112,0,1,0,0,0,0,1,0
1,WOWWWWWO,2,-0.2505328306042767,0,1,0,0,0,0,0,1
1,WOWWWWWW,1,1.238939042277788,0,1,0,0,0,0,0,0
1,WWOOOOOO,6,-0.2959528833651051,0,0,1,1,1,1,1,1
1,WWOOOOOW,5,0.8499534391435548,0,0,1,1,1,1,1,0
1,WWOOOOWO,5,-1.3365709489923612,0,0,1,1,1,1,0,1
1,WWOOOOWW,4,-0.7748147424633962,0,0,1,1,1,1,0,0
1,WWOOOWOO,5,1.130498107251316,0,0,1,1,1,0,1,1
1,WWOOOWOW,4,-0.0004200054030543,0,0,1,1,1,0,1,0
1,WWOOOWWO,4,-7.149398317559133,0,0,1,1,1,0,0,1
1,WWOOOWWW,3,-3.864316972757355,0,0,1,1,1,0,0,0
1,WWOOWOOO,5,1.4093153893521784,0,0,1,1,0,1,1,1
1,WWOOWOOW,4,-0.2974357787777402,0,0,1,1,0,1,1,0
1,WWOOWOWO,4,-0.5773591389281192,0,0,1,1,0,1,0,1
1,WWOOWOWW,3,-1.0082340402931274,0,0,1,1,0,1,0,0
1,WWOOWWOO,4,0.630462574848418,0,0,1,1,0,0,1,1
1,WWOOWWOW,3,0.1272454044741914,0,0,1,1,0,0,1,0
1,WWOOWWWO,3,-2.814924822539176,0,0,1,1,0,0,0,1
1,WWOOWWWW,2,1.0007266265871746,0,0,1,1,0,0,0,0
1,WWOWOOOO,5,0.4539326419822193,0,0,1,0,1,1,1,1
1,WWOWOOOW,4,1.0826350552458417,0,0,1,0,1,1,1,0
1,WWOWOOWO,4,-0.5999573572195562,0,0,1,0,1,1,0,1
1,WWOWOOWW,3,-0.6669759629113678,0,0,1,0,1,1,0,0
1,WWOWOWOO,4,-0.8177242644021276,0,0,1,0,1,0,1,1
1,WWOWOWOW,3,0.3127818115096052,0,0,1,0,1,0,1,0
1,WWOWOWWO,3,-2.6165513411268178,0,0,1,0,1,0,0,1
1,WWOWOWWW,2,0.1473612955318213,0,0,1,0,1,0,0,0
1,WWOWWOOO,4,0.9514307718341756,0,0,1,0,0,1,1,1
1,WWOWWOOW,3,-1.723912354222156,0,0,1,0,0,1,1,0
1,WWOWWOWO,3,-0.7154811648313519,0,0,1,0,0,1,0,1
1,WWOWWOWW,2,-1.7808581738457754,0,0,1,0,0,1,0,0
1,WWOWWWOO,3,-0.3896331132091998,0,0,1,0,0,0,1,1
1,WWOWWWOW,2,-0.5535318585749873,0,0,1,0,0,0,1,0
1,WWOWWWWO,2,-0.253624760940657,0,0,1,0,0,0,0,1
1,WWOWWWWW,1,-0.868673660828471,0,0,1,0,0,0,0,0
1,WWWOOOOO,5,-0.1124073205607569,0,0,0,1,1,1,1,1
1,WWWOOOOW,4,0.8379960061948981,0,0,0,1,1,1,1,0
1,WWWOOOWO,4,-2.879699784531533,0,0,0,1,1,1,0,1
1,WWWOOOWW,3,-2.8640063317977544,0,0,0,1,1,1,0,0
1,WWWOOWOO,4,-1.1577355376906384,0,0,0,1,1,0,1,1
1,WWWOOWOW,3,0.9094355878491284,0,0,0,1,1,0,1,0
1,WWWOOWWO,3,-5.515051455417682,0,0,0,1,1,0,0,1
1,WWWOOWWW,2,-4.700530765920324,0,0,0,1,1,0,0,0
1,WWWOWOOO,4,2.392247785377773,0,0,0,1,0,1,1,1
1,WWWOWOOW,3,0.8429664599156617,0,0,0,1,0,1,1,0
1,WWWOWOWO,3,-0.7721479766513473,0,0,0,1,0,1,0,1
1,WWWOWOWW,2,-2.247307786093552,0,0,0,1,0,1,0,0
1,WWWOWWOO,3,1.3295707825929488,0,0,0,1,0,0,1,1
1,WWWOWWOW,2,-0.5484837546641959,0,0,0,1,0,0,1,0
1,WWWOWWWO,2,-0.369845108415086,0,0,0,1,0,0,0,1
1,WWWOWWWW,1,-0.645593568255532,0,0,0,1,0,0,0,0
1,WWWWOOOO,4,-2.1477114091538576,0,0,0,0,1,1,1,1
1,WWWWOOOW,3,0.0929282530324871,0,0,0,0,1,1,1,0
1,WWWWOOWO,3,-0.1395960570026954,0,0,0,0,1,1,0,1
1,WWWWOOWW,2,-0.5832471349042575,0,0,0,0,1,1,0,0
1,WWWWOWOO,3,-0.4487608092325755,0,0,0,0,1,0,1,1
1,WWWWOWOW,2,0.9409358526715176,0,0,0,0,1,0,1,0
1,WWWWOWWO,2,-5.329821271395819,0,0,0,0,1,0,0,1
1,WWWWOWWW,1,-1.087615748737118,0,0,0,0,1,0,0,0
1,WWWWWOOO,3,0.9972934330845308,0,0,0,0,0,1,1,1
1,WWWWWOOW,2,-0.0606369469346363,0,0,0,0,0,1,1,0
1,WWWWWOWO,2,-0.5746722431497564,0,0,0,0,0,1,0,1
1,WWWWWOWW,1,-1.0273762242729243,0,0,0,0,0,1,0,0
1,WWWWWWOO,2,0.8982220279552671,0,0,0,0,0,0,1,1
1,WWWWWWOW,1,0.7426659489732474,0,0,0,0,0,0,1,0
1,WWWWWWWO,1,-0.9445579342348038,0,0,0,0,0,0,0,1
1,WWWWWWWW,0,0.2592622080110955,0,0,0,0,0,0,0,0
2,OOOOOOOO,8,1.030555194897054,1,1,1,1,1,1,1,1
2,OOOOOOOW,7,1.248761588056295,1,1,1,1,1,1,1,0
2,OOOOOOWO,7,-0.1281430158746352,1,1,1,1,1,1,0,1
2,OOOOOOWW,6,-3.2445343192407643,1,1,1,1,1,1,0,0
2,OOOOOWOO,7,0.9383525064526358,1,1,1,1,1,0,1,1
2,OOOOOWOW,6,1.1068743044796117,1,1,1,1,1,0,1,0
2,OOOOOWWO,6,-3.2588651876283925,1,1,1,1,1,0,0,1
2,OOOOOWWW,5,-2.5884332652810644,1,1,1,1,1,0,0,0
2,OOOOWOOO,7,2.7031057479167817,1,1,1,1,0,1,1,1
2,OOOOWOOW,6,0.6277997939396653,1,1,1,1,0,1,1,0
2,OOOOWOWO,6,0.1076765763653592,1,1,1,1,0,1,0,1
2,OOOOWOWW,5,-1.817259091434483,1,1,1,1,0,1,0,0
2,OOOOWWOO,6,0.0782293892793168,1,1,1,1,0,0,1,1
2,OOOOWWOW,5,-0.6486876867494141,1,1,1,1,0,0,1,0
2,OOOOWWWO,5,-0.948157478744246,1,1,1,1,0,0,0,1
2,OOOOWWWW,4,-0.0868885289153199,1,1,1,1,0,0,0,0
2,OOOWOOOO,7,0.1323667589783014,1,1,1,0,1,1,1,1
2,OOOWOOOW,6,0.2849503084793224,1,1,1,0,1,1,1,0
2,OOOWOOWO,6,-1.414471974395806,1,1,1,0,1,1,0,1
2,OOOWOOWW,5,-1.2451693795619705,1,1,1,0,1,1,0,0
2,OOOWOWOO,6,0.5920874462422593,1,1,1,0,1,0,1,1
2,OOOWOWOW,5,0.8764293918835322,1,1,1,0,1,0,1,0
2,OOOWOWWO,5,-3.899276987470862,1,1,1,0,1,0,0,1
2,OOOWOWWW,4,-0.6111797619916342,1,1,1,0,1,0,0,0
2,OOOWWOOO,6,0.1339549836390904,1,1,1,0,0,1,1,1
2,OOOWWOOW,5,0.2678439523354415,1,1,1,0,0,1,1,0
2,OOOWWOWO,5,-0.3644101924604959,1,1,1,0,0,1,0,1
2,OOOWWOWW,4,-2.4051699075147304,1,1,1,0,0,1,0,0
2,OOOWWWOO,5,0.2388095612487101,1,1,1,0,0,0,1,1
2,OOOWWWOW,4,-0.463389096418945,1,1,1,0,0,0,1,0
2,OOOWWWWO,4,-1.883696542411454,1,1,1,0,0,0,0,1
2,OOOWWWWW,3,0.3649722500041684,1,1,1,0,0,0,0,0
2,OOWOOOOO,7,1.873950802882528,1,1,0,1,1,1,1,1
2,OOWOOOOW,6,0.3646277093045477,1,1,0,1,1,1,1,0
2,OOWOOOWO,6,0.1050961722920189,1,1,0,1,1,1,0,1
2,OOWOOOWW,5,-1.3099304916610843,1,1,0,1,1,1,0,0
2,OOWOOWOO,6,1.499334019669668,1,1,0,1,1,0,1,1
2,OOWOOWOW,5,1.4888987522352344,1,1,0,1,1,0,1,0
2,OOWOOWWO,5,-2.11465071522002,1,1,0,1,1,0,0,1
2,OOWOOWWW,4,-2.6648932062394253,1,1,0,1,1,0,0,0
2,OOWOWOOO,6,1.4521501625540698,1,1,0,1,0,1,1,1
2,OOWOWOOW,5,1.4980613416944697,1,1,0,1,0,1,1,0
2,OOWOWOWO,5,0.4355608087754014,1,1,0,1,0,1,0,1
2,OOWOWOWW,4,-1.2322948197214445,1,1,0,1,0,1,0,0
2,OOWOWWOO,5,1.1797631298686786,1,1,0,1,0,0,1,1
2,OOWOWWOW,4,0.5501575237628377,1,1,0,1,0,0,1,0
2,OOWOWWWO,4,-0.4915156363011014,1,1,0,1,0,0,0,1
2,OOWOWWWW,3,0.0269049272915025,1,1,0,1,0,0,0,0
2,OOWWOOOO,6,1.297206811592258,1,1,0,0,1,1,1,1
2,OOWWOOOW,5,1.244418951301102,1,1,0,0,1,1,1,0
2,OOWWOOWO,5,0.7819164287481662,1,1,0,0,1,1,0,1
2,OOWWOOWW,4,0.1653985448083776,1,1,0,0,1,1,0,0
2,OOWWOWOO,5,1.575876246388468,1,1,0,0,1,0,1,1
2,OOWWOWOW,4,1.6632254683877803,1,1,0,0,1,0,1,0
2,OOWWOWWO,4,-1.6203590734876692,1,1,0,0,1,0,0,1
2,OOWWOWWW,3,-0.3879884572094479,1,1,0,0,1,0,0,0
2,OOWWWOOO,5,0.8274672742015481,1,1,0,0,0,1,1,1
2,OOWWWOOW,4,1.679151497397764,1,1,0,0,0,1,1,0
2,OOWWWOWO,4,0.9059496313779704,1,1,0,0,0,1,0,1
2,OOWWWOWW,3,0.4100777780156355,1,1,0,0,0,1,0,0
2,OOWWWWOO,4,0.1746911695024502,1,1,0,0,0,0,1,1
2,OOWWWWOW,3,1.3484229002785966,1,1,0,0,0,0,1,0
2,OOWWWWWO,3,0.4872219479242621,1,1,0,0,0,0,0,1
2,OOWWWWWW,2,1.5788780931452515,1,1,0,0,0,0,0,0
2,OWOOOOOO,7,2.0543622106443507,1,0,1,1,1,1,1,1
2,OWOOOOOW,6,0.2595325749633747,1,0,1,1,1,1,1,0
2,OWOOOOWO,6,-1.8482341613686104,1,0,1,1,1,1,0,1
2,OWOOOOWW,5,-2.026009429949352,1,0,1,1,1,1,0,0
2,OWOOOWOO,6,0.0724278078995129,1,0,1,1,1,0,1,1
2,OWOOOWOW,5,0.5834118491340154,1,0,1,1,1,0,1,0
2,OWOOOWWO,5,-5.510102740302887,1,0,1,1,1,0,0,1
2,OWOOOWWW,4,-1.4927802198194395,1,0,1,1,1,0,0,0
2,OWOOWOOO,6,1.0774782209831395,1,0,1,1,0,1,1,1
2,OWOOWOOW,5,0.0031574044063997,1,0,1,1,0,1,1,0
2,OWOOWOWO,5,-0.4510386511667728,1,0,1,1,0,1,0,1
2,OWOOWOWW,4,-1.9089012920146664,1,0,1,1,0,1,0,0
2,OWOOWWOO,5,0.2582929360091313,1,0,1,1,0,0,1,1
2,OWOOWWOW,4,0.1015001953213807,1,0,1,1,0,0,1,0
2,OWOOWWWO,4,-1.1682377304860152,1,0,1,1,0,0,0,1
2,OWOOWWWW,3,0.5651319431431564,1,0,1,1,0,0,0,0
2,OWOWOOOO,6,-0.5348373656044634,1,0,1,0,1,1,1,1
2,OWOWOOOW,5,-0.1912951045207452,1,0,1,0,1,1,1,0
2,OWOWOOWO,5,-1.4788239684928932,1,0,1,0,1,1,0,1
2,OWOWOOWW,4,-1.7813127163563105,1,0,1,0,1,1,0,0
2,OWOWOWOO,5,0.2948345999186584,1,0,1,0,1,0,1,1
2,OWOWOWOW,4,0.1623481779854954,1,0,1,0,1,0,1,0
2,OWOWOWWO,4,-3.211469810188291,1,0,1,0,1,0,0,1
2,OWOWOWWW,3,-0.562635082848271,1,0,1,0,1,0,0,0
2,OWOWWOOO,5,-0.8228840896163375,1,0,1,0,0,1,1,1
2,OWOWWOOW,4,-0.402116562550195,1,0,1,0,0,1,1,0
2,OWOWWOWO,4,-2.6485659026014536,1,0,1,0,0,1,0,1
2,OWOWWOWW,3,-1.53981724699619,1,0,1,0,0,1,0,0
2,OWOWWWOO,4,-0.4230524455110969,1,0,1,0,0,0,1,1
2,OWOWWWOW,3,-0.0713072892155253,1,0,1,0,0,0,1,0
2,OWOWWWWO,3,-1.1729814476699518,1,0,1,0,0,0,0,1
2,OWOWWWWW,2,-0.4760512445304409,1,0,1,0,0,0,0,0
2,OWWOOOOO,6,1.2415105763321197,1,0,0,1,1,1,1,1
2,OWWOOOOW,5,0.6103421263986264,1,0,0,1,1,1,1,0
2,OWWOOOWO,5,-0.8825043018081233,1,0,0,1,1,1,0,1
2,OWWOOOWW,4,-3.627686082061959,1,0,0,1,1,1,0,0
2,OWWOOWOO,5,0.7510648462104279,1,0,0,1,1,0,1,1
2,OWWOOWOW,4,-0.1009315432901429,1,0,0,1,1,0,1,0
2,OWWOOWWO,4,-4.372687977794983,1,0,0,1,1,0,0,1
2,OWWOOWWW,3,-1.5671480393652286,1,0,0,1,1,0,0,0
2,OWWOWOOO,5,1.6850118527449254,1,0,0,1,0,1,1,1
2,OWWOWOOW,4,0.7144067047631004,1,0,0,1,0,1,1,0
2,OWWOWOWO,4,-1.452161341772992,1,0,0,1,0,1,0,1
2,OWWOWOWW,3,-1.70377919934058,1,0,0,1,0,1,0,0
2,OWWOWWOO,4,0.9460900128762832,1,0,0,1,0,0,1,1
2,OWWOWWOW,3,1.7437383197808396,1,0,0,1,0,0,1,0
2,OWWOWWWO,3,-1.5289913460486255,1,0,0,1,0,0,0,1
2,OWWOWWWW,2,0.0781132072534695,1,0,0,1,0,0,0,0
2,OWWWOOOO,5,3.659814565004353,1,0,0,0,1,1,1,1
2,OWWWOOOW,4,1.149993717830459,1,0,0,0,1,1,1,0
2,OWWWOOWO,4,-0.0358116389370323,1,0,0,0,1,1,0,1
2,OWWWOOWW,3,-1.2122412573237242,1,0,0,0,1,1,0,0
2,OWWWOWOO,4,0.8611065611377193,1,0,0,0,1,0,1,1
2,OWWWOWOW,3,1.6634919314051066,1,0,0,0,1,0,1,0
2,OWWWOWWO,3,-3.1019272333255232,1,0,0,0,1,0,0,1
2,OWWWOWWW,2,0.2622494809114681,1,0,0,0,1,0,0,0
2,OWWWWOOO,4,0.1386484964547686,1,0,0,0,0,1,1,1
2,OWWWWOOW,3,1.363139557638359,1,0,0,0,0,1,1,0
2,OWWWWOWO,3,-1.810641122250332,1,0,0,0,0,1,0,1
2,OWWWWOWW,2,-1.7496585760223256,1,0,0,0,0,1,0,0
2,OWWWWWOO,3,0.4630006047976635,1,0,0,0,0,0,1,1
2,OWWWWWOW,2,1.1268876977671958,1,0,0,0,0,0,1,0
2,OWWWWWWO,2,-0.4225744189378167,1,0,0,0,0,0,0,1
2,OWWWWWWW,1,1.0145319615327644,1,0,0,0,0,0,0,0
2,WOOOOOOO,7,0.3897361868526794,0,1,1,1,1,1,1,1
2,WOOOOOOW,6,-0.8846961116824353,0,1,1,1,1,1,1,0
2,WOOOOOWO,6,-2.282910668265619,0,1,1,1,1,1,0,1
2,WOOOOOWW,5,-5.752873551230126,0,1,1,1,1,1,0,0
2,WOOOOWOO,6,-0.635881860404111,0,1,1,1,1,0,1,1
2,WOOOOWOW,5,-0.3474914176130715,0,1,1,1,1,0,1,0
2,WOOOOWWO,5,-4.88970179219472,0,1,1,1,1,0,0,1
2,WOOOOWWW,4,-2.65817772281027,0,1,1,1,1,0,0,0
2,WOOOWOOO,6,1.4516196177933849,0,1,1,1,0,1,1,1
2,WOOOWOOW,5,-0.3971340787221219,0,1,1,1,0,1,1,0
2,WOOOWOWO,5,-1.21155337793826,0,1,1,1,0,1,0,1
2,WOOOWOWW,4,-3.0229950787661415,0,1,1,1,0,1,0,0
2,WOOOWWOO,5,0.4532396301125267,0,1,1,1,0,0,1,1
2,WOOOWWOW,4,1.070053110915445,0,1,1,1,0,0,1,0
2,WOOOWWWO,4,-2.7269018272068015,0,1,1,1,0,0,0,1
2,WOOOWWWW,3,-0.8103054348830112,0,1,1,1,0,0,0,0
2,WOOWOOOO,6,0.5961458675520981,0,1,1,0,1,1,1,1
2,WOOWOOOW,5,-0.3002176141821551,0,1,1,0,1,1,1,0
2,WOOWOOWO,5,-1.2635870466581105,0,1,1,0,1,1,0,1
2,WOOWOOWW,4,-2.700129824040584,0,1,1,0,1,1,0,0
2,WOOWOWOO,5,0.5047199020268716,0,1,1,0,1,0,1,1
2,WOOWOWOW,4,0.1036201513407744,0,1,1,0,1,0,1,0
2,WOOWOWWO,4,-3.052538403047793,0,1,1,0,1,0,0,1
2,WOOWOWWW,3,-1.4798137605698205,0,1,1,0,1,0,0,0
2,WOOWWOOO,5,0.149231984968867,0,1,1,0,0,1,1,1
2,WOOWWOOW,4,0.6549776568714816,0,1,1,0,0,1,1,0
2,WOOWWOWO,4,-1.540397621299581,0,1,1,0,0,1,0,1
2,WOOWWOWW,3,-1.5120889700716995,0,1,1,0,0,1,0,0
2,WOOWWWOO,4,-0.2413803107338887,0,1,1,0,0,0,1,1
2,WOOWWWOW,3,0.5226986867909046,0,1,1,0,0,0,1,0
2,WOOWWWWO,3,-1.7678541462460708,0,1,1,0,0,0,0,1
2,WOOWWWWW,2,-0.1890008246847871,0,1,1,0,0,0,0,0
2,WOWOOOOO,6,1.5384893849777956,0,1,0,1,1,1,1,1
2,WOWOOOOW,5,1.4235392806270792,0,1,0,1,1,1,1,0
2,WOWOOOWO,5,-1.8348769768981892,0,1,0,1,1,1,0,1
2,WOWOOOWW,4,-3.8770242054279143,0,1,0,1,1,1,0,0
2,WOWOOWOO,5,4.770094620911653,0,1,0,1,1,0,1,1
2,WOWOOWOW,4,-0.3164544580930676,0,1,0,1,1,0,1,0
2,WOWOOWWO,4,-5.979022133382722,0,1,0,1,1,0,0,1
2,WOWOOWWW,3,-0.4112260931031333,0,1,0,1,1,0,0,0
2,WOWOWOOO,5,1.124025932443059,0,1,0,1,0,1,1,1
2,WOWOWOOW,4,1.827431706080581,0,1,0,1,0,1,1,0
2,WOWOWOWO,4,-1.5053828364045938,0,1,0,1,0,1,0,1
2,WOWOWOWW,3,-1.505817955311008,0,1,0,1,0,1,0,0
2,WOWOWWOO,4,1.5334071192761298,0,1,0,1,0,0,1,1
2,WOWOWWOW,3,0.7798368386226283,0,1,0,1,0,0,1,0
2,WOWOWWWO,3,-1.5462376328843446,0,1,0,1,0,0,0,1
2,WOWOWWWW,2,-0.6560485027805306,0,1,0,1,0,0,0,0
2,WOWWOOOO,5,2.9942440871064933,0,1,0,0,1,1,1,1
2,WOWWOOOW,4,2.660128745105997,0,1,0,0,1,1,1,0
2,WOWWOOWO,4,0.26052099566819,0,1,0,0,1,1,0,1
2,WOWWOOWW,3,-1.0494458487291265,0,1,0,0,1,1,0,0
2,WOWWOWOO,4,1.7077567044663522,0,1,0,0,1,0,1,1
2,WOWWOWOW,3,1.583620103317224,0,1,0,0,1,0,1,0
2,WOWWOWWO,3,-3.1391536049374356,0,1,0,0,1,0,0,1
2,WOWWOWWW,2,-0.6045643044834125,0,1,0,0,1,0,0,0
2,WOWWWOOO,4,1.1280849198839071,0,1,0,0,0,1,1,1
2,WOWWWOOW,3,0.4884983937544083,0,1,0,0,0,1,1,0
2,WOWWWOWO,3,0.3853686623285096,0,1,0,0,0,1,0,1
2,WOWWWOWW,2,-0.6047505324243045,0,1,0,0,0,1,0,0
2,WOWWWWOO,3,1.3478303986963391,0,1,0,0,0,0,1,1
2,WOWWWWOW,2,1.2395995125118784,0,1,0,0,0,0,1,0
2,WOWWWWWO,2,-0.6345166585753372,0,1,0,0,0,0,0,1
2,WOWWWWWW,1,-0.1342353835406174,0,1,0,0,0,0,0,0
2,WWOOOOOO,6,2.081749859154251,0,0,1,1,1,1,1,1
2,WWOOOOOW,5,1.3917517420521517,0,0,1,1,1,1,1,0
2,WWOOOOWO,5,-2.89703139264677,0,0,1,1,1,1,0,1
2,WWOOOOWW,4,-4.227516768275369,0,0,1,1,1,1,0,0
2,WWOOOWOO,5,-0.5155916319549225,0,0,1,1,1,0,1,1
2,WWOOOWOW,4,-0.0033386903145806,0,0,1,1,1,0,1,0
2,WWOOOWWO,4,-2.530713579900539,0,0,1,1,1,0,0,1
2,WWOOOWWW,3,-3.151289829882309,0,0,1,1,1,0,0,0
2,WWOOWOOO,5,2.8371965919168276,0,0,1,1,0,1,1,1
2,WWOOWOOW,4,0.4390353787441348,0,0,1,1,0,1,1,0
2,WWOOWOWO,4,-2.0249098778383545,0,0,1,1,0,1,0,1
2,WWOOWOWW,3,-3.8068947271341673,0,0,1,1,0,1,0,0
2,WWOOWWOO,4,1.2212758782509194,0,0,1,1,0,0,1,1
2,WWOOWWOW,3,0.4202820128098541,0,0,1,1,0,0,1,0
2,WWOOWWWO,3,-2.876272480054065,0,0,1,1,0,0,0,1
2,WWOOWWWW,2,1.2962640492429762,0,0,1,1,0,0,0,0
2,WWOWOOOO,5,0.995405171372437,0,0,1,0,1,1,1,1
2,WWOWOOOW,4,0.5493928683637829,0,0,1,0,1,1,1,0
2,WWOWOOWO,4,-1.9300977274426216,0,0,1,0,1,1,0,1
2,WWOWOOWW,3,-2.8926405004928215,0,0,1,0,1,1,0,0
2,WWOWOWOO,4,0.3379717808321046,0,0,1,0,1,0,1,1
2,WWOWOWOW,3,0.3694154113499114,0,0,1,0,1,0,1,0
2,WWOWOWWO,3,-5.4895289751897085,0,0,1,0,1,0,0,1
2,WWOWOWWW,2,-2.4740443364741185,0,0,1,0,1,0,0,0
2,WWOWWOOO,4,0.1655015814080305,0,0,1,0,0,1,1,1
2,WWOWWOOW,3,-0.590667141322436,0,0,1,0,0,1,1,0
2,WWOWWOWO,3,-1.4726612550847673,0,0,1,0,0,1,0,1
2,WWOWWOWW,2,-1.920721542879527,0,0,1,0,0,1,0,0
2,WWOWWWOO,3,-0.0265891673228545,0,0,1,0,0,0,1,1
2,WWOWWWOW,2,-1.034171063313646,0,0,1,0,0,0,1,0
2,WWOWWWWO,2,-1.9796721015337284,0,0,1,0,0,0,0,1
2,WWOWWWWW,1,0.1324898573373701,0,0,1,0,0,0,0,0
2,WWWOOOOO,5,1.5971214083781682,0,0,0,1,1,1,1,1
2,WWWOOOOW,4,0.3124550983556224,0,0,0,1,1,1,1,0
2,WWWOOOWO,4,-1.2200496663882536,0,0,0,1,1,1,0,1
2,WWWOOOWW,3,-3.540479005386761,0,0,0,1,1,1,0,0
2,WWWOOWOO,4,0.9410103841896558,0,0,0,1,1,0,1,1
2,WWWOOWOW,3,1.7165185837289614,0,0,0,1,1,0,1,0
2,WWWOOWWO,3,-5.986311576422828,0,0,0,1,1,0,0,1
2,WWWOOWWW,2,-2.986645230855009,0,0,0,1,1,0,0,0
2,WWWOWOOO,4,2.0861315330165575,0,0,0,1,0,1,1,1
2,WWWOWOOW,3,0.3619501274073092,0,0,0,1,0,1,1,0
2,WWWOWOWO,3,-2.3771689047794777,0,0,0,1,0,1,0,1
2,WWWOWOWW,2,-1.7789319697732615,0,0,0,1,0,1,0,0
2,WWWOWWOO,3,0.9380210356074792,0,0,0,1,0,0,1,1
2,WWWOWWOW,2,1.2233999541259448,0,0,0,1,0,0,1,0
2,WWWOWWWO,2,-3.49134060462704,0,0,0,1,0,0,0,1
2,WWWOWWWW,1,-0.4363419879538723,0,0,0,1,0,0,0,0
2,WWWWOOOO,4,1.9606439115905991,0,0,0,0,1,1,1,1
2,WWWWOOOW,3,0.5841826117456265,0,0,0,0,1,1,1,0
2,WWWWOOWO,3,0.4186867588039956,0,0,0,0,1,1,0,1
2,WWWWOOWW,2,-3.0618706586722615,0,0,0,0,1,1,0,0
2,WWWWOWOO,3,1.1074436567787205,0,0,0,0,1,0,1,1
2,WWWWOWOW,2,1.373294708865416,0,0,0,0,1,0,1,0
2,WWWWOWWO,2,-5.544339443088472,0,0,0,0,1,0,0,1
2,WWWWOWWW,1,0.2562145507301426,0,0,0,0,1,0,0,0
2,WWWWWOOO,3,-0.1457697340595796,0,0,0,0,0,1,1,1
2,WWWWWOOW,2,0.8677460932085329,0,0,0,0,0,1,1,0
2,WWWWWOWO,2,-1.2771158301473384,0,0,0,0,0,1,0,1
2,WWWWWOWW,1,-1.0525393562136085,0,0,0,0,0,1,0,0
2,WWWWWWOO,2,0.5259721361394588,0,0,0,0,0,0,1,1
2,WWWWWWOW,1,0.8951165833885414,0,0,0,0,0,0,1,0
2,WWWWWWWO,1,-0.2721985171319782,0,0,0,0,0,0,0,1
2,WWWWWWWW,0,0.7178036040308651,0,0,0,0,0,0,0,0
3,OOOOOOOO,8,1.239999398302177,1,1,1,1,1,1,1,1
3,OOOOOOOW,7,-1.4497510422265607,1,1,1,1,1,1,1,0
3,OOOOOOWO,7,2.050867226035065,1,1,1,1,1,1,0,1
3,OOOOOOWW,6,-0.7462316157527373,1,1,1,1,1,1,0,0
3,OOOOOWOO,7,1.0217226753242932,1,1,1,1,1,0,1,1
3,OOOOOWOW,6,0.258892645637997,1,1,1,1,1,0,1,0
3,OOOOOWWO,6,-1.1629148905683029,1,1,1,1,1,0,0,1
3,OOOOOWWW,5,-1.077934501266353,1,1,1,1,1,0,0,0
3,OOOOWOOO,7,1.3220922437322684,1,1,1,1,0,1,1,1
3,OOOOWOOW,6,0.274567309915449,1,1,1,1,0,1,1,0
3,OOOOWOWO,6,0.0633318105298924,1,1,1,1,0,1,0,1
3,OOOOWOWW,5,-0.82601175370279,1,1,1,1,0,1,0,0
3,OOOOWWOO,6,-0.4084306788236761,1,1,1,1,0,0,1,1
3,OOOOWWOW,5,1.5829340572504444,1,1,1,1,0,0,1,0
3,OOOOWWWO,5,0.3041777351232326,1,1,1,1,0,0,0,1
3,OOOOWWWW,4,-0.4352468169942309,1,1,1,1,0,0,0,0
3,OOOWOOOO,7,-0.2504456960378176,1,1,1,0,1,1,1,1
3,OOOWOOOW,6,-0.3028580243907701,1,1,1,0,1,1,1,0
3,OOOWOOWO,6,0.8918799426594192,1,1,1,0,1,1,0,1
3,OOOWOOWW,5,0.1256916616241749,1,1,1,0,1,1,0,0
3,OOOWOWOO,6,1.3826550108591675,1,1,1,0,1,0,1,1
3,OOOWOWOW,5,0.6295030115860697,1,1,1,0,1,0,1,0
3,OOOWOWWO,5,0.6195006194962374,1,1,1,0,1,0,0,1
3,OOOWOWWW,4,0.8360613432308779,1,1,1,0,1,0,0,0
3,OOOWWOOO,6,0.1788142869142589,1,1,1,0,0,1,1,1
3,OOOWWOOW,5,-0.9072326254325412,1,1,1,0,0,1,1,0
3,OOOWWOWO,5,0.5429221426722115,1,1,1,0,0,1,0,1
3,OOOWWOWW,4,1.121690081232784,1,1,1,0,0,1,0,0
3,OOOWWWOO,5,-0.2636398994567156,1,1,1,0,0,0,1,1
3,OOOWWWOW,4,-0.3840835861658513,1,1,1,0,0,0,1,0
3,OOOWWWWO,4,-0.7852480610659469,1,1,1,0,0,0,0,1
3,OOOWWWWW,3,-0.3082674015264456,1,1,1,0,0,0,0,0
3,OOWOOOOO,7,0.1792014936271637,1,1,0,1,1,1,1,1
3,OOWOOOOW,6,0.8240735254515201,1,1,0,1,1,1,1,0
3,OOWOOOWO,6,-0.2972261537193598,1,1,0,1,1,1,0,1
3,OOWOOOWW,5,0.8939799618208718,1,1,0,1,1,1,0,0
3,OOWOOWOO,6,-1.7456851573641177,1,1,0,1,1,0,1,1
3,OOWOOWOW,5,0.593420056990571,1,1,0,1,1,0,1,0
3,OOWOOWWO,5,-0.4079750998977724,1,1,0,1,1,0,0,1
3,OOWOOWWW,4,-2.4568288544938297,1,1,0,1,1,0,0,0
3,OOWOWOOO,6,-0.8336960833560068,1,1,0,1,0,1,1,1
3,OOWOWOOW,5,1.089737385243616,1,1,0,1,0,1,1,0
3,OOWOWOWO,5,-0.2593075915507027,1,1,0,1,0,1,0,1
3,OOWOWOWW,4,0.1185039986654958,1,1,0,1,0,1,0,0
3,OOWOWWOO,5,-0.4035549602577775,1,1,0,1,0,0,1,1
3,OOWOWWOW,4,0.9644826862525308,1,1,0,1,0,0,1,0
3,OOWOWWWO,4,-0.8205847369612533,1,1,0,1,0,0,0,1
3,OOWOWWWW,3,-0.0912262362228497,1,1,0,1,0,0,0,0
3,OOWWOOOO,6,0.8818568603870046,1,1,0,0,1,1,1,1
3,OOWWOOOW,5,0.656129282466304,1,1,0,0,1,1,1,0
3,OOWWOOWO,5,-0.0189061242685385,1,1,0,0,1,1,0,1
3,OOWWOOWW,4,0.1631795111512162,1,1,0,0,1,1,0,0
3,OOWWOWOO,5,2.3826009247956224,1,1,0,0,1,0,1,1
3,OOWWOWOW,4,0.9195033854852912,1,1,0,0,1,0,1,0
3,OOWWOWWO,4,-0.8073073537879678,1,1,0,0,1,0,0,1
3,OOWWOWWW,3,0.0558441716703795,1,1,0,0,1,0,0,0
3,OOWWWOOO,5,0.5622400766879183,1,1,0,0,0,1,1,1
3,OOWWWOOW,4,2.75633554491455,1,1,0,0,0,1,1,0
3,OOWWWOWO,4,0.6941860998975143,1,1,0,0,0,1,0,1
3,OOWWWOWW,3,-0.5818860146916432,1,1,0,0,0,1,0,0
3,OOWWWWOO,4,0.050613923810642,1,1,0,0,0,0,1,1
3,OOWWWWOW,3,0.0732879086080618,1,1,0,0,0,0,1,0
3,OOWWWWWO,3,0.2904252834237583,1,1,0,0,0,0,0,1
3,OOWWWWWW,2,1.3511397248245467,1,1,0,0,0,0,0,0
3,OWOOOOOO,7,-1.043595423229972,1,0,1,1,1,1,1,1
3,OWOOOOOW,6,4.07406725521499,1,0,1,1,1,1,1,0
3,OWOOOOWO,6,0.1437044504896802,1,0,1,1,1,1,0,1
3,OWOOOOWW,5,-1.0462808458642618,1,0,1,1,1,1,0,0
3,OWOOOWOO,6,-0.0402020498260299,1,0,1,1,1,0,1,1
3,OWOOOWOW,5,-0.5185942643947073,1,0,1,1,1,0,1,0
3,OWOOOWWO,5,-2.273331123576987,1,0,1,1,1,0,0,1
3,OWOOOWWW,4,-1.8027158307748932,1,0,1,1,1,0,0,0
3,OWOOWOOO,6,1.683933317235582,1,0,1,1,0,1,1,1
3,OWOOWOOW,5,-0.1863874612575018,1,0,1,1,0,1,1,0
3,OWOOWOWO,5,0.8165456255466946,1,0,1,1,0,1,0,1
3,OWOOWOWW,4,-1.878165225222008,1,0,1,1,0,1,0,0
3,OWOOWWOO,5,1.348185210622517,1,0,1,1,0,0,1,1
3,OWOOWWOW,4,-0.5557846909352582,1,0,1,1,0,0,1,0
3,OWOOWWWO,4,-0.623360578316528,1,0,1,1,0,0,0,1
3,OWOOWWWW,3,0.6879075461832971,1,0,1,1,0,0,0,0
3,OWOWOOOO,6,0.3590786965727084,1,0,1,0,1,1,1,1
3,OWOWOOOW,5,-1.9097681225745984,1,0,1,0,1,1,1,0
3,OWOWOOWO,5,-1.3964840502461875,1,0,1,0,1,1,0,1
3,OWOWOOWW,4,-1.3798089626743584,1,0,1,0,1,1,0,0
3,OWOWOWOO,5,-0.3176070133296194,1,0,1,0,1,0,1,1
3,OWOWOWOW,4,0.3851217224592885,1,0,1,0,1,0,1,0
3,OWOWOWWO,4,-2.0836446261697232,1,0,1,0,1,0,0,1
3,OWOWOWWW,3,0.8391235972693061,1,0,1,0,1,0,0,0
3,OWOWWOOO,5,0.879891438207922,1,0,1,0,0,1,1,1
3,OWOWWOOW,4,-0.5096539479807699,1,0,1,0,0,1,1,0
3,OWOWWOWO,4,0.9586251723450234,1,0,1,0,0,1,0,1
3,OWOWWOWW,3,0.7013974064895983,1,0,1,0,0,1,0,0
3,OWOWWWOO,4,-0.9809611777309089,1,0,1,0,0,0,1,1
3,OWOWWWOW,3,-0.0863512868691363,1,0,1,0,0,0,1,0
3,OWOWWWWO,3,1.0285063156624583,1,0,1,0,0,0,0,1
3,OWOWWWWW,2,-0.9211423295084084,1,0,1,0,0,0,0,0
3,OWWOOOOO,6,1.7187582990073194,1,0,0,1,1,1,1,1
3,OWWOOOOW,5,-1.5029268331734107,1,0,0,1,1,1,1,0
3,OWWOOOWO,5,1.425516095519945,1,0,0,1,1,1,0,1
3,OWWOOOWW,4,-1.047750679363212,1,0,0,1,1,1,0,0
3,OWWOOWOO,5,3.3956724183548856,1,0,0,1,1,0,1,1
3,OWWOOWOW,4,0.1027470291581382,1,0,0,1,1,0,1,0
3,OWWOOWWO,4,1.0418086219405505,1,0,0,1,1,0,0,1
3,OWWOOWWW,3,-2.240996937779301,1,0,0,1,1,0,0,0
3,OWWOWOOO,5,0.5086386240399454,1,0,0,1,0,1,1,1
3,OWWOWOOW,4,0.4048497568491401,1,0,0,1,0,1,1,0
3,OWWOWOWO,4,-0.0727985660139473,1,0,0,1,0,1,0,1
3,OWWOWOWW,3,-0.4977283922417139,1,0,0,1,0,1,0,0
3,OWWOWWOO,4,0.6855946372010668,1,0,0,1,0,0,1,1
3,OWWOWWOW,3,2.4282895540913896,1,0,0,1,0,0,1,0
3,OWWOWWWO,3,-1.9451937915882247,1,0,0,1,0,0,0,1
3,OWWOWWWW,2,1.7457048933921964,1,0,0,1,0,0,0,0
3,OWWWOOOO,5,-1.6854125436862222,1,0,0,0,1,1,1,1
3,OWWWOOOW,4,0.2178912724119212,1,0,0,0,1,1,1,0
3,OWWWOOWO,4,1.9341126836881248,1,0,0,0,1,1,0,1
3,OWWWOOWW,3,-0.6157928902010731,1,0,0,0,1,1,0,0
3,OWWWOWOO,4,0.4887476900466204,1,0,0,0,1,0,1,1
3,OWWWOWOW,3,1.8860474807852468,1,0,0,0,1,0,1,0
3,OWWWOWWO,3,2.30293549704988,1,0,0,0,1,0,0,1
3,OWWWOWWW,2,-1.8451250521960705,1,0,0,0,1,0,0,0
3,OWWWWOOO,4,1.355146860054283,1,0,0,0,0,1,1,1
3,OWWWWOOW,3,0.777478201111067,1,0,0,0,0,1,1,0
3,OWWWWOWO,3,0.1832771855162325,1,0,0,0,0,1,0,1
3,OWWWWOWW,2,0.1582390360945558,1,0,0,0,0,1,0,0
3,OWWWWWOO,3,0.7051705403061194,1,0,0,0,0,0,1,1
3,OWWWWWOW,2,0.4166815489443103,1,0,0,0,0,0,1,0
3,OWWWWWWO,2,1.0329035732367942,1,0,0,0,0,0,0,1
3,OWWWWWWW,1,-0.073699443568945,1,0,0,0,0,0,0,0
3,WOOOOOOO,7,0.4423315977827506,0,1,1,1,1,1,1,1
3,WOOOOOOW,6,-1.1041836563937075,0,1,1,1,1,1,1,0
3,WOOOOOWO,6,-0.7061690008751913,0,1,1,1,1,1,0,1
3,WOOOOOWW,5,-0.6011003772949199,0,1,1,1,1,1,0,0
3,WOOOOWOO,6,-0.2122693156756417,0,1,1,1,1,0,1,1
3,WOOOOWOW,5,-0.720301726516393,0,1,1,1,1,0,1,0
3,WOOOOWWO,5,-1.3815229496611214,0,1,1,1,1,0,0,1
3,WOOOOWWW,4,-1.2141371245418056,0,1,1,1,1,0,0,0
3,WOOOWOOO,6,3.4775107739027673,0,1,1,1,0,1,1,1
3,WOOOWOOW,5,-0.3300830979155822,0,1,1,1,0,1,1,0
3,WOOOWOWO,5,-0.0798206857836958,0,1,1,1,0,1,0,1
3,WOOOWOWW,4,-1.1535268841143196,0,1,1,1,0,1,0,0
3,WOOOWWOO,5,-0.3379839862724099,0,1,1,1,0,0,1,1
3,WOOOWWOW,4,-0.6387303270490824,0,1,1,1,0,0,1,0
3,WOOOWWWO,4,-0.5460543612052289,0,1,1,1,0,0,0,1
3,WOOOWWWW,3,-0.7013738712007609,0,1,1,1,0,0,0,0
3,WOOWOOOO,6,0.144380499774783,0,1,1,0,1,1,1,1
3,WOOWOOOW,5,0.5745615522122395,0,1,1,0,1,1,1,0
3,WOOWOOWO,5,0.3987654564716005,0,1,1,0,1,1,0,1
3,WOOWOOWW,4,-0.37686392606642,0,1,1,0,1,1,0,0
3,WOOWOWOO,5,1.5657775139184815,0,1,1,0,1,0,1,1
3,WOOWOWOW,4,-0.0017004582425292,0,1,1,0,1,0,1,0
3,WOOWOWWO,4,-1.3763731325667663,0,1,1,0,1,0,0,1
3,WOOWOWWW,3,0.1698541625128351,0,1,1,0,1,0,0,0
3,WOOWWOOO,5,0.0836654849650497,0,1,1,0,0,1,1,1
3,WOOWWOOW,4,-0.7940787318989668,0,1,1,0,0,1,1,0
3,WOOWWOWO,4,5.298166598903565,0,1,1,0,0,1,0,1
3,WOOWWOWW,3,0.1429079608315169,0,1,1,0,0,1,0,0
3,WOOWWWOO,4,-2.097470822101884,0,1,1,0,0,0,1,1
3,WOOWWWOW,3,-2.0114122048526752,0,1,1,0,0,0,1,0
3,WOOWWWWO,3,-0.5797070726931971,0,1,1,0,0,0,0,1
3,WOOWWWWW,2,1.42130726851767,0,1,1,0,0,0,0,0
3,WOWOOOOO,6,1.7198079516925997,0,1,0,1,1,1,1,1
3,WOWOOOOW,5,2.2450563707094044,0,1,0,1,1,1,1,0
3,WOWOOOWO,5,0.4618079788175682,0,1,0,1,1,1,0,1
3,WOWOOOWW,4,0.1262866987893465,0,1,0,1,1,1,0,0
3,WOWOOWOO,5,2.2938084235385814,0,1,0,1,1,0,1,1
3,WOWOOWOW,4,-0.2099646280590387,0,1,0,1,1,0,1,0
3,WOWOOWWO,4,-1.591304175484545,0,1,0,1,1,0,0,1
3,WOWOOWWW,3,1.1935102765098384,0,1,0,1,1,0,0,0
3,WOWOWOOO,5,-0.5229683387052031,0,1,0,1,0,1,1,1
3,WOWOWOOW,4,1.3710213415811328,0,1,0,1,0,1,1,0
3,WOWOWOWO,4,-0.5652222003017048,0,1,0,1,0,1,0,1
3,WOWOWOWW,3,0.041544300193628,0,1,0,1,0,1,0,0
3,WOWOWWOO,4,0.7862416111381376,0,1,0,1,0,0,1,1
3,WOWOWWOW,3,2.771517173416062,0,1,0,1,0,0,1,0
3,WOWOWWWO,3,-0.2447767909433631,0,1,0,1,0,0,0,1
3,WOWOWWWW,2,1.056818317860495,0,1,0,1,0,0,0,0
3,WOWWOOOO,5,4.949157546222698,0,1,0,0,1,1,1,1
3,WOWWOOOW,4,0.721545888483838,0,1,0,0,1,1,1,0
3,WOWWOOWO,4,-0.391273935267642,0,1,0,0,1,1,0,1
3,WOWWOOWW,3,-0.9692591213902696,0,1,0,0,1,1,0,0
3,WOWWOWOO,4,0.9426297654370162,0,1,0,0,1,0,1,1
3,WOWWOWOW,3,2.4416699990021837,0,1,0,0,1,0,1,0
3,WOWWOWWO,3,-0.0495534031407889,0,1,0,0,1,0,0,1
3,WOWWOWWW,2,-1.0421245449658856,0,1,0,0,1,0,0,0
3,WOWWWOOO,4,3.4209409413815997,0,1,0,0,0,1,1,1
3,WOWWWOOW,3,0.5410091728531474,0,1,0,0,0,1,1,0
3,WOWWWOWO,3,1.1414681990187865,0,1,0,0,0,1,0,1
3,WOWWWOWW,2,0.7087564183882845,0,1,0,0,0,1,0,0
3,WOWWWWOO,3,-0.4045503255664255,0,1,0,0,0,0,1,1
3,WOWWWWOW,2,0.0301580214097362,0,1,0,0,0,0,1,0
3,WOWWWWWO,2,-1.352673080163005,0,1,0,0,0,0,0,1
3,WOWWWWWW,1,0.6519390976623586,0,1,0,0,0,0,0,0
3,WWOOOOOO,6,0.98498538706871,0,0,1,1,1,1,1,1
3,WWOOOOOW,5,3.1807290931945227,0,0,1,1,1,1,1,0
3,WWOOOOWO,5,0.9371213825625734,0,0,1,1,1,1,0,1
3,WWOOOOWW,4,-1.5543225649758174,0,0,1,1,1,1,0,0
3,WWOOOWOO,5,-2.871160097039838,0,0,1,1,1,0,1,1
3,WWOOOWOW,4,-0.6490517871634727,0,0,1,1,1,0,1,0
3,WWOOOWWO,4,0.8769796134968462,0,0,1,1,1,0,0,1
3,WWOOOWWW,3,-1.4301501368376934,0,0,1,1,1,0,0,0
3,WWOOWOOO,5,1.9205306558056696,0,0,1,1,0,1,1,1
3,WWOOWOOW,4,-0.6705252728716475,0,0,1,1,0,1,1,0
3,WWOOWOWO,4,-2.2218054724065004,0,0,1,1,0,1,0,1
3,WWOOWOWW,3,-2.6313744458730883,0,0,1,1,0,1,0,0
3,WWOOWWOO,4,1.7875405969490914,0,0,1,1,0,0,1,1
3,WWOOWWOW,3,-1.0336922271141995,0,0,1,1,0,0,1,0
3,WWOOWWWO,3,-1.0302513339534078,0,0,1,1,0,0,0,1
3,WWOOWWWW,2,-1.824684122946969,0,0,1,1,0,0,0,0
3,WWOWOOOO,5,-0.3714358092289376,0,0,1,0,1,1,1,1
3,WWOWOOOW,4,1.1914578464432095,0,0,1,0,1,1,1,0
3,WWOWOOWO,4,-1.038214774135898,0,0,1,0,1,1,0,1
3,WWOWOOWW,3,-1.6288929685682552,0,0,1,0,1,1,0,0
3,WWOWOWOO,4,1.4285511106306297,0,0,1,0,1,0,1,1
3,WWOWOWOW,3,-1.1976794511349966,0,0,1,0,1,0,1,0
3,WWOWOWWO,3,-1.5424927384715827,0,0,1,0,1,0,0,1
3,WWOWOWWW,2,-0.4775960984078984,0,0,1,0,1,0,0,0
3,WWOWWOOO,4,-0.142115482047706,0,0,1,0,0,1,1,1
3,WWOWWOOW,3,2.578548268170705,0,0,1,0,0,1,1,0
3,WWOWWOWO,3,-0.3697933018065021,0,0,1,0,0,1,0,1
3,WWOWWOWW,2,-1.440603506536831,0,0,1,0,0,1,0,0
3,WWOWWWOO,3,0.1738840280725512,0,0,1,0,0,0,1,1
3,WWOWWWOW,2,0.1957409880843097,0,0,1,0,0,0,1,0
3,WWOWWWWO,2,-0.29818960304045,0,0,1,0,0,0,0,1
3,WWOWWWWW,1,-0.4471080796802669,0,0,1,0,0,0,0,0
3,WWWOOOOO,5,0.9272376347606286,0,0,0,1,1,1,1,1
3,WWWOOOOW,4,-0.1138731680869263,0,0,0,1,1,1,1,0
3,WWWOOOWO,4,0.5989081738066209,0,0,0,1,1,1,0,1
3,WWWOOOWW,3,-2.785938444557822,0,0,0,1,1,1,0,0
3,WWWOOWOO,4,-0.9370116210656672,0,0,0,1,1,0,1,1
3,WWWOOWOW,3,0.5266947387184672,0,0,0,1,1,0,1,0
3,WWWOOWWO,3,-1.3056294320412445,0,0,0,1,1,0,0,1
3,WWWOOWWW,2,0.1344229662725526,0,0,0,1,1,0,0,0
3,WWWOWOOO,4,0.8319294664415041,0,0,0,1,0,1,1,1
3,WWWOWOOW,3,0.3255573429323897,0,0,0,1,0,1,1,0
3,WWWOWOWO,3,-0.1365170091947195,0,0,0,1,0,1,0,1
3,WWWOWOWW,2,1.3948959128677816,0,0,0,1,0,1,0,0
3,WWWOWWOO,3,2.2690932941709168,0,0,0,1,0,0,1,1
3,WWWOWWOW,2,0.6410016023371545,0,0,0,1,0,0,1,0
3,WWWOWWWO,2,-1.1752320604273074,0,0,0,1,0,0,0,1
3,WWWOWWWW,1,1.9819814383933416,0,0,0,1,0,0,0,0
3,WWWWOOOO,4,1.255396680773234,0,0,0,0,1,1,1,1
3,WWWWOOOW,3,-0.5593927817292927,0,0,0,0,1,1,1,0
3,WWWWOOWO,3,-0.2871102654741351,0,0,0,0,1,1,0,1
3,WWWWOOWW,2,1.627197231077936,0,0,0,0,1,1,0,0
3,WWWWOWOO,3,0.5747971536054716,0,0,0,0,1,0,1,1
3,WWWWOWOW,2,0.6630618630305871,0,0,0,0,1,0,1,0
3,WWWWOWWO,2,2.331534750897407,0,0,0,0,1,0,0,1
3,WWWWOWWW,1,-1.9921328138896583,0,0,0,0,1,0,0,0
3,WWWWWOOO,3,-0.9490417684945214,0,0,0,0,0,1,1,1
3,WWWWWOOW,2,0.7636280910098491,0,0,0,0,0,1,1,0
3,WWWWWOWO,2,0.4188546789737865,0,0,0,0,0,1,0,1
3,WWWWWOWW,1,0.0620892258533528,0,0,0,0,0,1,0,0
3,WWWWWWOO,2,0.0903240856756213,0,0,0,0,0,0,1,1
3,WWWWWWOW,1,0.7789245207214862,0,0,0,0,0,0,1,0
3,WWWWWWWO,1,-0.4648990610974039,0,0,0,0,0,0,0,1
3,WWWWWWWW,0,0.2766447736771263,0,0,0,0,0,0,0,0
