residue_triplet,cross_library_mean_epsilon_3,cross_library_mean_abs_epsilon_3,cross_library_sd_epsilon_3,Library 1,Library 2,Library 3,all_same_sign
477-478-484,0.423680441514483,1.7870191392539354,0.12211124907449311,0.5049198966470405,0.48286687782527526,0.2832545500711331,True
477-478-493,0.2970290393205863,1.756564535821458,0.3208738833813841,0.3841299314413158,0.5653601813350546,-0.058402994814611545,False
477-478-496,-0.2974296508354196,2.1313940934857487,0.24030188772047323,-0.5387818645248839,-0.05819204538165623,-0.29531504259971875,True
477-478-498,-0.3357667227626237,1.7957586127700604,0.7552217846589354,-1.0737861285652486,0.435555621647109,-0.3690696613697315,False
477-478-501,-0.5180714611885638,1.9569884238424091,0.41746597335734836,-0.9727332566376561,-0.42944826956016136,-0.1520328573678742,True
477-478-505,-0.2527546410907329,1.9112564678854822,0.21411377372783177,-0.3210055572888344,-0.012835433260153774,-0.4244229327232105,True
477-484-493,0.45018010267387015,2.0744480837891532,0.61391454317784,0.1737252644873405,0.02310175657656066,1.1537132869577094,True
477-484-496,0.01450240649392411,2.045970901953851,0.8050186453056055,-0.8776656854799938,0.6865999278255768,0.23457297713618935,False
477-484-498,-0.3506824509509881,1.7870189789785798,0.24393384312140434,-0.2558811451299166,-0.16838056985081107,-0.6277856378722366,True
477-484-501,0.16678118082374596,2.1302436502955255,0.7883379750162788,1.0059493356999223,0.05268747759416255,-0.558293270822847,False
477-484-505,-0.4514934679982199,1.9038694431837655,0.08720729103431948,-0.47835504713638644,-0.5221100060737293,-0.3540153507845439,True
477-493-496,-0.20696974718438454,1.7582415348918168,0.5926191441993456,0.2607256742121725,-0.008216955484564331,-0.8734179602807618,False
477-493-498,-0.360776048651912,2.001418488152629,1.1908924054991161,-1.6911023749850633,0.6058810955062872,0.0028931335230403116,False
477-493-501,-0.2148728189851089,1.9991439520346408,0.8297176362955098,-0.5224795475509334,-0.846858823035455,0.7247199136310617,False
477-493-505,-0.010300825409886452,1.9836123855063617,0.6743705068395006,-0.2980873345225795,0.7602181343122411,-0.4930332760193209,False
477-496-498,-0.10928767920735262,2.0842153402838335,0.29864828069752986,-0.3871646396097719,-0.1472081589762978,0.2065097609640118,False
477-496-501,-0.3574718361741139,1.9097854868037398,0.7331624824623342,-1.1862006931915376,-0.09288586689862544,0.20667105156782134,False
477-496-505,0.2652805199806593,2.1071926747304053,0.8552159814770948,1.2527560916626506,-0.22049664576364536,-0.23641788595702717,False
477-498-501,0.09675662939366314,1.7199709422008311,0.6097561315469618,0.6019065399841125,0.2689406832223905,-0.5805773350255136,False
477-498-505,-0.4018011606124372,1.7297617969763923,0.4112398551458877,-0.853628874291953,-0.3024061020746185,-0.049368505470740176,True
477-501-505,-0.6997488134133777,1.6994158448567684,0.2854387905628498,-0.6618524934276023,-0.435151201340036,-1.0022427454724951,True
478-484-493,-0.24714864855850927,1.7031083390588104,0.2806332728224222,-0.519168486566226,-0.26364754770204746,0.04137008859274571,False
478-484-496,-0.5707595758598871,2.0256201305024932,0.9839267559371564,-1.6919791407797267,-0.1690896451670452,0.14879005836711057,False
478-484-498,-0.007528626535009408,1.5482563523129855,0.6566625266176123,0.6534523322521444,-0.016252415678589233,-0.6597857961785834,False
478-484-501,0.20642838280989376,2.121154495181002,0.7214614845493462,0.869138242878952,0.31224436296219704,-0.5620974574114678,False
478-484-505,-0.03948704359266397,1.7028491962882155,0.08216807241045614,-0.11740661932847835,-0.04741005546531174,0.04635554401579817,False
478-493-496,0.5642683691932747,1.8628267848603208,0.5555580801739244,1.1860720240644358,0.38998623850082903,0.11674684501455942,True
478-493-498,-0.07008016917897009,1.7892304988297631,0.961196231014618,1.0158967364219254,-0.8115347775143977,-0.4146024664444379,False
478-493-501,-0.10769471574636673,2.0370872151789023,0.25810777725777995,-0.21861064753532428,-0.29180483357234566,0.18733133386856976,False
478-493-505,-0.25297041650998436,2.0122899488777235,0.8112173077316515,-0.44502498976988325,0.6370403718571596,-0.9509266316172293,False
478-496-498,-0.4254942380985707,1.3919091664529042,0.3961410598964288,-0.10434070054380726,-0.8681579497196648,-0.30398406403224,True
478-496-501,0.3459572220389,2.102652857498485,0.604502550440763,-0.0748245798665723,0.07403044772120304,1.0386657982620693,False
478-496-505,-0.03941287735966048,2.1523113712461766,1.4143950352069852,0.6356603355521155,0.9109637250323528,-1.6648626926634498,False
478-498-501,-0.17577660249326107,1.6129991824586896,0.7285920978153498,0.6116173134976864,-0.8260949952799517,-0.31285212569751797,False
478-498-505,0.5455272793709561,1.6916464705751189,0.7078383853817823,0.6129497416511929,-0.19360994966330083,1.2172420461249764,False
478-501-505,-0.2316765141693519,1.5799235270221708,0.7000913453688477,-0.4170583526002842,-0.8204201643333229,0.5424489744255514,False
484-493-496,0.08620134090241129,1.7540641967695685,0.3480942365859495,-0.1646848248725123,-0.06031457387599415,0.4836034214557403,False
484-493-498,0.160825340246549,1.8397327898735079,0.6122329115442456,-0.5031211720192261,0.28253588067470475,0.7030613120841683,False
484-493-501,0.1786945755467451,1.7397344058293929,0.6270605868165539,-0.055480603205240175,-0.29757815459743175,0.8891424844429072,False
484-493-505,0.5711102535326104,1.9787272028910061,0.6907269766567338,0.1510499839282482,0.19397279411122992,1.3683079825583528,True
484-496-498,-0.26535144825636414,1.7822350432598588,0.46316824623152314,-0.7593726487537175,-0.1957728474090082,0.15909115139363317,False
484-496-501,-0.4781638131909524,1.9137607899396152,0.48308763797759413,-0.5745285104118871,0.04584313526057961,-0.9058060644215495,False
484-496-505,-1.3142301221445922,2.00841526963328,0.9994055511630375,-0.5983776213754703,-0.8882699945683925,-2.456042750489914,True
484-498-501,0.8212569265899784,1.8860842059974867,0.2725090067700439,0.7777147939297302,0.5731405704948553,1.1129154153453498,True
484-498-505,-0.03132704949831346,1.821930522440632,0.29228441304598973,-0.3479865598621042,0.02588275719782586,0.22812265416933797,False
484-501-505,-0.05734534010553934,1.7651389118022538,0.32913149828257543,-0.14727133482565202,0.3074027878765202,-0.3321674733674862,False
493-496-498,0.5138931347247792,1.524855763056043,0.7240076678487166,0.562363064860369,-0.23313163554797717,1.2124479748619454,False
493-496-501,-0.15071273775734165,2.0922304023638647,1.1086559323417788,1.0229052152654943,-0.29470837710118347,-1.1803350514363358,False
493-496-505,-0.2226985856713403,1.9367400939564512,0.07758089913134351,-0.14272238677912785,-0.29763881835838985,-0.22773455187650327,True
493-498-501,-0.13576309762702662,1.8520799295796102,0.47437824351162594,-0.41523104768677993,0.4119634834439705,-0.40402172863827046,False
493-498-505,0.7054458395168739,2.0237225980061275,0.25371000895990353,0.5533774624072726,0.9983329163597335,0.5646271397836156,True
493-501-505,-0.27084977605901667,2.14333989505355,0.5877426777070945,-0.7112507001008314,0.39653825821277794,-0.4978368862889965,False
496-498-501,-1.7060313026989153,2.209380992771204,0.40078235969757475,-1.9909337545198316,-1.8794114313981272,-1.2477487221787873,True
496-498-505,0.30180331498467056,1.8607618048345926,0.9835734176627174,0.7468042195280241,0.9842323152944734,-0.8256265898684858,False
496-501-505,-0.2694387352886196,2.284695028609321,0.8331749894138075,-1.2027599120089931,-0.00492722260940473,0.399370928752539,False
498-501-505,-1.3482947627334159,2.2141103185862034,0.8409010707560852,-0.9789892877913554,-2.310652270944664,-0.755242729464228,True
