residue_triplet,Library 1,Library 2,Library 3,cross_library_mean,cross_library_mean_abs,cross_library_sd,all_same_sign
496-498-501,-1.9909337545198316,-1.8794114313981272,-1.2477487221787873,-1.7060313026989153,1.7060313026989153,0.40078235969757475,True
498-501-505,-0.9789892877913554,-2.310652270944664,-0.755242729464228,-1.3482947627334159,1.3482947627334159,0.8409010707560853,True
484-496-505,-0.5983776213754703,-0.8882699945683925,-2.456042750489914,-1.3142301221445922,1.3142301221445922,0.9994055511630375,True
478-496-505,0.6356603355521155,0.9109637250323528,-1.6648626926634498,-0.03941287735966048,1.0704955844159727,1.4143950352069852,False
496-498-505,0.7468042195280241,0.9842323152944734,-0.8256265898684858,0.30180331498467056,0.8522210415636611,0.9835734176627176,False
493-496-501,1.0229052152654943,-0.29470837710118347,-1.1803350514363358,-0.15071273775734165,0.8326495479343379,1.1086559323417788,False
484-498-501,0.7777147939297302,0.5731405704948553,1.1129154153453498,0.8212569265899784,0.8212569265899784,0.27250900677004386,True
477-493-498,-1.6911023749850633,0.6058810955062872,0.0028931335230403116,-0.360776048651912,0.7666255346714638,1.1908924054991161,False
478-493-498,1.0158967364219254,-0.8115347775143977,-0.4146024664444379,-0.07008016917897009,0.7473446601269202,0.961196231014618,False
493-498-505,0.5533774624072726,0.9983329163597335,0.5646271397836156,0.7054458395168739,0.7054458395168739,0.25371000895990353,True
477-501-505,-0.6618524934276023,-0.435151201340036,-1.0022427454724951,-0.6997488134133777,0.6997488134133777,0.2854387905628498,True
477-493-501,-0.5224795475509334,-0.846858823035455,0.7247199136310617,-0.2148728189851089,0.6980194280724833,0.8297176362955098,False
478-493-505,-0.44502498976988325,0.6370403718571596,-0.9509266316172293,-0.25297041650998436,0.6776639977480907,0.8112173077316515,False
478-498-505,0.6129497416511929,-0.19360994966330083,1.2172420461249764,0.5455272793709561,0.6746005791464901,0.7078383853817823,False
478-484-496,-1.6919791407797267,-0.1690896451670452,0.14879005836711057,-0.5707595758598871,0.6699529481046275,0.9839267559371564,False
493-496-498,0.562363064860369,-0.23313163554797717,1.2124479748619454,0.5138931347247792,0.6693142250900972,0.7240076678487167,False
477-478-498,-1.0737861285652486,0.435555621647109,-0.3690696613697315,-0.3357667227626237,0.6261371371940297,0.7552217846589353,False
477-484-496,-0.8776656854799938,0.6865999278255768,0.23457297713618935,0.01450240649392411,0.5996128634805866,0.8050186453056056,False
478-501-505,-0.4170583526002842,-0.8204201643333229,0.5424489744255514,-0.2316765141693519,0.5933091637863862,0.7000913453688477,False
478-498-501,0.6116173134976864,-0.8260949952799517,-0.31285212569751797,-0.17577660249326107,0.5835214781583854,0.7285920978153497,False
478-484-501,0.869138242878952,0.31224436296219704,-0.5620974574114678,0.20642838280989373,0.5811600210842056,0.7214614845493462,False
484-493-505,0.1510499839282482,0.19397279411122992,1.3683079825583528,0.5711102535326104,0.5711102535326104,0.6907269766567338,True
477-496-505,1.2527560916626506,-0.22049664576364536,-0.23641788595702717,0.2652805199806593,0.5698902077944411,0.8552159814770947,False
478-493-496,1.1860720240644358,0.38998623850082903,0.11674684501455942,0.5642683691932747,0.5642683691932747,0.5555580801739244,True
477-484-501,1.0059493356999223,0.05268747759416255,-0.558293270822847,0.16678118082374596,0.5389766947056439,0.7883379750162788,False
496-501-505,-1.2027599120089931,-0.00492722260940473,0.399370928752539,-0.26943873528861967,0.5356860211236456,0.8331749894138076,False
493-501-505,-0.7112507001008314,0.39653825821277794,-0.4978368862889965,-0.27084977605901667,0.5352086148675353,0.5877426777070945,False
477-478-501,-0.9727332566376561,-0.42944826956016136,-0.1520328573678742,-0.5180714611885638,0.5180714611885638,0.41746597335734836,True
477-493-505,-0.2980873345225795,0.7602181343122411,-0.4930332760193209,-0.010300825409886452,0.5171129149513805,0.6743705068395006,False
484-496-501,-0.5745285104118871,0.04584313526057961,-0.9058060644215495,-0.4781638131909524,0.508725903364672,0.48308763797759413,False
484-493-498,-0.5031211720192261,0.28253588067470475,0.7030613120841683,0.160825340246549,0.4962394549260331,0.6122329115442456,False
477-496-501,-1.1862006931915376,-0.09288586689862544,0.20667105156782134,-0.3574718361741139,0.49525253721932816,0.7331624824623342,False
477-498-501,0.6019065399841125,0.2689406832223905,-0.5805773350255136,0.09675662939366314,0.48380818607733883,0.6097561315469618,False
477-484-505,-0.47835504713638644,-0.5221100060737293,-0.3540153507845439,-0.4514934679982198,0.4514934679982198,0.08720729103431951,True
477-484-493,0.1737252644873405,0.02310175657656066,1.1537132869577094,0.45018010267387015,0.45018010267387015,0.61391454317784,True
478-484-498,0.6534523322521444,-0.016252415678589233,-0.6597857961785834,-0.007528626535009408,0.44316351470310567,0.6566625266176123,False
478-496-498,-0.10434070054380726,-0.8681579497196648,-0.30398406403224,-0.4254942380985707,0.4254942380985707,0.3961410598964288,True
477-478-484,0.5049198966470405,0.48286687782527526,0.2832545500711331,0.423680441514483,0.423680441514483,0.1221112490744931,True
484-493-501,-0.055480603205240175,-0.29757815459743175,0.8891424844429072,0.1786945755467451,0.41406708074852644,0.6270605868165537,False
493-498-501,-0.41523104768677993,0.4119634834439705,-0.40402172863827046,-0.13576309762702662,0.41040541992300694,0.47437824351162594,False
477-498-505,-0.853628874291953,-0.3024061020746185,-0.049368505470740176,-0.40180116061243726,0.40180116061243726,0.4112398551458876,True
478-496-501,-0.0748245798665723,0.07403044772120304,1.0386657982620693,0.3459572220389,0.39584027528328153,0.604502550440763,False
477-493-496,0.2607256742121725,-0.008216955484564331,-0.8734179602807618,-0.20696974718438454,0.3807868633258329,0.5926191441993456,False
484-496-498,-0.7593726487537175,-0.1957728474090082,0.15909115139363317,-0.2653514482563642,0.3714122158521196,0.4631682462315232,False
477-484-498,-0.2558811451299166,-0.16838056985081107,-0.6277856378722366,-0.3506824509509881,0.3506824509509881,0.24393384312140434,True
477-478-493,0.3841299314413158,0.5653601813350546,-0.058402994814611545,0.2970290393205863,0.335964369196994,0.32087388338138406,False
477-478-496,-0.5387818645248839,-0.05819204538165623,-0.29531504259971875,-0.2974296508354196,0.2974296508354196,0.24030188772047326,True
478-484-493,-0.519168486566226,-0.26364754770204746,0.04137008859274571,-0.24714864855850927,0.27472870762033974,0.2806332728224222,False
484-501-505,-0.14727133482565202,0.3074027878765202,-0.3321674733674862,-0.05734534010553934,0.2622805320232195,0.32913149828257543,False
477-478-505,-0.3210055572888344,-0.012835433260153774,-0.4244229327232105,-0.2527546410907329,0.2527546410907329,0.21411377372783177,True
477-496-498,-0.3871646396097719,-0.1472081589762978,0.2065097609640118,-0.10928767920735262,0.24696085318336047,0.29864828069752986,False
484-493-496,-0.1646848248725123,-0.06031457387599415,0.4836034214557403,0.08620134090241129,0.23620094006808223,0.3480942365859495,False
478-493-501,-0.21861064753532428,-0.29180483357234566,0.18733133386856976,-0.10769471574636674,0.2325822716587466,0.25810777725777995,False
493-496-505,-0.14272238677912785,-0.29763881835838985,-0.22773455187650327,-0.2226985856713403,0.2226985856713403,0.07758089913134351,True
484-498-505,-0.3479865598621042,0.02588275719782586,0.22812265416933797,-0.03132704949831346,0.20066399040975602,0.29228441304598973,False
478-484-505,-0.11740661932847835,-0.04741005546531174,0.04635554401579817,-0.03948704359266397,0.07039073960319608,0.08216807241045614,False
