library_id,residue_pair,n_backgrounds,mean_epsilon,median_epsilon,sd_epsilon,min_epsilon,max_epsilon,mean_abs_epsilon,median_abs_epsilon
1,477-478,64,0.29238032833828587,0.1167797387677849,2.2277774758035607,-6.734946573451551,4.812829464022508,1.6739449645423627,1.4322601473694148
1,477-484,64,-0.5377541873663442,-0.816608113978099,2.129408802654225,-5.165711223454205,6.723763514504897,1.7999581363155426,1.6006806054697005
1,477-493,64,0.48762774860628544,0.5253923115038873,2.347924986398476,-4.744255639824197,5.7453400660132425,1.8382909563620342,1.3990027481126095
1,477-496,64,0.29958671686550237,0.3496095697837618,2.2330814244248276,-5.496867904892162,5.381516485422995,1.772157955647374,1.486636996005405
1,477-498,64,-0.5041221600865688,-0.32592439729908973,2.3531394053132426,-7.409488501674129,5.344683784685466,1.7608788458920626,1.3330223980064935
1,477-501,64,-0.7111275908463307,-0.5215778047501003,2.359381793038661,-9.266852948592291,5.551587432022677,1.8551135136374632,1.514276878687157
1,477-505,64,0.27954890320227105,-0.017415149291887283,2.18271811166983,-5.2730222168828265,4.873917785271945,1.678264596636455,1.2821934023707944
1,478-484,64,-0.25629803860119615,-0.006187354358220487,1.9668617549944711,-5.870095829229492,5.046989694932314,1.5065584093146724,1.1297658544117293
1,478-493,64,-0.21170374695697253,-0.28605919536931385,2.0142722667678843,-5.177404681713441,5.903197050905617,1.5363901298126212,1.1210928698416813
1,478-496,64,0.12303595998929606,0.17017649427758533,2.039143163153003,-5.3396141898924645,6.196780311123325,1.524507588367413,1.1703057039083267
1,478-498,64,-0.13150477154024487,-0.18308550186407613,1.8599975370110022,-7.016087670696821,3.802399114003936,1.3971743521604216,1.0180304243819558
1,478-501,64,-0.11271521127681709,-0.05628008483718594,1.9280298198347041,-5.299224704169745,4.208948864398588,1.475741049265553,1.2848539726211547
1,478-505,64,-0.0870995940993698,-0.1536380755728744,1.8790187252402002,-4.963735128609652,4.4129395917310195,1.4447131738166237,1.0525486131315624
1,484-493,64,0.8224218968731531,1.0112027411541913,1.9930846713400003,-4.347616792410452,5.487973126463444,1.7085993901710839,1.4765956210432247
1,484-496,64,0.23604428339057487,0.6002240188963407,1.8972565228780107,-5.197892693504079,4.308200736341985,1.4720306841794215,1.176118328462604
1,484-498,64,-0.22254887120489722,-0.2169077948481234,1.936069183370721,-5.466136616951148,3.8150423452446764,1.4574329865666862,1.093590701222801
1,484-501,64,0.030774886182981152,-0.183984870238697,1.9129211919608258,-5.490461281057499,3.9225805070834046,1.5609589474415435,1.5013521432398842
1,484-505,64,-0.02004361706392172,0.12981478384011208,1.837044973751364,-6.543865291149688,3.3753375368249525,1.3843969056003904,1.2391571551065024
1,493-496,64,-0.8667853428950172,-0.9119660510949735,2.0130250971693666,-5.881078555704822,5.589158335019553,1.6983256720913087,1.2786163800543004
1,493-498,64,0.17582052173077933,0.14741220876801958,2.0025319369552594,-4.345053564076783,6.07311243219561,1.5729725554004648,1.1983325401826879
1,493-501,64,1.0883642126414466,0.6606707449986251,2.1284344414194534,-2.898790609913199,6.481069348085758,1.8612450104702918,1.5775998844259713
1,493-505,64,0.19715365288146539,0.22997245041734,1.9214814126602704,-4.430700349014164,4.656473874960608,1.5429111977371432,1.2159219353646402
1,496-498,64,0.6045022830653054,0.6595096712065965,2.0500211709611955,-5.358267032463977,5.098462897174261,1.665350342575116,1.4880056888375723
1,496-501,64,1.1817020745578923,1.141584891984115,2.308679443220575,-3.5800810283854494,5.599707083148906,2.104787619504509,1.7498770590618307
1,496-505,64,-0.3236700238790963,-0.2665561274630791,2.174101997420123,-3.9452256627969113,5.35263727810252,1.7446518297922966,1.4008980446760706
1,498-501,64,0.07236347896184014,0.2603573142550555,2.237779813031032,-7.239278359183193,3.9326223369994238,1.6974738113260668,1.4630403646947654
1,498-505,64,1.5213193914975145,1.5119551821443662,1.9378196889205328,-4.466836386626965,7.734218143946678,1.9554844012391948,1.7474676750052414
1,501-505,64,0.14851594998444254,0.44281234380875084,2.1192918157992247,-4.648261202551607,4.415999457456148,1.7454044113411806,1.621686338894407
2,477-478,64,0.2310507732515268,0.2586864053779916,1.6199360592330836,-3.6731643046260727,4.610225764968677,1.2686553407281327,0.9830457004547426
2,477-484,64,0.02847541731600661,0.12183169531160659,1.517156478026826,-4.593012759030193,4.844994968098732,1.143078703649159,0.9055208080302332
2,477-493,64,0.27693230183555095,0.47716084740539744,1.4751976645774414,-5.257448325403766,2.749775874188269,1.182736153400314,0.9657520711590546
2,477-496,64,0.2298071606966243,0.05196747819330988,1.5209424286863737,-4.6874239099703985,3.173106519757542,1.1403375391073367,0.8702898471849018
2,477-498,64,0.06580128647859174,-0.17776155309019193,1.538260610837443,-2.8969106075039766,4.820760826903122,1.1715576172185824,0.8363015265004331
2,477-501,64,-0.8906460302852078,-0.9921959077730484,1.7335575709494901,-7.135132019404687,4.059020323464594,1.4718400226343715,1.3049727692709114
2,477-505,64,-0.0652360447725169,-0.24640665242889037,1.5864878795797512,-5.076113811570287,6.118038531298994,1.1154586590771434,0.7715654108598979
2,478-484,64,-0.48936627652358966,-0.4204941062385461,1.4350550578248833,-3.9493744651711857,3.0298118779948595,1.1812693101190948,0.9934104240114674
2,478-493,64,-0.27303482656893613,-0.34912286271604853,1.4955747277081801,-4.795978784436096,3.436197992965431,1.1655734546673504,0.9143895599682974
2,478-496,64,-0.008885261492563447,-0.2188335556124194,1.51391913012872,-3.0514265311588744,3.233698153053347,1.2225120452910017,1.0462625660975835
2,478-498,64,0.13912804221265151,0.24674930673374582,1.630486752546287,-3.88771626012237,3.415500757275071,1.3015025212704658,1.0195852675655246
2,478-501,64,-0.2858741234934503,-0.39438681850197244,1.6065522800096637,-4.6083921795739045,3.8217947936818906,1.3428079442281295,1.1944447404529188
2,478-505,64,0.35055448560559177,0.4414472799647515,1.642561155644116,-2.8521003193662198,5.862057278544027,1.2816041694060243,1.0087507322613005
2,484-493,64,0.72943888978849,0.8675342647056408,1.3807636200892117,-4.202939678876284,5.007503564921047,1.2311763154220292,1.0409395027384951
2,484-496,64,-0.22412886519755706,-0.24167359030424485,1.441026363225972,-4.325808992152161,2.8405298719493137,1.1599025283943578,0.9583715588322015
2,484-498,64,-0.0891663075808979,0.0023919546715101547,1.6084645231959955,-5.132579722780806,4.257223283190648,1.1934376514290932,0.8971776865398828
2,484-501,64,-0.20121892152120235,-0.3820996642184191,1.6021260420493577,-6.495296822503766,2.818737706331427,1.1803741600370392,0.7982498535819984
2,484-505,64,0.08208289516566183,0.18049167727702298,1.5798413441032602,-5.37493952179576,3.6202425955495894,1.2406323958205934,1.0631690779519105
2,493-496,64,-0.6816726318017271,-0.6459161046495856,1.3889174060976752,-3.9646673449623897,3.8554157738095056,1.1995617542067085,0.8855472370917992
2,493-498,64,0.1577382337006,0.46805087002393947,1.4958963762997386,-4.5180926185739985,2.8116063682679595,1.1545886008973432,0.8259595520390228
2,493-501,64,1.1143273948664583,1.1290083622154836,1.486553899179589,-3.812378808076196,5.902206444890588,1.4688248090084566,1.220723911779617
2,493-505,64,0.5768994678595813,0.34027150318699695,1.498972767205271,-3.033206739825566,4.962412477855592,1.2064609636327301,0.8977285599511079
2,496-498,64,0.824574967309183,0.8593693514279201,1.8660589326939188,-2.822224049100787,6.9679435149078275,1.5492270834026145,1.2536901071409194
2,496-501,64,1.5381560608047604,1.7189099137787796,1.8361011696684395,-2.0824264103593677,7.669472002133902,1.9050301604029953,1.7360522031160155
2,496-505,64,0.1303755997925389,0.01101719702398933,1.79584685297457,-4.81055187265577,4.793112779278811,1.3058693056968116,1.0392269797861018
2,498-501,64,0.14123999192832043,0.40715779895853765,2.305545047074133,-7.37575039241839,5.205791851044928,1.7753324029421973,1.5452162447811735
2,498-505,64,1.8533875870311598,1.5751753699547393,2.2753419021623427,-4.971598974654004,9.281111411294871,2.1853860246249486,1.5923476731574757
2,501-505,64,0.7958845614386418,0.6123442625480305,2.2031597140960333,-3.3345976965253703,10.65434511928431,1.6537749140755775,1.1557673423270143
3,477-478,64,-0.26094584805157717,-0.18569340545857438,2.1818244497919137,-8.372177620323251,3.55045315898315,1.5976691327939339,1.1957206865024805
3,477-484,64,0.3472974818889279,0.3051854938896436,2.222725009179183,-5.497748791055629,5.273485571902635,1.8271134337862052,1.6021117926373578
3,477-493,64,0.03071525555917577,-0.14965153284721405,2.3082636840985113,-5.479464740261305,4.898396952544942,1.9126949726753577,1.812255437107859
3,477-496,64,-0.08532775632834566,-0.4744364507900095,2.178032693823656,-5.24499785300826,5.916182696390403,1.7598162463964349,1.575262545123527
3,477-498,64,-0.3145740418823321,-0.1876776428903673,2.1864663224389433,-5.507271845194299,4.418032394035194,1.7768996556048657,1.6728449670133285
3,477-501,64,-0.26906679354230423,-0.3726264701958577,2.311656037362152,-5.230203129177903,5.981268784287641,1.7528089093308716,1.2014307374105642
3,477-505,64,-0.014489044787834155,-0.019442444908031598,2.4103560635379164,-5.734026576632621,4.83366820659044,1.8287344841913564,1.319350826329236
3,478-484,64,0.14473116413651516,-0.19533097587371281,2.5811432714020857,-7.850818656066481,6.2032823008693265,1.9163132570707175,1.415132294197453
3,478-493,64,-0.31012967071852043,-0.318158820082464,2.423023876519974,-7.130728395625378,5.508681495815374,1.8564952862244581,1.3437782963888754
3,478-496,64,0.24182081540495218,0.3696210358377481,2.411392403220158,-5.984773068614501,4.784415364585698,1.97078429405478,1.6316059715654858
3,478-498,64,0.3881989485683448,0.4523687434354586,2.1091781983501363,-6.301305207474255,5.949477370362814,1.6341453701306525,1.3786518124999634
3,478-501,64,-0.20599368258018005,-0.28631853663482976,2.478100662740064,-5.823867527553075,5.00409608558685,1.8550770383339494,1.1307331050498428
3,478-505,64,-0.17014984100434585,-0.3073307250005603,2.5904455333499334,-5.632030603551437,7.8074131189737,2.095176452558177,2.0389575062038583
3,484-493,64,0.09190149238410364,0.1978355538246006,2.5941018448422315,-4.806844962496221,7.70465348337492,2.0361099861383765,1.6675651786761252
3,484-496,64,-0.05027719269497881,-0.23293488998532752,2.459039363671499,-5.277955466517819,6.168231306495042,2.0039450649170596,1.6881467141048132
3,484-498,64,0.3456682827862349,0.5379125622637474,2.2818872064514126,-5.42792479492938,6.198335381941246,1.8296136213592014,1.5018876664560359
3,484-501,64,-0.2562277915452817,-0.6300732069000983,2.6497855995857487,-7.493973856301329,5.57552425488945,2.0468485222380495,1.6668948859332904
3,484-505,64,0.3798000810209712,0.704307903279807,2.786033034396713,-8.339347810625693,5.701583552104686,2.2174364340095014,1.9989640962106525
3,493-496,64,-0.17527964968569984,0.19219818028556643,2.6034399198414815,-5.913367776547008,5.66056889106632,2.077799001987444,1.7825386540997394
3,493-498,64,0.05489424146820303,0.10872182860158716,2.501733119461732,-6.539691455797969,6.887551364643584,1.88215569317697,1.3643561594823796
3,493-501,64,0.6339013060462168,0.6611155775486846,2.671965233856137,-6.719183559638897,8.771832573624978,2.166509376153452,1.8080782978001575
3,493-505,64,-0.015915484578335075,0.07062918242294453,2.7894631736729716,-7.386509497592268,5.311719678895728,2.179111923663635,1.8944720641444843
3,496-498,64,2.661419359063083e-05,0.01118906017075065,2.16363288568393,-4.102735082558396,4.22326428993194,1.7315618089295004,1.4863375808670964
3,496-501,64,0.4141149355826189,0.4351464995109492,2.436703956186694,-6.5659316414391835,4.960116157241698,2.0282047009789195,1.8464243681826211
3,496-505,64,0.39854184624633254,0.5675372024795948,2.6219906332982585,-6.987983456938045,6.973704244700273,2.0615621735097314,1.4952485392612558
3,498-501,64,-0.030046604427293927,-0.08021641049374126,2.3294418106598282,-4.841784689727475,4.616073375822678,1.8942970621287372,1.9269266767487996
3,498-505,64,0.6322553592958249,0.687947249173559,2.4448288307797874,-6.237975061339136,7.156272979282916,1.9048617379185593,1.6406877056270948
3,501-505,64,-0.09973966670248267,0.15180410018263885,2.634547506391558,-6.307647974798903,5.288587503592003,2.078262720763229,1.9315797460258786
