residue_pair,Library 1,Library 2,Library 3,cross_library_mean,cross_library_sd,all_same_sign
498-505,1.5119551821443662,1.5751753699547393,0.687947249173559,1.258359267090888,0.4950016168408789,True
496-501,1.141584891984115,1.7189099137787796,0.4351464995109492,1.098547101757948,0.6429629184438345,True
493-501,0.6606707449986251,1.1290083622154836,0.6611155775486846,0.8169315615875977,0.2702665287944519,True
484-493,1.0112027411541913,0.8675342647056408,0.1978355538246006,0.6921908532281442,0.4341088910832596,True
496-498,0.6595096712065965,0.8593693514279201,0.01118906017075065,0.5100226942684224,0.4434097640161523,True
501-505,0.44281234380875084,0.6123442625480305,0.15180410018263885,0.4023202355131401,0.23292492012138363,True
484-505,0.12981478384011208,0.18049167727702298,0.704307903279807,0.338204788132314,0.31806548865387435,True
477-493,0.5253923115038873,0.47716084740539744,-0.14965153284721405,0.28430054202069016,0.37658647213341373,False
493-498,0.14741220876801958,0.46805087002393947,0.10872182860158716,0.24139496913118208,0.1972407397990749,True
493-505,0.22997245041734,0.34027150318699695,0.07062918242294453,0.21362437867576048,0.13556249434857306,True
498-501,0.2603573142550555,0.40715779895853765,-0.08021641049374126,0.19576623423995063,0.2500248202138074,False
478-498,-0.18308550186407613,0.24674930673374582,0.4523687434354586,0.17201084943504275,0.32425283686784123,False
484-498,-0.2169077948481234,0.0023919546715101547,0.5379125622637474,0.10779890736237806,0.38829294628450844,False
478-496,0.17017649427758533,-0.2188335556124194,0.3696210358377481,0.10698799150097134,0.29927293848936376,False
496-505,-0.2665561274630791,0.01101719702398933,0.5675372024795948,0.10399942401350169,0.4247495634672995,False
477-478,0.1167797387677849,0.2586864053779916,-0.18569340545857438,0.0632575795624007,0.2269731706926843,False
484-496,0.6002240188963407,-0.24167359030424485,-0.23293488998532752,0.04187184620225611,0.4835669062135762,False
478-505,-0.1536380755728744,0.4414472799647515,-0.3073307250005603,-0.006507173536227724,0.39547787792814165,False
477-496,0.3496095697837618,0.05196747819330988,-0.4744364507900095,-0.024286467604312616,0.4172816305484189,False
477-505,-0.017415149291887283,-0.24640665242889037,-0.019442444908031598,-0.09442141554293641,0.13162697920767785,True
477-484,-0.816608113978099,0.12183169531160659,0.3051854938896436,-0.12986364159228295,0.6017625209562353,False
478-484,-0.006187354358220487,-0.4204941062385461,-0.19533097587371281,-0.20733747882349315,0.2074141707989566,True
477-498,-0.32592439729908973,-0.17776155309019193,-0.1876776428903673,-0.2304545310932163,0.08282785596800639,True
478-501,-0.05628008483718594,-0.39438681850197244,-0.28631853663482976,-0.24566181332466272,0.17268111564414718,True
478-493,-0.28605919536931385,-0.34912286271604853,-0.318158820082464,-0.3177802927226088,0.03153353765479734,True
484-501,-0.183984870238697,-0.3820996642184191,-0.6300732069000983,-0.3987192471190715,0.22350807351900662,True
493-496,-0.9119660510949735,-0.6459161046495856,0.19219818028556643,-0.4552279918196643,0.5762517937030844,False
477-501,-0.5215778047501003,-0.9921959077730484,-0.3726264701958577,-0.6288000609063354,0.32340227450708214,True
