residue_triplet,cross_library_mean,cross_library_mean_abs
484-498-501,0.8212569265899784,0.8212569265899784
493-498-505,0.7054458395168739,0.7054458395168739
496-498-505,0.30180331498467056,0.8522210415636611
478-496-505,-0.03941287735966048,1.0704955844159727
478-493-498,-0.07008016917897009,0.7473446601269202
493-496-501,-0.15071273775734165,0.8326495479343379
477-493-501,-0.2148728189851089,0.6980194280724833
477-493-498,-0.360776048651912,0.7666255346714638
477-501-505,-0.6997488134133777,0.6997488134133777
484-496-505,-1.3142301221445922,1.3142301221445922
498-501-505,-1.3482947627334159,1.3482947627334159
496-498-501,-1.7060313026989153,1.7060313026989153
