residue_pair,cross_library_median_abs_epsilon,cross_library_mean_abs_epsilon
496-501,1.7774512101201558,2.0126741602954747
498-505,1.660167684596604,2.0152440545942345
498-501,1.645061095408246,1.7890344254656672
501-505,1.5696778090824333,1.8258140153933293
493-501,1.535467364668582,1.8321930652107337
484-505,1.4337634430896884,1.614155245143495
496-498,1.4093444589485296,1.6487130783024104
484-493,1.395033434152615,1.6586285639104965
477-493,1.3923367521265078,1.6445740274792353
477-484,1.369437735379097,1.5900500912503022
478-505,1.3667522838655737,1.6071645985936083
477-501,1.3402267951228775,1.6932541485342354
493-505,1.336040853153411,1.6428280283445027
484-501,1.3221656275850577,1.5960605432388775
493-496,1.315567423748613,1.6585621427618207
496-505,1.3117911879078095,1.7040277696662798
477-496,1.3107297961046112,1.557437247050382
478-496,1.2827247471904653,1.5726013092377318
477-498,1.280722963840085,1.5697787062385036
484-496,1.2742122004665395,1.545292759163613
477-478,1.2036755114422126,1.5134231460214764
478-501,1.2033439393746388,1.557875343942544
478-484,1.1794361908735498,1.5347136588348282
484-498,1.1642186847395732,1.493494753118327
478-498,1.1387558348158147,1.44427408118718
493-498,1.1295494172346967,1.5365722831582593
478-493,1.1264202420662848,1.5194862902348099
477-505,1.1243698798533093,1.540819246634985
