library_id,residue_triplet,n_backgrounds,mean_epsilon_3,median_epsilon_3,sd_epsilon_3,min_epsilon_3,max_epsilon_3,mean_abs_epsilon_3,median_abs_epsilon_3
1,477-493-498,32,-1.081156953942658,-1.6911023749850633,3.313778230191221,-8.24889305281393,6.406260856446962,2.7730099057809285,2.0098878036399146
1,477-493-501,32,-1.1549851767731532,-0.5224795475509334,3.141066992622829,-7.592870889295454,4.986161520234269,2.696055571485417,2.7157229959361855
1,477-501-505,32,-0.8507663867277518,-0.6618524934276023,2.831435977582457,-8.001600524528765,5.264798539132881,2.2750245573710437,1.5222726735940426
1,478-493-498,32,0.842593554595984,1.0158967364219254,2.38184418044595,-3.8185098997373,7.247059646083203,2.001219562156617,1.5677096723419441
1,478-496-505,32,0.5313990452216968,0.6356603355521155,2.7578320856370184,-7.596488794391826,6.442906427440325,2.1083976106399436,1.6017752552146574
1,484-496-505,32,-0.5529367101200545,-0.5983776213754703,2.56442772685967,-5.451529555314383,4.572926605077055,2.0576499365599252,1.8058227471107569
1,484-498-501,32,0.7319363536440987,0.7777147939297302,2.8559632974063898,-5.649254905426927,6.144238736791491,2.25775168294368,1.484376454666943
1,493-496-501,32,1.222775138414205,1.0229052152654943,2.774562867066439,-5.948578926259535,6.458015438635461,2.4413998458665467,2.0127279140054455
1,493-498-505,32,0.33071031438538245,0.5533774624072726,2.6234657099536554,-5.879435694401796,6.8038018139638705,2.1361385673458124,2.0125375782066204
1,496-498-501,32,-1.6449281896760364,-1.9909337545198316,2.71259550878328,-7.113745208754453,2.7682382282463025,2.5396116415242993,2.168607047512963
1,496-498-505,32,0.5600454103140631,0.7468042195280241,2.5890284268162325,-4.830534803014409,7.392304695211346,2.0759658395090854,1.7956510144575346
1,498-501-505,32,-1.1618233719130675,-0.9789892877913554,2.4759196286720973,-5.536799600842514,3.3530376321056092,2.2192558887533553,2.036965394227141
2,477-493-498,32,0.6639898670153046,0.6058810955062872,1.9835924405495424,-3.3502987393321906,5.854971797732198,1.5807190610884203,1.3560144102639333
2,477-493-501,32,-0.4958828831712219,-0.846858823035455,2.2114074399040753,-5.484457029877037,5.888604946171648,1.7429169679122656,1.1412875966716123
2,477-501-505,32,-0.5156253891410878,-0.435151201340036,2.6264419849595684,-11.194152342869282,4.639167670871057,1.6942383843341506,1.1086587067201796
2,478-493-498,32,-0.2996887529011294,-0.8115347775143977,2.2430837578203744,-5.785168002949719,4.743588828032736,1.8565009327402051,1.4156430186236482
2,478-496-505,32,-0.05395889482339358,0.9109637250323528,2.4838959789791355,-5.10804045633947,4.823108079372059,2.0883876624564026,2.002345813285275
2,484-496-505,32,-0.5628611075463625,-0.8882699945683925,2.353468593978963,-4.004555760339341,4.737780508173462,1.9597841075603366,1.41848093803933
2,484-498-501,32,0.6907233015962898,0.5731405704948553,2.3624685477648018,-2.648300716694436,7.073810189701467,1.8311222351413776,1.512958111569538
2,493-496-501,32,-0.08614083160523353,-0.29470837710118347,2.2135428149163974,-5.956844232170306,4.804908750001791,1.6998182480455342,1.443959902235325
2,493-498-505,32,0.5527906757472689,0.9983329163597335,2.2686821351077024,-5.181577715505371,3.765387123957974,1.9401775070971872,1.7699582777148954
2,496-498-501,32,-1.7136314355607642,-1.8794114313981272,2.348120351990745,-6.925514409105571,3.3084275310564983,2.4673078570840743,2.10289519052464
2,496-498-505,32,1.0202472845488197,0.9842323152944734,2.6744440498497486,-5.244612252946025,8.515685764065758,2.073151678200959,1.407939319090291
2,498-501-505,32,-2.7039543961603,-2.310652270944664,2.5747775935821227,-12.58154224346332,0.634103653209849,2.79578200041034,2.310652270944664
3,477-493-498,32,0.6571498385843616,0.0028931335230403116,3.457864619846037,-7.336211487274386,8.006158968031563,2.7830159600998043,2.63835325055404
3,477-493-501,32,0.25710739958585915,0.7247199136310617,3.6416872520849455,-7.420547766495256,7.1862750205497505,2.8479643146336384,2.1404212634961253
3,477-501-505,32,-0.6186822275908637,-1.0022427454724951,3.6267921339555795,-9.67654647254275,5.942329272115405,2.784574986630989,2.467316154256083
3,478-493-498,32,-0.4416252832612434,-0.4146024664444379,3.109970320309598,-7.663834016531302,5.399602454501861,2.5193077810816944,2.3843388055236976
3,478-496-505,32,0.028522012135664965,-1.6648626926634498,3.75582306530198,-6.006687873931451,8.630208963649963,3.206695931444589,2.852813045238597
3,484-496-505,32,-1.9050032203661906,-2.456042750489914,3.5448792636494573,-10.105879721927968,3.725262333604798,3.319444861657884,2.8009421237497527
3,484-498-501,32,0.5305590870578778,1.1129154153453498,3.719521962193719,-7.5447839160946,8.382218857466038,2.995282993225486,2.6609180517559787
3,493-496-501,32,-1.093609892876159,-1.1803350514363358,3.6630916227612995,-9.064901859428394,6.629532724370012,3.0636325549874583,2.8200033908508235
3,493-498-505,32,0.31045427017665184,0.5646271397836156,4.0097463743543775,-8.755673361918452,11.062874078017376,3.006198510039141,2.2886719380968668
3,496-498-501,32,-0.5849032268793231,-1.2477487221787873,2.777815430262223,-5.0410438078396105,5.2223641377806365,2.454757800519659,2.356640740276009
3,496-498-505,32,-0.6741071458406172,-0.8256265898684858,2.918491891108566,-7.336284349234099,4.598514015182642,2.4513566213119957,2.3786950809559526
3,498-501-505,32,-0.7063522697889808,-0.755242729464228,3.6471581415789234,-7.256655482169673,8.141029233266778,2.894652485119334,2.294713290586805
