library_id,wo,mut_count,ddelta,predicted_full_model,residual_full_model
1,OOOOOOOO,8,0.5312848050339358,0.5312848050338502,8.559819519859957e-14
1,OOOOOOOW,7,0.0161236056161265,0.01612360561617232,-4.582098589445138e-14
1,OOOOOOWO,7,-1.3244133166560796,-1.3244133166559497,-1.2989609388114332e-13
1,OOOOOOWW,6,-4.241920526698295,-4.241920526698248,-4.707345624410664e-14
1,OOOOOWOO,7,-1.0039951181940112,-1.003995118194045,3.375077994860476e-14
1,OOOOOWOW,6,0.8178091097250844,0.8178091097250194,6.494804694057166e-14
1,OOOOOWWO,6,-2.2438982950261663,-2.243898295026121,-4.529709940470639e-14
1,OOOOOWWW,5,-1.975832386725298,-1.9758323867253407,4.263256414560601e-14
1,OOOOWOOO,7,-0.2036557043725337,-0.20365570437252634,-7.355227538141662e-15
1,OOOOWOOW,6,-0.2610664240050931,-0.26106642400513136,3.824718319833664e-14
1,OOOOWOWO,6,-0.3036057598211752,-0.3036057598209826,-1.9262369477246466e-13
1,OOOOWOWW,5,-0.8695318527946427,-0.8695318527946568,1.4099832412739488e-14
1,OOOOWWOO,6,-0.1868929573419746,-0.18689295734191125,-6.336597913048081e-14
1,OOOOWWOW,5,-0.4797545518176432,-0.4797545518176779,3.469446951953614e-14
1,OOOOWWWO,5,-0.9717361097935516,-0.9717361097935621,1.0436096431476471e-14
1,OOOOWWWW,4,0.2397014392802191,0.239701439280268,-4.8905324234738146e-14
1,OOOWOOOO,7,-4.2430317730544145,-4.243031773054483,6.838973831690964e-14
1,OOOWOOOW,6,-0.101719097511616,-0.10171909751170494,8.894274206028285e-14
1,OOOWOOWO,6,-1.793009096290557,-1.7930090962904814,-7.549516567451064e-14
1,OOOWOOWW,5,-0.8005384011037753,-0.8005384011038487,7.338574192772285e-14
1,OOOWOWOO,6,0.2948007359132479,0.29480073591324507,2.831068712794149e-15
1,OOOWOWOW,5,-0.030722975170918,-0.030722975171017075,9.907352715998741e-14
1,OOOWOWWO,5,-2.993899756075626,-2.9938997560756726,4.6629367034256575e-14
1,OOOWOWWW,4,-1.0781803538864794,-1.0781803538865726,9.325873406851315e-14
1,OOOWWOOO,6,0.6111860525586681,0.611186052558654,1.4099832412739488e-14
1,OOOWWOOW,5,1.711247690579918,1.711247690579865,5.306866057708248e-14
1,OOOWWOWO,5,-0.4736286838589003,-0.47362868385885226,-4.801714581503802e-14
1,OOOWWOWW,4,-1.7960083481228308,-1.7960083481228257,-5.10702591327572e-15
1,OOOWWWOO,5,-0.2092484709376461,-0.20924847093767907,3.297362383136715e-14
1,OOOWWWOW,4,-0.0105972729988822,-0.01059727299891755,3.5350194993455375e-14
1,OOOWWWWO,4,0.0809588326465073,0.08095883264652637,-1.9068080447937064e-14
1,OOOWWWWW,3,-1.3676800256755954,-1.3676800256756412,4.574118861455645e-14
1,OOWOOOOO,7,1.1340150862492528,1.1340150862492835,-3.064215547965432e-14
1,OOWOOOOW,6,0.9379229769780296,0.937922976977943,8.659739592076221e-14
1,OOWOOOWO,6,0.5522335603017225,0.5522335603017506,-2.808864252301646e-14
1,OOWOOOWW,5,-1.401102131900421,-1.4011021319003674,-5.3734794391857577e-14
1,OOWOOWOO,6,-0.3148782852487056,-0.31487828524871764,1.2045919817182948e-14
1,OOWOOWOW,5,0.0220095738344002,0.02200957383443447,-3.42711969913978e-14
1,OOWOOWWO,5,-1.463219118160121,-1.463219118160135,1.3988810110276972e-14
1,OOWOOWWW,4,-1.182897720961368,-1.1828977209613192,-4.884981308350689e-14
1,OOWOWOOO,6,-0.1451324659097083,-0.14513246590967588,-3.241851231905457e-14
1,OOWOWOOW,5,1.342254906999789,1.342254906999825,-3.597122599785507e-14
1,OOWOWOWO,5,0.3731641318534773,0.37316413185354824,-7.09432512735475e-14
1,OOWOWOWW,4,-2.2752109933862217,-2.275210993386181,-4.085620730620576e-14
1,OOWOWWOO,5,-0.0446885252048102,-0.04468852520471012,-1.0008660566995786e-13
1,OOWOWWOW,4,0.5584796384696077,0.5584796384696027,4.9960036108132044e-15
1,OOWOWWWO,4,-1.029239479425113,-1.0292394794250836,-2.930988785010413e-14
1,OOWOWWWW,3,0.3940272123317545,0.3940272123318094,-5.490052856771399e-14
1,OOWWOOOO,6,1.007344104356105,1.0073441043561004,4.6629367034256575e-15
1,OOWWOOOW,5,-1.3952085112507842,-1.3952085112508352,5.10702591327572e-14
1,OOWWOOWO,5,0.0848759650165043,0.08487596501655281,-4.851674617611934e-14
1,OOWWOOWW,4,-0.3239078552347625,-0.32390785523480725,4.474198789239381e-14
1,OOWWOWOO,5,0.1711089180811564,0.1711089180811226,3.3806291099836017e-14
1,OOWWOWOW,4,0.6479792047367596,0.647979204736696,6.361577931102147e-14
1,OOWWOWWO,4,-0.8975230403324955,-0.8975230403325226,2.708944180085382e-14
1,OOWWOWWW,3,0.0773337455146342,0.07733374551457994,5.4262150328554526e-14
1,OOWWWOOO,5,0.6636692364651086,0.6636692364651294,-2.0872192862952943e-14
1,OOWWWOOW,4,0.4617745337074833,0.46177453370738164,1.0164091790443308e-13
1,OOWWWOWO,4,-1.1914522820239433,-1.1914522820239402,-3.1086244689504383e-15
1,OOWWWOWW,3,-0.675257689158008,-0.6752576891580842,7.616129948928574e-14
1,OOWWWWOO,4,0.95981692291885,0.959816922918829,2.098321516541546e-14
1,OOWWWWOW,3,0.9918406682539698,0.9918406682539511,1.865174681370263e-14
1,OOWWWWWO,3,-1.060943499960725,-1.0609434999607137,-1.1324274851176597e-14
1,OOWWWWWW,2,0.8657551785421247,0.8657551785420892,3.552713678800501e-14
1,OWOOOOOO,7,-0.1173764571359502,-0.11737645713600064,5.044575868140555e-14
1,OWOOOOOW,6,-0.0949927097424483,-0.09499270974243534,-1.2961853812498703e-14
1,OWOOOOWO,6,-2.031389014303032,-2.03138901430295,-8.215650382226158e-14
1,OWOOOOWW,5,-4.795267621519672,-4.795267621519582,-8.970602038971265e-14
1,OWOOOWOO,6,-1.4216844049775168,-1.4216844049775337,1.687538997430238e-14
1,OWOOOWOW,5,1.203166947949909,1.2031669479498879,2.1094237467877974e-14
1,OWOOOWWO,5,-0.4347278811956743,-0.4347278811956169,-5.739853037312059e-14
1,OWOOOWWW,4,-1.3954775953408651,-1.395477595340839,-2.6201263381153694e-14
1,OWOOWOOO,6,0.6666477621239233,0.6666477621240002,-7.693845560652335e-14
1,OWOOWOOW,5,0.3128052279531961,0.3128052279532195,-2.3425705819590803e-14
1,OWOOWOWO,5,-2.4167920705174564,-2.4167920705173587,-9.769962616701378e-14
1,OWOOWOWW,4,-0.4528699655128048,-0.45286996551274095,-6.38378239159465e-14
1,OWOOWWOO,5,0.4962228302154863,0.49622283021544933,3.697042672001771e-14
1,OWOOWWOW,4,0.0621645532758575,0.062164553275858236,-7.355227538141662e-16
1,OWOOWWWO,4,-0.0835146562752669,-0.08351465627525234,-1.4557799410397365e-14
1,OWOOWWWW,3,-0.3598588288048556,-0.359858828804838,-1.759703494030873e-14
1,OWOWOOOO,6,1.011504015681316,1.0115040156812962,1.9761969838327786e-14
1,OWOWOOOW,5,0.3434796152361166,0.34347961523607895,3.7636560534792807e-14
1,OWOWOOWO,5,-1.837698011724572,-1.837698011724568,-3.9968028886505635e-15
1,OWOWOOWW,4,-1.9141624260493784,-1.9141624260493804,1.9984014443252818e-15
1,OWOWOWOO,5,-1.4667511460478424,-1.4667511460479417,9.9253938401489e-14
1,OWOWOWOW,4,0.026896699465714,0.026896699465651097,6.290454268587098e-14
1,OWOWOWWO,4,-1.5915961634756948,-1.591596163475741,4.618527782440651e-14
1,OWOWOWWW,3,-2.859425963947354,-2.8594259639473623,8.43769498715119e-15
1,OWOWWOOO,5,0.5261076514019336,0.5261076514019166,1.6986412276764895e-14
1,OWOWWOOW,4,-0.53639922048268,-0.5363992204826754,-4.551914400963142e-15
1,OWOWWOWO,4,-2.6534065730470684,-2.6534065730470746,6.217248937900877e-15
1,OWOWWOWW,3,-3.328275256505707,-3.3282752565056843,-2.2648549702353193e-14
1,OWOWWWOO,4,-1.8934703267431123,-1.8934703267431279,1.554312234475219e-14
1,OWOWWWOW,3,-1.2384054906644812,-1.238405490664519,3.774758283725532e-14
1,OWOWWWWO,3,-3.061959923097001,-3.061959923096986,-1.509903313490213e-14
1,OWOWWWWW,2,-0.0976591896880845,-0.09765918968814935,6.485090242591696e-14
1,OWWOOOOO,6,0.8666196367683481,0.8666196367683622,-1.4099832412739488e-14
1,OWWOOOOW,5,-0.2069833614602269,-0.20698336146021068,-1.6209256159527285e-14
1,OWWOOOWO,5,-1.6546690497153311,-1.6546690497152734,-5.773159728050814e-14
1,OWWOOOWW,4,-4.380465937671078,-4.380465937671056,-2.1316282072803006e-14
1,OWWOOWOO,5,-1.0206397762834651,-1.0206397762834705,5.329070518200751e-15
1,OWWOOWOW,4,0.8906301571235551,0.8906301571235163,3.8746783559417963e-14
1,OWWOOWWO,4,-5.524144533559121,-5.524144533559104,-1.687538997430238e-14
1,OWWOOWWW,3,-4.34124485152118,-4.341244851521125,-5.5067062021407764e-14
1,OWWOWOOO,5,-0.025916241885496,-0.02591624188542585,-7.014874792155013e-14
1,OWWOWOOW,4,-0.1596334924017212,-0.15963349240166502,-5.617728504603292e-14
1,OWWOWOWO,4,0.2667545620182734,0.26675456201837144,-9.803269307440132e-14
1,OWWOWOWW,3,-1.3578124234990614,-1.3578124234990336,-2.7755575615628914e-14
1,OWWOWWOO,4,0.7028596727090476,0.7028596727090943,-4.674038933671909e-14
1,OWWOWWOW,3,0.4741239995990028,0.47412399959899265,1.0158540675320182e-14
1,OWWOWWWO,3,-0.8647305722967286,-0.8647305722966471,-8.149037000748649e-14
1,OWWOWWWW,2,-0.0259900158131077,-0.025990015813064593,-4.3107878378023656e-14
1,OWWWOOOO,5,3.575571187999444,3.5755711879994982,-5.417888360170764e-14
1,OWWWOOOW,4,0.9422930649138438,0.9422930649137894,5.440092820663267e-14
1,OWWWOOWO,4,0.0320991081279296,0.03209910812800054,-7.09432512735475e-14
1,OWWWOOWW,3,-0.0206712159126963,-0.020671215912757446,6.11455330812305e-14
1,OWWWOWOO,4,-0.0701619967647396,-0.07016199676473478,-4.8155923693116165e-15
1,OWWWOWOW,3,-0.4655035532104041,-0.46550355321044434,4.0245584642661925e-14
1,OWWWOWWO,3,-1.193039689375697,-1.193039689375699,1.9984014443252818e-15
1,OWWWOWWW,2,-1.284511520413227,-1.284511520413227,0.0
1,OWWWWOOO,4,1.339059544814838,1.3390595448149112,-7.327471962526033e-14
1,OWWWWOOW,3,0.3787123979426411,0.3787123979426288,1.2323475573339238e-14
1,OWWWWOWO,3,-0.1798774783862918,-0.1798774783862579,-3.391731340229853e-14
1,OWWWWOWW,2,1.1597541689983883,1.1597541689983901,-1.7763568394002505e-15
1,OWWWWWOO,3,-0.7158901725460095,-0.7158901725459869,-2.2648549702353193e-14
1,OWWWWWOW,2,0.3549021821675754,0.35490218216758695,-1.1546319456101628e-14
1,OWWWWWWO,2,-0.9612777005309336,-0.9612777005309147,-1.8984813721090177e-14
1,OWWWWWWW,1,0.2013577232468274,0.2013577232468429,-1.5487611193520934e-14
1,WOOOOOOO,7,0.3897423055051205,0.38974230550503786,8.26561041833429e-14
1,WOOOOOOW,6,1.391537771228118,1.3915377712280552,6.283862319378386e-14
1,WOOOOOWO,6,-0.7957135379488098,-0.7957135379488601,5.029310301551959e-14
1,WOOOOOWW,5,-4.44217927477742,-4.442179274777385,-3.4638958368304884e-14
1,WOOOOWOO,6,-1.38970244356989,-1.3897024435699339,4.39648317751562e-14
1,WOOOOWOW,5,1.2069097426562465,1.206909742656196,5.040412531798211e-14
1,WOOOOWWO,5,-6.054554233899022,-6.054554233899053,3.019806626980426e-14
1,WOOOOWWW,4,-4.449744486224469,-4.4497444862244695,8.881784197001252e-16
1,WOOOWOOO,6,3.4164625768736956,3.4164625768736534,4.218847493575595e-14
1,WOOOWOOW,5,0.5549004937244519,0.5549004937244267,2.5202062658991053e-14
1,WOOOWOWO,5,-1.2626263702689784,-1.2626263702689813,2.886579864025407e-15
1,WOOOWOWW,4,-2.410897105025449,-2.4108971050254113,-3.774758283725532e-14
1,WOOOWWOO,5,0.0418532926575728,0.041853292657591745,-1.8943180357666733e-14
1,WOOOWWOW,4,-0.2952844090348651,-0.29528440903489084,2.5757174171303632e-14
1,WOOOWWWO,4,-2.2513147056897753,-2.251314705689755,-2.042810365310288e-14
1,WOOOWWWW,3,-0.7453972352270843,-0.7453972352270654,-1.8984813721090177e-14
1,WOOWOOOO,6,1.3607657934300132,1.3607657934299673,4.596323321948148e-14
1,WOOWOOOW,5,0.229056252089985,0.2290562520899414,4.360400929215302e-14
1,WOOWOOWO,5,-0.5051307718043136,-0.5051307718043357,2.2093438190040615e-14
1,WOOWOOWW,4,-3.5524691577025815,-3.5524691577025878,6.217248937900877e-15
1,WOOWOWOO,5,-0.7518273798963498,-0.7518273798964418,9.192646643896296e-14
1,WOOWOWOW,4,1.0875882937288386,1.0875882937288246,1.3988810110276972e-14
1,WOOWOWWO,4,-4.000744609773195,-4.000744609773253,5.861977570020827e-14
1,WOOWOWWW,3,0.6861351482752152,0.6861351482752409,-2.5757174171303632e-14
1,WOOWWOOO,5,0.7181157141509334,0.718115714150836,9.747758156208874e-14
1,WOOWWOOW,4,-0.4214354799677018,-0.4214354799677972,9.536815781530095e-14
1,WOOWWOWO,4,-1.6786595337818018,-1.6786595337818322,3.042011087472929e-14
1,WOOWWOWW,3,-0.2516310012564511,-0.2516310012564765,2.5424107263916085e-14
1,WOOWWWOO,4,-0.2637408327541579,-0.2637408327541467,-1.1157741397482823e-14
1,WOOWWWOW,3,-0.9362320027628656,-0.9362320027628529,-1.2656542480726785e-14
1,WOOWWWWO,3,-1.9235354692196576,-1.9235354692196531,-4.440892098500626e-15
1,WOOWWWWW,2,-0.1545934879589745,-0.15459348795899752,2.300937218535637e-14
1,WOWOOOOO,6,-0.3958536588858914,-0.3958536588858367,-5.473399511402022e-14
1,WOWOOOOW,5,0.3515516461405973,0.35155164614062395,-2.6645352591003757e-14
1,WOWOOOWO,5,-2.357852371671735,-2.357852371671735,0.0
1,WOWOOOWW,4,-3.5576688921439747,-3.5576688921439543,-2.042810365310288e-14
1,WOWOOWOO,5,-1.988245625090372,-1.9882456250903844,1.2434497875801753e-14
1,WOWOOWOW,4,1.416059477233525,1.4160594772335218,3.3306690738754696e-15
1,WOWOOWWO,4,-3.8016507223772704,-3.8016507223772877,1.7319479184152442e-14
1,WOWOOWWW,3,-4.466301331710586,-4.46630133171057,-1.5987211554602254e-14
1,WOWOWOOO,5,0.8347191910752125,0.8347191910752386,-2.609024107869118e-14
1,WOWOWOOW,4,0.1727303781748663,0.1727303781748578,8.493206138382448e-15
1,WOWOWOWO,4,-1.453128440730325,-1.453128440730291,-3.419486915845482e-14
1,WOWOWOWW,3,-1.1975161552363809,-1.197516155236387,6.217248937900877e-15
1,WOWOWWOO,4,-0.4967578512752352,-0.49675785127522143,-1.3766765505351941e-14
1,WOWOWWOW,3,0.1174157080664106,0.11741570806640045,1.0158540675320182e-14
1,WOWOWWWO,3,-4.853224686498,-4.8532246864980095,9.769962616701378e-15
1,WOWOWWWW,2,-0.1652380177287953,-0.16523801772878366,-1.1629586182948515e-14
1,WOWWOOOO,5,2.019008080654355,2.019008080654318,3.730349362740526e-14
1,WOWWOOOW,4,0.7199898027094931,0.7199898027094535,3.963496197911809e-14
1,WOWWOOWO,4,-0.1542603910462895,-0.15426039104630662,1.712519015484304e-14
1,WOWWOOWW,3,-0.9390839698025986,-0.9390839698026271,2.853273173286652e-14
1,WOWWOWOO,4,0.906853954489921,0.9068539544899702,-4.9182879990894435e-14
1,WOWWOWOW,3,1.0369293203306524,1.0369293203306391,1.3322676295501878e-14
1,WOWWOWWO,3,-2.728092610736215,-2.7280926107362133,-1.7763568394002505e-15
1,WOWWOWWW,2,-1.0496676084823122,-1.049667608482311,-1.1102230246251565e-15
1,WOWWWOOO,4,1.1940225437909535,1.1940225437909353,1.8207657603852567e-14
1,WOWWWOOW,3,0.7309450173976125,0.7309450173975738,3.8746783559417963e-14
1,WOWWWOWO,3,0.3695863227749542,0.3695863227749433,1.0880185641326534e-14
1,WOWWWOWW,2,-0.3818790753918778,-0.38187907539187294,-4.884981308350689e-15
1,WOWWWWOO,3,-0.0211034537018093,-0.02110345370182809,1.8790524691780774e-14
1,WOWWWWOW,2,0.8541037199675112,0.8541037199675248,-1.354472090042691e-14
1,WOWWWWWO,2,-0.2505328306042767,-0.2505328306042719,-4.829470157119431e-15
1,WOWWWWWW,1,1.238939042277788,1.2389390422778286,-4.063416270128073e-14
1,WWOOOOOO,6,-0.2959528833651051,-0.29595288336514025,3.5138558729386205e-14
1,WWOOOOOW,5,0.8499534391435548,0.8499534391435298,2.4980018054066022e-14
1,WWOOOOWO,5,-1.3365709489923612,-1.33657094899235,-1.1102230246251565e-14
1,WWOOOOWW,4,-0.7748147424633962,-0.7748147424633668,-2.942091015256665e-14
1,WWOOOWOO,5,1.130498107251316,1.1304981072513107,5.329070518200751e-15
1,WWOOOWOW,4,-0.0004200054030543,-0.00042000540311126766,5.696766842977485e-14
1,WWOOOWWO,4,-7.149398317559133,-7.149398317559148,1.4210854715202004e-14
1,WWOOOWWW,3,-3.864316972757355,-3.864316972757376,2.0872192862952943e-14
1,WWOOWOOO,5,1.4093153893521784,1.4093153893521948,-1.6431300764452317e-14
1,WWOOWOOW,4,-0.2974357787777402,-0.29743577877775784,1.765254609153999e-14
1,WWOOWOWO,4,-0.5773591389281192,-0.5773591389281133,-5.88418203051333e-15
1,WWOOWOWW,3,-1.0082340402931274,-1.0082340402930785,-4.884981308350689e-14
1,WWOOWWOO,4,0.630462574848418,0.6304625748484091,8.881784197001252e-15
1,WWOOWWOW,3,0.1272454044741914,0.12724540447419896,-7.577272143066693e-15
1,WWOOWWWO,3,-2.814924822539176,-2.8149248225391656,-1.021405182655144e-14
1,WWOOWWWW,2,1.0007266265871746,1.0007266265871881,-1.354472090042691e-14
1,WWOWOOOO,5,0.4539326419822193,0.45393264198215555,6.372680161348399e-14
1,WWOWOOOW,4,1.0826350552458417,1.0826350552458193,2.2426505097428162e-14
1,WWOWOOWO,4,-0.5999573572195562,-0.5999573572195568,5.551115123125783e-16
1,WWOWOOWW,3,-0.6669759629113678,-0.6669759629113933,2.5424107263916085e-14
1,WWOWOWOO,4,-0.8177242644021276,-0.8177242644021611,3.341771304121721e-14
1,WWOWOWOW,3,0.3127818115096052,0.3127818115095816,2.3592239273284576e-14
1,WWOWOWWO,3,-2.6165513411268178,-2.61655134112682,2.220446049250313e-15
1,WWOWOWWW,2,0.1473612955318213,0.14736129553182098,3.3306690738754696e-16
1,WWOWWOOO,4,0.9514307718341756,0.9514307718341682,7.327471962526033e-15
1,WWOWWOOW,3,-1.723912354222156,-1.7239123542221462,-9.769962616701378e-15
1,WWOWWOWO,3,-0.7154811648313519,-0.7154811648313427,-9.2148511043888e-15
1,WWOWWOWW,2,-1.7808581738457754,-1.7808581738457376,-3.774758283725532e-14
1,WWOWWWOO,3,-0.3896331132091998,-0.3896331132092039,4.107825191113079e-15
1,WWOWWWOW,2,-0.5535318585749873,-0.5535318585750115,2.4202861936828413e-14
1,WWOWWWWO,2,-0.253624760940657,-0.2536247609406602,3.219646771412954e-15
1,WWOWWWWW,1,-0.868673660828471,-0.8686736608285025,3.1530333899354446e-14
1,WWWOOOOO,5,-0.1124073205607569,-0.11240732056077485,1.7943979635504093e-14
1,WWWOOOOW,4,0.8379960061948981,0.837996006194898,1.1102230246251565e-16
1,WWWOOOWO,4,-2.879699784531533,-2.879699784531503,-3.019806626980426e-14
1,WWWOOOWW,3,-2.8640063317977544,-2.864006331797745,-9.325873406851315e-15
1,WWWOOWOO,4,-1.1577355376906384,-1.1577355376906522,1.3766765505351941e-14
1,WWWOOWOW,3,0.9094355878491284,0.909435587849109,1.9317880628477724e-14
1,WWWOOWWO,3,-5.515051455417682,-5.515051455417662,-1.9539925233402755e-14
1,WWWOOWWW,2,-4.700530765920324,-4.700530765920277,-4.707345624410664e-14
1,WWWOWOOO,4,2.392247785377773,2.3922477853778408,-6.794564910705958e-14
1,WWWOWOOW,3,0.8429664599156617,0.8429664599156361,2.55351295663786e-14
1,WWWOWOWO,3,-0.7721479766513473,-0.7721479766513154,-3.186340080674199e-14
1,WWWOWOWW,2,-2.247307786093552,-2.247307786093557,4.884981308350689e-15
1,WWWOWWOO,3,1.3295707825929488,1.3295707825930103,-6.150635556423367e-14
1,WWWOWWOW,2,-0.5484837546641959,-0.5484837546641692,-2.6645352591003757e-14
1,WWWOWWWO,2,-0.369845108415086,-0.36984510841504814,-3.785860513971784e-14
1,WWWOWWWW,1,-0.645593568255532,-0.6455935682555008,-3.11972669919669e-14
1,WWWWOOOO,4,-2.1477114091538576,-2.147711409153809,-4.8405723873656825e-14
1,WWWWOOOW,3,0.0929282530324871,0.09292825303246943,1.7666423879347803e-14
1,WWWWOOWO,3,-0.1395960570026954,-0.1395960570027076,1.2212453270876722e-14
1,WWWWOOWW,2,-0.5832471349042575,-0.583247134904315,5.750955267558311e-14
1,WWWWOWOO,3,-0.4487608092325755,-0.44876080923253125,-4.424238753131249e-14
1,WWWWOWOW,2,0.9409358526715176,0.9409358526714956,2.19824158875781e-14
1,WWWWOWWO,2,-5.329821271395819,-5.329821271395813,-5.329070518200751e-15
1,WWWWOWWW,1,-1.087615748737118,-1.0876157487371243,6.217248937900877e-15
1,WWWWWOOO,3,0.9972934330845308,0.9972934330845559,-2.5091040356528538e-14
1,WWWWWOOW,2,-0.0606369469346363,-0.0606369469346163,-2.000483112496454e-14
1,WWWWWOWO,2,-0.5746722431497564,-0.5746722431497654,8.992806499463768e-15
1,WWWWWOWW,1,-1.0273762242729243,-1.0273762242728872,-3.708144902248023e-14
1,WWWWWWOO,2,0.8982220279552671,0.8982220279552802,-1.3100631690576847e-14
1,WWWWWWOW,1,0.7426659489732474,0.7426659489732628,-1.532107773982716e-14
1,WWWWWWWO,1,-0.9445579342348038,-0.9445579342348299,2.609024107869118e-14
1,WWWWWWWW,0,0.2592622080110955,0.2592622080111223,-2.681188604469753e-14
2,OOOOOOOO,8,1.030555194897054,1.0305551948972027,-1.4876988529977098e-13
2,OOOOOOOW,7,1.248761588056295,1.248761588056271,2.398081733190338e-14
2,OOOOOOWO,7,-0.1281430158746352,-0.1281430158746819,4.671263376110346e-14
2,OOOOOOWW,6,-3.2445343192407643,-3.2445343192406115,-1.5276668818842154e-13
2,OOOOOWOO,7,0.9383525064526358,0.9383525064527596,-1.2378986724570495e-13
2,OOOOOWOW,6,1.1068743044796117,1.1068743044797162,-1.0458300891968975e-13
2,OOOOOWWO,6,-3.2588651876283925,-3.2588651876284525,5.995204332975845e-14
2,OOOOOWWW,5,-2.5884332652810644,-2.5884332652810498,-1.4654943925052066e-14
2,OOOOWOOO,7,2.7031057479167817,2.70310574791689,-1.0835776720341528e-13
2,OOOOWOOW,6,0.6277997939396653,0.6277997939396289,3.6415315207705135e-14
2,OOOOWOWO,6,0.1076765763653592,0.10767657636524919,1.100092239525452e-13
2,OOOOWOWW,5,-1.817259091434483,-1.8172590914343643,-1.1879386363489175e-13
2,OOOOWWOO,6,0.0782293892793168,0.07822938927944345,-1.2664869153411473e-13
2,OOOOWWOW,5,-0.6486876867494141,-0.6486876867493703,-4.3853809472693683e-14
2,OOOOWWWO,5,-0.948157478744246,-0.9481574787441553,-9.070522111187529e-14
2,OOOOWWWW,4,-0.0868885289153199,-0.0868885289152892,-3.069766663088558e-14
2,OOOWOOOO,7,0.1323667589783014,0.13236675897847472,-1.7330581414398694e-13
2,OOOWOOOW,6,0.2849503084793224,0.28495030847932035,2.0539125955565396e-15
2,OOOWOOWO,6,-1.414471974395806,-1.4144719743957144,-9.170442183403793e-14
2,OOOWOOWW,5,-1.2451693795619705,-1.245169379561869,-1.0147438445073931e-13
2,OOOWOWOO,6,0.5920874462422593,0.5920874462422627,-3.4416913763379853e-15
2,OOOWOWOW,5,0.8764293918835322,0.8764293918834689,6.328271240363392e-14
2,OOOWOWWO,5,-3.899276987470862,-3.8992769874708513,-1.0658141036401503e-14
2,OOOWOWWW,4,-0.6111797619916342,-0.6111797619916317,-2.4424906541753444e-15
2,OOOWWOOO,6,0.1339549836390904,0.13395498363908387,6.522560269672795e-15
2,OOOWWOOW,5,0.2678439523354415,0.2678439523353897,5.179190409876355e-14
2,OOOWWOWO,5,-0.3644101924604959,-0.36441019246051876,2.2870594307278225e-14
2,OOOWWOWW,4,-2.4051699075147304,-2.405169907514731,4.440892098500626e-16
2,OOOWWWOO,5,0.2388095612487101,0.23880956124873065,-2.0539125955565396e-14
2,OOOWWWOW,4,-0.463389096418945,-0.46338909641900616,6.117328865684613e-14
2,OOOWWWWO,4,-1.883696542411454,-1.8836965424114667,1.2656542480726785e-14
2,OOOWWWWW,3,0.3649722500041684,0.3649722500041588,9.603429163007604e-15
2,OOWOOOOO,7,1.873950802882528,1.8739508028826204,-9.237055564881302e-14
2,OOWOOOOW,6,0.3646277093045477,0.3646277093044572,9.048317650695026e-14
2,OOWOOOWO,6,0.1050961722920189,0.10509617229193213,8.676392937445598e-14
2,OOWOOOWW,5,-1.3099304916610843,-1.3099304916611685,8.415490526658687e-14
2,OOWOOWOO,6,1.499334019669668,1.499334019669729,-6.084022174945858e-14
2,OOWOOWOW,5,1.4888987522352344,1.4888987522351724,6.195044477408373e-14
2,OOWOOWWO,5,-2.11465071522002,-2.1146507152200416,2.1760371282653068e-14
2,OOWOOWWW,4,-2.6648932062394253,-2.6648932062394444,1.9095836023552692e-14
2,OOWOWOOO,6,1.4521501625540698,1.4521501625541207,-5.084821452783217e-14
2,OOWOWOOW,5,1.4980613416944697,1.4980613416944422,2.7533531010703882e-14
2,OOWOWOWO,5,0.4355608087754014,0.4355608087753733,2.808864252301646e-14
2,OOWOWOWW,4,-1.2322948197214445,-1.232294819721483,3.8413716652030416e-14
2,OOWOWWOO,5,1.1797631298686786,1.1797631298688278,-1.4921397450962104e-13
2,OOWOWWOW,4,0.5501575237628377,0.5501575237628347,2.9976021664879227e-15
2,OOWOWWWO,4,-0.4915156363011014,-0.49151563630109796,-3.4416913763379853e-15
2,OOWOWWWW,3,0.0269049272915025,0.02690492729145144,5.105985079190134e-14
2,OOWWOOOO,6,1.297206811592258,1.297206811592371,-1.1302070390684094e-13
2,OOWWOOOW,5,1.244418951301102,1.244418951301056,4.596323321948148e-14
2,OOWWOOWO,5,0.7819164287481662,0.7819164287481983,-3.2085445411667024e-14
2,OOWWOOWW,4,0.1653985448083776,0.16539854480835792,1.96787031114809e-14
2,OOWWOWOO,5,1.575876246388468,1.5758762463884632,4.6629367034256575e-15
2,OOWWOWOW,4,1.6632254683877803,1.6632254683877012,7.904787935331115e-14
2,OOWWOWWO,4,-1.6203590734876692,-1.6203590734876807,1.1546319456101628e-14
2,OOWWOWWW,3,-0.3879884572094479,-0.3879884572094736,2.5701663020072374e-14
2,OOWWWOOO,5,0.8274672742015481,0.8274672742015972,-4.907185768843192e-14
2,OOWWWOOW,4,1.679151497397764,1.6791514973977446,1.9317880628477724e-14
2,OOWWWOWO,4,0.9059496313779704,0.9059496313779556,1.4765966227514582e-14
2,OOWWWOWW,3,0.4100777780156355,0.4100777780156053,3.019806626980426e-14
2,OOWWWWOO,4,0.1746911695024502,0.17469116950249186,-4.1661118999059e-14
2,OOWWWWOW,3,1.3484229002785966,1.3484229002785457,5.084821452783217e-14
2,OOWWWWWO,3,0.4872219479242621,0.487221947924262,1.1102230246251565e-16
2,OOWWWWWW,2,1.5788780931452515,1.5788780931452258,2.5757174171303632e-14
2,OWOOOOOO,7,2.0543622106443507,2.0543622106444497,-9.903189379656396e-14
2,OWOOOOOW,6,0.2595325749633747,0.2595325749634696,-9.492406860545088e-14
2,OWOOOOWO,6,-1.8482341613686104,-1.848234161368602,-8.43769498715119e-15
2,OWOOOOWW,5,-2.026009429949352,-2.026009429949279,-7.283063041541027e-14
2,OWOOOWOO,6,0.0724278078995129,0.07242780789955527,-4.2368886177257536e-14
2,OWOOOWOW,5,0.5834118491340154,0.5834118491340277,-1.2212453270876722e-14
2,OWOOOWWO,5,-5.510102740302887,-5.510102740302931,4.3520742565306136e-14
2,OWOOOWWW,4,-1.4927802198194395,-1.4927802198194404,8.881784197001252e-16
2,OWOOWOOO,6,1.0774782209831395,1.077478220983173,-3.352873534367973e-14
2,OWOOWOOW,5,0.0031574044063997,0.0031574044064111018,-1.1401903726726559e-14
2,OWOOWOWO,5,-0.4510386511667728,-0.45103865116676567,-7.105427357601002e-15
2,OWOOWOWW,4,-1.9089012920146664,-1.9089012920146604,-5.995204332975845e-15
2,OWOOWWOO,5,0.2582929360091313,0.2582929360091797,-4.8405723873656825e-14
2,OWOOWWOW,4,0.1015001953213807,0.1015001953213781,2.5951463200613034e-15
2,OWOOWWWO,4,-1.1682377304860152,-1.1682377304859852,-2.9976021664879227e-14
2,OWOOWWWW,3,0.5651319431431564,0.5651319431431288,2.7644553313166398e-14
2,OWOWOOOO,6,-0.5348373656044634,-0.5348373656044079,-5.551115123125783e-14
2,OWOWOOOW,5,-0.1912951045207452,-0.1912951045207374,-7.799316747991725e-15
2,OWOWOOWO,5,-1.4788239684928932,-1.4788239684928424,-5.084821452783217e-14
2,OWOWOOWW,4,-1.7813127163563105,-1.7813127163562472,-6.328271240363392e-14
2,OWOWOWOO,5,0.2948345999186584,0.2948345999186095,4.8905324234738146e-14
2,OWOWOWOW,4,0.1623481779854954,0.16234817798544898,4.6407322429331543e-14
2,OWOWOWWO,4,-3.211469810188291,-3.2114698101883183,2.7533531010703882e-14
2,OWOWOWWW,3,-0.562635082848271,-0.5626350828482642,-6.772360450213455e-15
2,OWOWWOOO,5,-0.8228840896163375,-0.8228840896163556,1.8096635301390052e-14
2,OWOWWOOW,4,-0.402116562550195,-0.40211656255023054,3.552713678800501e-14
2,OWOWWOWO,4,-2.6485659026014536,-2.648565902601476,2.220446049250313e-14
2,OWOWWOWW,3,-1.53981724699619,-1.539817246996175,-1.4876988529977098e-14
2,OWOWWWOO,4,-0.4230524455110969,-0.42305244551110976,1.2878587085651816e-14
2,OWOWWWOW,3,-0.0713072892155253,-0.07130728921555729,3.198830089701232e-14
2,OWOWWWWO,3,-1.1729814476699518,-1.1729814476699494,-2.4424906541753444e-15
2,OWOWWWWW,2,-0.4760512445304409,-0.47605124453041037,-3.0531133177191805e-14
2,OWWOOOOO,6,1.2415105763321197,1.2415105763321808,-6.106226635438361e-14
2,OWWOOOOW,5,0.6103421263986264,0.6103421263986248,1.5543122344752192e-15
2,OWWOOOWO,5,-0.8825043018081233,-0.8825043018081644,4.107825191113079e-14
2,OWWOOOWW,4,-3.627686082061959,-3.627686082061956,-3.1086244689504383e-15
2,OWWOOWOO,5,0.7510648462104279,0.7510648462104521,-2.4202861936828413e-14
2,OWWOOWOW,4,-0.1009315432901429,-0.10093154329019183,4.8933079810353775e-14
2,OWWOOWWO,4,-4.372687977794983,-4.372687977795024,4.085620730620576e-14
2,OWWOOWWW,3,-1.5671480393652286,-1.5671480393653006,7.194245199571014e-14
2,OWWOWOOO,5,1.6850118527449254,1.685011852745008,-8.260059303211165e-14
2,OWWOWOOW,4,0.7144067047631004,0.71440670476311,-9.547918011776346e-15
2,OWWOWOWO,4,-1.452161341772992,-1.4521613417729962,4.218847493575595e-15
2,OWWOWOWW,3,-1.70377919934058,-1.7037791993406024,2.2426505097428162e-14
2,OWWOWWOO,4,0.9460900128762832,0.9460900128763801,-9.681144774731365e-14
2,OWWOWWOW,3,1.7437383197808396,1.7437383197808252,1.4432899320127035e-14
2,OWWOWWWO,3,-1.5289913460486255,-1.528991346048606,-1.9539925233402755e-14
2,OWWOWWWW,2,0.0781132072534695,0.07811320725343995,2.954581024283698e-14
2,OWWWOOOO,5,3.659814565004353,3.659814565004452,-9.903189379656396e-14
2,OWWWOOOW,4,1.149993717830459,1.1499937178304476,1.1324274851176597e-14
2,OWWWOOWO,4,-0.0358116389370323,-0.035811638937024215,-8.083811398051921e-15
2,OWWWOOWW,3,-1.2122412573237242,-1.212241257323676,-4.8183679268731794e-14
2,OWWWOWOO,4,0.8611065611377193,0.8611065611377238,-4.440892098500626e-15
2,OWWWOWOW,3,1.6634919314051066,1.6634919314050973,9.325873406851315e-15
2,OWWWOWWO,3,-3.1019272333255232,-3.1019272333255223,-8.881784197001252e-16
2,OWWWOWWW,2,0.2622494809114681,0.2622494809114594,8.715250743307479e-15
2,OWWWWOOO,4,0.1386484964547686,0.13864849645482447,-5.5871973714261e-14
2,OWWWWOOW,3,1.363139557638359,1.363139557638377,-1.7985612998927536e-14
2,OWWWWOWO,3,-1.810641122250332,-1.8106411222503216,-1.0436096431476471e-14
2,OWWWWOWW,2,-1.7496585760223256,-1.749658576022313,-1.2656542480726785e-14
2,OWWWWWOO,3,0.4630006047976635,0.46300060479770466,-4.118927421359331e-14
2,OWWWWWOW,2,1.1268876977671958,1.1268876977671725,2.3314683517128287e-14
2,OWWWWWWO,2,-0.4225744189378167,-0.42257441893780423,-1.2490009027033011e-14
2,OWWWWWWW,1,1.0145319615327644,1.0145319615327453,1.9095836023552692e-14
2,WOOOOOOO,7,0.3897361868526794,0.38973618685263767,4.1744385725905886e-14
2,WOOOOOOW,6,-0.8846961116824353,-0.8846961116823853,-5.007105841059456e-14
2,WOOOOOWO,6,-2.282910668265619,-2.28291066826569,7.105427357601002e-14
2,WOOOOOWW,5,-5.752873551230126,-5.7528735512300555,-7.016609515630989e-14
2,WOOOOWOO,6,-0.635881860404111,-0.6358818604041379,2.6867397195928788e-14
2,WOOOOWOW,5,-0.3474914176130715,-0.34749141761305435,-1.715294573045867e-14
2,WOOOOWWO,5,-4.88970179219472,-4.889701792194777,5.684341886080802e-14
2,WOOOOWWW,4,-2.65817772281027,-2.6581777228102625,-7.549516567451064e-15
2,WOOOWOOO,6,1.4516196177933849,1.4516196177933411,4.374278717023117e-14
2,WOOOWOOW,5,-0.3971340787221219,-0.3971340787221067,-1.5210055437364645e-14
2,WOOOWOWO,5,-1.21155337793826,-1.2115533779382788,1.887379141862766e-14
2,WOOOWOWW,4,-3.0229950787661415,-3.0229950787660984,-4.3076653355456074e-14
2,WOOOWWOO,5,0.4532396301125267,0.4532396301125148,1.1934897514720433e-14
2,WOOOWWOW,4,1.070053110915445,1.0700531109154763,-3.1308289294429414e-14
2,WOOOWWWO,4,-2.7269018272068015,-2.7269018272068237,2.220446049250313e-14
2,WOOOWWWW,3,-0.8103054348830112,-0.8103054348830219,1.0658141036401503e-14
2,WOOWOOOO,6,0.5961458675520981,0.5961458675521338,-3.574918139293004e-14
2,WOOWOOOW,5,-0.3002176141821551,-0.30021761418210713,-4.796163466380676e-14
2,WOOWOOWO,5,-1.2635870466581105,-1.2635870466581178,7.327471962526033e-15
2,WOOWOOWW,4,-2.700129824040584,-2.7001298240405323,-5.1958437552457326e-14
2,WOOWOWOO,5,0.5047199020268716,0.5047199020268021,6.94999613415348e-14
2,WOOWOWOW,4,0.1036201513407744,0.10362015134076574,8.659739592076221e-15
2,WOOWOWWO,4,-3.052538403047793,-3.052538403047828,3.5083047578154947e-14
2,WOOWOWWW,3,-1.4798137605698205,-1.4798137605698198,-6.661338147750939e-16
2,WOOWWOOO,5,0.149231984968867,0.14923198496886214,4.85722573273506e-15
2,WOOWWOOW,4,0.6549776568714816,0.6549776568714886,-6.994405055138486e-15
2,WOOWWOWO,4,-1.540397621299581,-1.5403976212996116,3.064215547965432e-14
2,WOOWWOWW,3,-1.5120889700716995,-1.5120889700717057,6.217248937900877e-15
2,WOOWWWOO,4,-0.2413803107338887,-0.24138031073390365,1.4960255256823984e-14
2,WOOWWWOW,3,0.5226986867909046,0.5226986867908863,1.8318679906315083e-14
2,WOOWWWWO,3,-1.7678541462460708,-1.7678541462461104,3.952393967665557e-14
2,WOOWWWWW,2,-0.1890008246847871,-0.18900082468481338,2.628453010800058e-14
2,WOWOOOOO,6,1.5384893849777956,1.5384893849777679,2.7755575615628914e-14
2,WOWOOOOW,5,1.4235392806270792,1.423539280627068,1.1324274851176597e-14
2,WOWOOOWO,5,-1.8348769768981892,-1.8348769768982789,8.970602038971265e-14
2,WOWOOOWW,4,-3.8770242054279143,-3.877024205427933,1.865174681370263e-14
2,WOWOOWOO,5,4.770094620911653,4.770094620911575,7.815970093361102e-14
2,WOWOOWOW,4,-0.3164544580930676,-0.31645445809309103,2.3425705819590803e-14
2,WOWOOWWO,4,-5.979022133382722,-5.979022133382807,8.43769498715119e-14
2,WOWOOWWW,3,-0.4112260931031333,-0.4112260931031646,3.1308289294429414e-14
2,WOWOWOOO,5,1.124025932443059,1.1240259324430537,5.329070518200751e-15
2,WOWOWOOW,4,1.827431706080581,1.8274317060805947,-1.3766765505351941e-14
2,WOWOWOWO,4,-1.5053828364045938,-1.505382836404612,1.8207657603852567e-14
2,WOWOWOWW,3,-1.505817955311008,-1.5058179553110114,3.3306690738754696e-15
2,WOWOWWOO,4,1.5334071192761298,1.533407119276112,1.7763568394002505e-14
2,WOWOWWOW,3,0.7798368386226283,0.7798368386225887,3.963496197911809e-14
2,WOWOWWWO,3,-1.5462376328843446,-1.5462376328843856,4.107825191113079e-14
2,WOWOWWWW,2,-0.6560485027805306,-0.6560485027805851,5.4511950509095186e-14
2,WOWWOOOO,5,2.9942440871064933,2.9942440871065132,-1.9984014443252818e-14
2,WOWWOOOW,4,2.660128745105997,2.660128745106019,-2.1760371282653068e-14
2,WOWWOOWO,4,0.26052099566819,0.26052099566813847,5.1514348342607263e-14
2,WOWWOOWW,3,-1.0494458487291265,-1.049445848729144,1.7541523789077473e-14
2,WOWWOWOO,4,1.7077567044663522,1.7077567044663293,2.2870594307278225e-14
2,WOWWOWOW,3,1.583620103317224,1.5836201033172213,2.6645352591003757e-15
2,WOWWOWWO,3,-3.1391536049374356,-3.1391536049374764,4.085620730620576e-14
2,WOWWOWWW,2,-0.6045643044834125,-0.6045643044834328,2.0317081350640365e-14
2,WOWWWOOO,4,1.1280849198839071,1.1280849198839127,-5.551115123125783e-15
2,WOWWWOOW,3,0.4884983937544083,0.48849839375439186,1.6431300764452317e-14
2,WOWWWOWO,3,0.3853686623285096,0.38536866232846534,4.424238753131249e-14
2,WOWWWOWW,2,-0.6047505324243045,-0.604750532424333,2.842170943040401e-14
2,WOWWWWOO,3,1.3478303986963391,1.3478303986963391,0.0
2,WOWWWWOW,2,1.2395995125118784,1.2395995125118446,3.375077994860476e-14
2,WOWWWWWO,2,-0.6345166585753372,-0.6345166585753823,4.5075054799781356e-14
2,WOWWWWWW,1,-0.1342353835406174,-0.1342353835406661,4.8711035205428743e-14
2,WWOOOOOO,6,2.081749859154251,2.081749859154293,-4.1744385725905886e-14
2,WWOOOOOW,5,1.3917517420521517,1.3917517420522099,-5.81756864903582e-14
2,WWOOOOWO,5,-2.89703139264677,-2.8970313926468103,4.04121180963557e-14
2,WWOOOOWW,4,-4.227516768275369,-4.227516768275328,-4.085620730620576e-14
2,WWOOOWOO,5,-0.5155916319549225,-0.5155916319549123,-1.021405182655144e-14
2,WWOOOWOW,4,-0.0033386903145806,-0.003338690314565129,-1.547069763963016e-14
2,WWOOOWWO,4,-2.530713579900539,-2.530713579900574,3.5083047578154947e-14
2,WWOOOWWW,3,-3.151289829882309,-3.1512898298823098,8.881784197001252e-16
2,WWOOWOOO,5,2.8371965919168276,2.837196591916843,-1.554312234475219e-14
2,WWOOWOOW,4,0.4390353787441348,0.4390353787441599,-2.5091040356528538e-14
2,WWOOWOWO,4,-2.0249098778383545,-2.0249098778383754,2.0872192862952943e-14
2,WWOOWOWW,3,-3.8068947271341673,-3.806894727134151,-1.6431300764452317e-14
2,WWOOWWOO,4,1.2212758782509194,1.221275878250928,-8.659739592076221e-15
2,WWOOWWOW,3,0.4202820128098541,0.4202820128098492,4.884981308350689e-15
2,WWOOWWWO,3,-2.876272480054065,-2.8762724800540953,3.019806626980426e-14
2,WWOOWWWW,2,1.2962640492429762,1.2962640492429423,3.397282455352979e-14
2,WWOWOOOO,5,0.995405171372437,0.9954051713724874,-5.040412531798211e-14
2,WWOWOOOW,4,0.5493928683637829,0.5493928683638118,-2.8976820942716586e-14
2,WWOWOOWO,4,-1.9300977274426216,-1.930097727442645,2.3314683517128287e-14
2,WWOWOOWW,3,-2.8926405004928215,-2.8926405004927958,-2.5757174171303632e-14
2,WWOWOWOO,4,0.3379717808321046,0.33797178083209967,4.9404924595819466e-15
2,WWOWOWOW,3,0.3694154113499114,0.3694154113498911,2.0317081350640365e-14
2,WWOWOWWO,3,-5.4895289751897085,-5.489528975189747,3.8191672047105385e-14
2,WWOWOWWW,2,-2.4740443364741185,-2.4740443364741234,4.884981308350689e-15
2,WWOWWOOO,4,0.1655015814080305,0.1655015814080023,2.8199664825478976e-14
2,WWOWWOOW,3,-0.590667141322436,-0.5906671413224478,1.176836406102666e-14
2,WWOWWOWO,3,-1.4726612550847673,-1.4726612550847993,3.197442310920451e-14
2,WWOWWOWW,2,-1.920721542879527,-1.9207215428795525,2.55351295663786e-14
2,WWOWWWOO,3,-0.0265891673228545,-0.026589167322861207,6.706440958126336e-15
2,WWOWWWOW,2,-1.034171063313646,-1.0341710633136556,9.547918011776346e-15
2,WWOWWWWO,2,-1.9796721015337284,-1.9796721015337566,2.8199664825478976e-14
2,WWOWWWWW,1,0.1324898573373701,0.13248985733733898,3.111400026512001e-14
2,WWWOOOOO,5,1.5971214083781682,1.5971214083782008,-3.26405569239796e-14
2,WWWOOOOW,4,0.3124550983556224,0.31245509835564245,-2.0039525594484076e-14
2,WWWOOOWO,4,-1.2200496663882536,-1.2200496663882958,4.218847493575595e-14
2,WWWOOOWW,3,-3.540479005386761,-3.540479005386766,4.884981308350689e-15
2,WWWOOWOO,4,0.9410103841896558,0.9410103841896358,1.9984014443252818e-14
2,WWWOOWOW,3,1.7165185837289614,1.716518583728952,9.325873406851315e-15
2,WWWOOWWO,3,-5.986311576422828,-5.986311576422875,4.707345624410664e-14
2,WWWOOWWW,2,-2.986645230855009,-2.9866452308550278,1.865174681370263e-14
2,WWWOWOOO,4,2.0861315330165575,2.0861315330165864,-2.886579864025407e-14
2,WWWOWOOW,3,0.3619501274073092,0.3619501274073167,-7.494005416219807e-15
2,WWWOWOWO,3,-2.3771689047794777,-2.3771689047794977,1.9984014443252818e-14
2,WWWOWOWW,2,-1.7789319697732615,-1.7789319697732482,-1.3322676295501878e-14
2,WWWOWWOO,3,0.9380210356074792,0.9380210356074938,-1.4654943925052066e-14
2,WWWOWWOW,2,1.2233999541259448,1.2233999541259233,2.1538326677728037e-14
2,WWWOWWWO,2,-3.49134060462704,-3.4913406046270614,2.1316282072803006e-14
2,WWWOWWWW,1,-0.4363419879538723,-0.436341987953901,2.8699265186560297e-14
2,WWWWOOOO,4,1.9606439115905991,1.960643911590654,-5.484501741648273e-14
2,WWWWOOOW,3,0.5841826117456265,0.5841826117456301,-3.6637359812630166e-15
2,WWWWOOWO,3,0.4186867588039956,0.4186867588039547,4.091171845743702e-14
2,WWWWOOWW,2,-3.0618706586722615,-3.0618706586722837,2.220446049250313e-14
2,WWWWOWOO,3,1.1074436567787205,1.1074436567787274,-6.8833827526759706e-15
2,WWWWOWOW,2,1.373294708865416,1.373294708865418,-1.9984014443252818e-15
2,WWWWOWWO,2,-5.544339443088472,-5.544339443088494,2.220446049250313e-14
2,WWWWOWWW,1,0.2562145507301426,0.25621455073012256,2.0039525594484076e-14
2,WWWWWOOO,3,-0.1457697340595796,-0.1457697340595634,-1.6209256159527285e-14
2,WWWWWOOW,2,0.8677460932085329,0.8677460932085368,-3.885780586188048e-15
2,WWWWWOWO,2,-1.2771158301473384,-1.2771158301473664,2.7977620220553945e-14
2,WWWWWOWW,1,-1.0525393562136085,-1.0525393562136556,4.707345624410664e-14
2,WWWWWWOO,2,0.5259721361394588,0.525972136139459,-2.220446049250313e-16
2,WWWWWWOW,1,0.8951165833885414,0.8951165833885202,2.120525977034049e-14
2,WWWWWWWO,1,-0.2721985171319782,-0.2721985171319915,1.3322676295501878e-14
2,WWWWWWWW,0,0.7178036040308651,0.7178036040308295,3.552713678800501e-14
3,OOOOOOOO,8,1.239999398302177,1.239999398302098,7.904787935331115e-14
3,OOOOOOOW,7,-1.4497510422265607,-1.4497510422263886,-1.7208456881689926e-13
3,OOOOOOWO,7,2.050867226035065,2.050867226035196,-1.3100631690576847e-13
3,OOOOOOWW,6,-0.7462316157527373,-0.7462316157528283,9.092726571680032e-14
3,OOOOOWOO,7,1.0217226753242932,1.0217226753242894,3.774758283725532e-15
3,OOOOOWOW,6,0.258892645637997,0.25889264563806236,-6.533662499919046e-14
3,OOOOOWWO,6,-1.1629148905683029,-1.1629148905681923,-1.1057821325266559e-13
3,OOOOOWWW,5,-1.077934501266353,-1.0779345012662649,-8.815170815523743e-14
3,OOOOWOOO,7,1.3220922437322684,1.3220922437321647,1.0369483049998962e-13
3,OOOOWOOW,6,0.274567309915449,0.2745673099155591,-1.1013412404281553e-13
3,OOOOWOWO,6,0.0633318105298924,0.0633318105299624,-6.999956170261612e-14
3,OOOOWOWW,5,-0.82601175370279,-0.8260117537028259,3.5860203695392556e-14
3,OOOOWWOO,6,-0.4084306788236761,-0.40843067882381423,1.3811174426336947e-13
3,OOOOWWOW,5,1.5829340572504444,1.5829340572504513,-6.8833827526759706e-15
3,OOOOWWWO,5,0.3041777351232326,0.3041777351232805,-4.7906123512575505e-14
3,OOOOWWWW,4,-0.4352468169942309,-0.43524681699430456,7.366329768387914e-14
3,OOOWOOOO,7,-0.2504456960378176,-0.250445696038078,2.6040281042583047e-13
3,OOOWOOOW,6,-0.3028580243907701,-0.30285802439076204,-8.049116928532385e-15
3,OOOWOOWO,6,0.8918799426594192,0.8918799426592691,1.5010215292932116e-13
3,OOOWOOWW,5,0.1256916616241749,0.12569166162410583,6.905587213168474e-14
3,OOOWOWOO,6,1.3826550108591675,1.382655010858974,1.936228954946273e-13
3,OOOWOWOW,5,0.6295030115860697,0.6295030115861443,-7.460698725481052e-14
3,OOOWOWWO,5,0.6195006194962374,0.6195006194963123,-7.494005416219807e-14
3,OOOWOWWW,4,0.8360613432308779,0.836061343230892,-1.4099832412739488e-14
3,OOOWWOOO,6,0.1788142869142589,0.1788142869142305,2.839395385478838e-14
3,OOOWWOOW,5,-0.9072326254325412,-0.9072326254325499,8.659739592076221e-15
3,OOOWWOWO,5,0.5429221426722115,0.5429221426722356,-2.4091839634365897e-14
3,OOOWWOWW,4,1.121690081232784,1.1216900812327575,2.6423307986078726e-14
3,OOOWWWOO,5,-0.2636398994567156,-0.2636398994566429,-7.271960811294775e-14
3,OOOWWWOW,4,-0.3840835861658513,-0.38408358616580685,-4.446443213623752e-14
3,OOOWWWWO,4,-0.7852480610659469,-0.7852480610659022,-4.474198789239381e-14
3,OOOWWWWW,3,-0.3082674015264456,-0.30826740152639387,-5.1736392947532295e-14
3,OOWOOOOO,7,0.1792014936271637,0.17920149362726512,-1.0141887329950805e-13
3,OOWOOOOW,6,0.8240735254515201,0.8240735254517338,-2.1371793224034263e-13
3,OOWOOOWO,6,-0.2972261537193598,-0.29722615371923855,-1.212363542890671e-13
3,OOWOOOWW,5,0.8939799618208718,0.8939799618208707,1.1102230246251565e-15
3,OOWOOWOO,6,-1.7456851573641177,-1.7456851573640737,-4.39648317751562e-14
3,OOWOOWOW,5,0.593420056990571,0.5934200569905402,3.0753177782116836e-14
3,OOWOOWWO,5,-0.4079750998977724,-0.4079750998977226,-4.979350265443827e-14
3,OOWOOWWW,4,-2.4568288544938297,-2.4568288544938364,6.661338147750939e-15
3,OOWOWOOO,6,-0.8336960833560068,-0.8336960833559673,-3.941291737419306e-14
3,OOWOWOOW,5,1.089737385243616,1.0897373852435415,7.460698725481052e-14
3,OOWOWOWO,5,-0.2593075915507027,-0.2593075915506634,-3.930189507173054e-14
3,OOWOWOWW,4,0.1185039986654958,0.11850399866548134,1.4460654895742664e-14
3,OOWOWWOO,5,-0.4035549602577775,-0.4035549602579255,1.4799272918253337e-13
3,OOWOWWOW,4,0.9644826862525308,0.9644826862525501,-1.9317880628477724e-14
3,OOWOWWWO,4,-0.8205847369612533,-0.8205847369612459,-7.438494264988549e-15
3,OOWOWWWW,3,-0.0912262362228497,-0.09122623622287762,2.7922109069322687e-14
3,OOWWOOOO,6,0.8818568603870046,0.8818568603869766,2.7977620220553945e-14
3,OOWWOOOW,5,0.656129282466304,0.6561292824662494,5.46229728115577e-14
3,OOWWOOWO,5,-0.0189061242685385,-0.018906124268577185,3.86843335142828e-14
3,OOWWOOWW,4,0.1631795111512162,0.16317951115121943,-3.219646771412954e-15
3,OOWWOWOO,5,2.3826009247956224,2.382600924795666,-4.3520742565306136e-14
3,OOWWOWOW,4,0.9195033854852912,0.9195033854853015,-1.0325074129013956e-14
3,OOWWOWWO,4,-0.8073073537879678,-0.8073073537878842,-8.359979375427429e-14
3,OOWWOWWW,3,0.0558441716703795,0.05584417167046529,-8.579248422790897e-14
3,OOWWWOOO,5,0.5622400766879183,0.5622400766878418,7.649436639667329e-14
3,OOWWWOOW,4,2.75633554491455,2.7563355449146405,-9.059419880941277e-14
3,OOWWWOWO,4,0.6941860998975143,0.6941860998975383,-2.398081733190338e-14
3,OOWWWOWW,3,-0.5818860146916432,-0.581886014691643,-2.220446049250313e-16
3,OOWWWWOO,4,0.050613923810642,0.05061392381067076,-2.8754776337791554e-14
3,OOWWWWOW,3,0.0732879086080618,0.0732879086080962,-3.440303597557204e-14
3,OOWWWWWO,3,0.2904252834237583,0.29042528342378615,-2.786659791809143e-14
3,OOWWWWWW,2,1.3511397248245467,1.3511397248245496,-2.886579864025407e-15
3,OWOOOOOO,7,-1.043595423229972,-1.0435954232299078,-6.417089082333405e-14
3,OWOOOOOW,6,4.07406725521499,4.074067255215002,-1.2434497875801753e-14
3,OWOOOOWO,6,0.1437044504896802,0.1437044504896806,-4.163336342344337e-16
3,OWOOOOWW,5,-1.0462808458642618,-1.046280845864353,9.126033262418787e-14
3,OWOOOWOO,6,-0.0402020498260299,-0.04020204982597886,-5.104250355714157e-14
3,OWOOOWOW,5,-0.5185942643947073,-0.5185942643946727,-3.4638958368304884e-14
3,OWOOOWWO,5,-2.273331123576987,-2.2733311235769635,-2.353672812205332e-14
3,OWOOOWWW,4,-1.8027158307748932,-1.8027158307748947,1.5543122344752192e-15
3,OWOOWOOO,6,1.683933317235582,1.683933317235704,-1.2212453270876722e-13
3,OWOOWOOW,5,-0.1863874612575018,-0.1863874612574704,-3.13915560212763e-14
3,OWOOWOWO,5,0.8165456255466946,0.8165456255467055,-1.0880185641326534e-14
3,OWOOWOWW,4,-1.878165225222008,-1.8781652252220242,1.6209256159527285e-14
3,OWOOWWOO,5,1.348185210622517,1.3481852106225638,-4.6851411639181606e-14
3,OWOOWWOW,4,-0.5557846909352582,-0.5557846909352647,6.5503158452884236e-15
3,OWOOWWWO,4,-0.623360578316528,-0.6233605783165094,-1.865174681370263e-14
3,OWOOWWWW,3,0.6879075461832971,0.6879075461832688,2.8310687127941492e-14
3,OWOWOOOO,6,0.3590786965727084,0.3590786965726708,3.7636560534792807e-14
3,OWOWOOOW,5,-1.9097681225745984,-1.909768122574623,2.4646951146678475e-14
3,OWOWOOWO,5,-1.3964840502461875,-1.3964840502461415,-4.596323321948148e-14
3,OWOWOOWW,4,-1.3798089626743584,-1.3798089626744132,5.484501741648273e-14
3,OWOWOWOO,5,-0.3176070133296194,-0.31760701332960484,-1.454392162258955e-14
3,OWOWOWOW,4,0.3851217224592885,0.3851217224592668,2.170486013142181e-14
3,OWOWOWWO,4,-2.0836446261697232,-2.083644626169665,-5.81756864903582e-14
3,OWOWOWWW,3,0.8391235972693061,0.839123597269222,8.404388296412435e-14
3,OWOWWOOO,5,0.879891438207922,0.8798914382079585,-3.6415315207705135e-14
3,OWOWWOOW,4,-0.5096539479807699,-0.5096539479807048,-6.505906924303417e-14
3,OWOWWOWO,4,0.9586251723450234,0.9586251723450818,-5.839773109528323e-14
3,OWOWWOWW,3,0.7013974064895983,0.7013974064895222,7.605027718682322e-14
3,OWOWWWOO,4,-0.9809611777309089,-0.9809611777309127,3.885780586188048e-15
3,OWOWWWOW,3,-0.0863512868691363,-0.0863512868691182,-1.8110513089197866e-14
3,OWOWWWWO,3,1.0285063156624583,1.028506315662411,4.729550084903167e-14
3,OWOWWWWW,2,-0.9211423295084084,-0.9211423295083513,-5.706546346573305e-14
3,OWWOOOOO,6,1.7187582990073194,1.7187582990073675,-4.8183679268731794e-14
3,OWWOOOOW,5,-1.5029268331734107,-1.5029268331734258,1.509903313490213e-14
3,OWWOOOWO,5,1.425516095519945,1.425516095519976,-3.086420008457935e-14
3,OWWOOOWW,4,-1.047750679363212,-1.0477506793632623,5.0182080713057076e-14
3,OWWOOWOO,5,3.3956724183548856,3.395672418354848,3.774758283725532e-14
3,OWWOOWOW,4,0.1027470291581382,0.10274702915811218,2.6020852139652106e-14
3,OWWOOWWO,4,1.0418086219405505,1.0418086219405511,-6.661338147750939e-16
3,OWWOOWWW,3,-2.240996937779301,-2.240996937779333,3.197442310920451e-14
3,OWWOWOOO,5,0.5086386240399454,0.5086386240399529,-7.438494264988549e-15
3,OWWOWOOW,4,0.4048497568491401,0.40484975684907776,6.233902283270254e-14
3,OWWOWOWO,4,-0.0727985660139473,-0.07279856601399637,4.907185768843192e-14
3,OWWOWOWW,3,-0.4977283922417139,-0.4977283922417438,2.992051051364797e-14
3,OWWOWWOO,4,0.6855946372010668,0.685594637200991,7.582823258189819e-14
3,OWWOWWOW,3,2.4282895540913896,2.4282895540913967,-7.105427357601002e-15
3,OWWOWWWO,3,-1.9451937915882247,-1.9451937915882471,2.2426505097428162e-14
3,OWWOWWWW,2,1.7457048933921964,1.7457048933921668,2.9531932455029164e-14
3,OWWWOOOO,5,-1.6854125436862222,-1.6854125436862466,2.4424906541753444e-14
3,OWWWOOOW,4,0.2178912724119212,0.21789127241191053,1.0658141036401503e-14
3,OWWWOOWO,4,1.9341126836881248,1.9341126836881126,1.2212453270876722e-14
3,OWWWOOWW,3,-0.6157928902010731,-0.6157928902011062,3.3084646133829665e-14
3,OWWWOWOO,4,0.4887476900466204,0.48874769004663354,-1.3156142841808105e-14
3,OWWWOWOW,3,1.8860474807852468,1.8860474807852188,2.7977620220553945e-14
3,OWWWOWWO,3,2.30293549704988,2.3029354970499196,-3.952393967665557e-14
3,OWWWOWWW,2,-1.8451250521960705,-1.845125052196114,4.3520742565306136e-14
3,OWWWWOOO,4,1.355146860054283,1.355146860054235,4.8183679268731794e-14
3,OWWWWOOW,3,0.777478201111067,0.7774782011110996,-3.2529534621517087e-14
3,OWWWWOWO,3,0.1832771855162325,0.1832771855162273,5.218048215738236e-15
3,OWWWWOWW,2,0.1582390360945558,0.15823903609443418,1.216249323476859e-13
3,OWWWWWOO,3,0.7051705403061194,0.705170540306102,1.7319479184152442e-14
3,OWWWWWOW,2,0.4166815489443103,0.41668154894428394,2.6367796834847468e-14
3,OWWWWWWO,2,1.0329035732367942,1.032903573236866,-7.194245199571014e-14
3,OWWWWWWW,1,-0.073699443568945,-0.0736994435689699,2.4896751327219135e-14
3,WOOOOOOO,7,0.4423315977827506,0.44233159778270703,4.3576253716537394e-14
3,WOOOOOOW,6,-1.1041836563937075,-1.1041836563936904,-1.709743457922741e-14
3,WOOOOOWO,6,-0.7061690008751913,-0.7061690008751161,-7.51620987671231e-14
3,WOOOOOWW,5,-0.6011003772949199,-0.6011003772949516,3.164135620181696e-14
3,WOOOOWOO,6,-0.2122693156756417,-0.21226931567572838,8.66806626476091e-14
3,WOOOOWOW,5,-0.720301726516393,-0.7203017265163464,-4.6629367034256575e-14
3,WOOOOWWO,5,-1.3815229496611214,-1.381522949661095,-2.6423307986078726e-14
3,WOOOOWWW,4,-1.2141371245418056,-1.2141371245417174,-8.815170815523743e-14
3,WOOOWOOO,6,3.4775107739027673,3.4775107739028357,-6.838973831690964e-14
3,WOOOWOOW,5,-0.3300830979155822,-0.33008309791562873,4.651834473179406e-14
3,WOOOWOWO,5,-0.0798206857836958,-0.0798206857836733,-2.250977182427505e-14
3,WOOOWOWW,4,-1.1535268841143196,-1.153526884114361,4.1522341120980855e-14
3,WOOOWWOO,5,-0.3379839862724099,-0.33798398627246773,5.784261958297066e-14
3,WOOOWWOW,4,-0.6387303270490824,-0.6387303270490509,-3.1530333899354446e-14
3,WOOOWWWO,4,-0.5460543612052289,-0.5460543612052239,-4.9960036108132044e-15
3,WOOOWWWW,3,-0.7013738712007609,-0.7013738712007609,0.0
3,WOOWOOOO,6,0.144380499774783,0.14438049977464995,1.33060229501325e-13
3,WOOWOOOW,5,0.5745615522122395,0.5745615522122413,-1.7763568394002505e-15
3,WOOWOOWO,5,0.3987654564716005,0.39876545647157957,2.09277040141842e-14
3,WOOWOOWW,4,-0.37686392606642,-0.3768639260663964,-2.3592239273284576e-14
3,WOOWOWOO,5,1.5657775139184815,1.565777513918471,1.0436096431476471e-14
3,WOOWOWOW,4,-0.0017004582425292,-0.001700458242518077,-1.1123046927963287e-14
3,WOOWOWWO,4,-1.3763731325667663,-1.3763731325666404,-1.2589929099249275e-13
3,WOOWOWWW,3,0.1698541625128351,0.16985416251279328,4.182765245275277e-14
3,WOOWWOOO,5,0.0836654849650497,0.08366548496507231,-2.260691633892975e-14
3,WOOWWOOW,4,-0.7940787318989668,-0.7940787318988597,-1.071365218763276e-13
3,WOOWWOWO,4,5.298166598903565,5.298166598903589,-2.398081733190338e-14
3,WOOWWOWW,3,0.1429079608315169,0.14290796083155954,-4.263256414560601e-14
3,WOOWWWOO,4,-2.097470822101884,-2.0974708221019003,1.6431300764452317e-14
3,WOOWWWOW,3,-2.0114122048526752,-2.0114122048526273,-4.796163466380676e-14
3,WOOWWWWO,3,-0.5797070726931971,-0.5797070726931733,-2.375877272697835e-14
3,WOOWWWWW,2,1.42130726851767,1.4213072685177686,-9.85878045867139e-14
3,WOWOOOOO,6,1.7198079516925997,1.7198079516926121,-1.2434497875801753e-14
3,WOWOOOOW,5,2.2450563707094044,2.2450563707093956,8.881784197001252e-15
3,WOWOOOWO,5,0.4618079788175682,0.46180797881761915,-5.0959236830294685e-14
3,WOWOOOWW,4,0.1262866987893465,0.12628669878932663,1.9872992140790302e-14
3,WOWOOWOO,5,2.2938084235385814,2.2938084235386427,-6.128431095930864e-14
3,WOWOOWOW,4,-0.2099646280590387,-0.20996462805902338,-1.532107773982716e-14
3,WOWOOWWO,4,-1.591304175484545,-1.591304175484476,-6.905587213168474e-14
3,WOWOOWWW,3,1.1935102765098384,1.1935102765098504,-1.199040866595169e-14
3,WOWOWOOO,5,-0.5229683387052031,-0.5229683387052148,1.1657341758564144e-14
3,WOWOWOOW,4,1.3710213415811328,1.371021341581116,1.6653345369377348e-14
3,WOWOWOWO,4,-0.5652222003017048,-0.5652222003017427,3.7969627442180354e-14
3,WOWOWOWW,3,0.041544300193628,0.0415443001936624,-3.439609708166813e-14
3,WOWOWWOO,4,0.7862416111381376,0.786241611138144,-6.328271240363392e-15
3,WOWOWWOW,3,2.771517173416062,2.771517173416063,-8.881784197001252e-16
3,WOWOWWWO,3,-0.2447767909433631,-0.24477679094337745,1.4349632593280148e-14
3,WOWOWWWW,2,1.056818317860495,1.0568183178605013,-6.217248937900877e-15
3,WOWWOOOO,5,4.949157546222698,4.949157546222694,3.552713678800501e-15
3,WOWWOOOW,4,0.721545888483838,0.7215458884838765,-3.8413716652030416e-14
3,WOWWOOWO,4,-0.391273935267642,-0.3912739352676239,-1.8096635301390052e-14
3,WOWWOOWW,3,-0.9692591213902696,-0.9692591213902616,-7.993605777301127e-15
3,WOWWOWOO,4,0.9426297654370162,0.942629765436945,7.116529587847253e-14
3,WOWWOWOW,3,2.4416699990021837,2.4416699990022868,-1.0302869668521453e-13
3,WOWWOWWO,3,-0.0495534031407889,-0.04955340314076839,-2.050443148604586e-14
3,WOWWOWWW,2,-1.0421245449658856,-1.0421245449658327,-5.284661597215745e-14
3,WOWWWOOO,4,3.4209409413815997,3.420940941381599,4.440892098500626e-16
3,WOWWWOOW,3,0.5410091728531474,0.5410091728531963,-4.884981308350689e-14
3,WOWWWOWO,3,1.1414681990187865,1.1414681990187954,-8.881784197001252e-15
3,WOWWWOWW,2,0.7087564183882845,0.7087564183882231,6.139533326177116e-14
3,WOWWWWOO,3,-0.4045503255664255,-0.4045503255663774,-4.8128168117500536e-14
3,WOWWWWOW,2,0.0301580214097362,0.030158021409712132,2.4067553505702222e-14
3,WOWWWWWO,2,-1.352673080163005,-1.3526730801629605,-4.440892098500626e-14
3,WOWWWWWW,1,0.6519390976623586,0.65193909766233,2.853273173286652e-14
3,WWOOOOOO,6,0.98498538706871,0.9849853870687609,-5.0959236830294685e-14
3,WWOOOOOW,5,3.1807290931945227,3.180729093194481,4.1744385725905886e-14
3,WWOOOOWO,5,0.9371213825625734,0.9371213825625463,2.708944180085382e-14
3,WWOOOOWW,4,-1.5543225649758174,-1.5543225649758803,6.283862319378386e-14
3,WWOOOWOO,5,-2.871160097039838,-2.871160097039871,3.2862601528904634e-14
3,WWOOOWOW,4,-0.6490517871634727,-0.6490517871634492,-2.3425705819590803e-14
3,WWOOOWWO,4,0.8769796134968462,0.8769796134968856,-3.941291737419306e-14
3,WWOOOWWW,3,-1.4301501368376934,-1.43015013683768,-1.3322676295501878e-14
3,WWOOWOOO,5,1.9205306558056696,1.9205306558056905,-2.0872192862952943e-14
3,WWOOWOOW,4,-0.6705252728716475,-0.6705252728716148,-3.275157922644212e-14
3,WWOOWOWO,4,-2.2218054724065004,-2.2218054724064364,-6.394884621840902e-14
3,WWOOWOWW,3,-2.6313744458730883,-2.6313744458731345,4.618527782440651e-14
3,WWOOWWOO,4,1.7875405969490914,1.7875405969491416,-5.0182080713057076e-14
3,WWOOWWOW,3,-1.0336922271141995,-1.0336922271141882,-1.1324274851176597e-14
3,WWOOWWWO,3,-1.0302513339534078,-1.030251333953414,6.217248937900877e-15
3,WWOOWWWW,2,-1.824684122946969,-1.824684122946989,1.9984014443252818e-14
3,WWOWOOOO,5,-0.3714358092289376,-0.3714358092289257,-1.1879386363489175e-14
3,WWOWOOOW,4,1.1914578464432095,1.1914578464431407,6.88338275267597e-14
3,WWOWOOWO,4,-1.038214774135898,-1.0382147741359207,2.2648549702353193e-14
3,WWOWOOWW,3,-1.6288929685682552,-1.628892968568254,-1.1102230246251565e-15
3,WWOWOWOO,4,1.4285511106306297,1.4285511106305817,4.796163466380676e-14
3,WWOWOWOW,3,-1.1976794511349966,-1.1976794511350173,2.0650148258027912e-14
3,WWOWOWWO,3,-1.5424927384715827,-1.5424927384716334,5.062616992290714e-14
3,WWOWOWWW,2,-0.4775960984078984,-0.4775960984078905,-7.882583474838611e-15
3,WWOWWOOO,4,-0.142115482047706,-0.14211548204768054,-2.5451862839531714e-14
3,WWOWWOOW,3,2.578548268170705,2.578548268170739,-3.419486915845482e-14
3,WWOWWOWO,3,-0.3697933018065021,-0.36979330180648085,-2.1260770921571748e-14
3,WWOWWOWW,2,-1.440603506536831,-1.4406035065368976,6.661338147750939e-14
3,WWOWWWOO,3,0.1738840280725512,0.17388402807261805,-6.683542608243442e-14
3,WWOWWWOW,2,0.1957409880843097,0.19574098808436713,-5.742628594873622e-14
3,WWOWWWWO,2,-0.29818960304045,-0.2981896030404553,5.2735593669694936e-15
3,WWOWWWWW,1,-0.4471080796802669,-0.44710807968018307,-8.382183835919932e-14
3,WWWOOOOO,5,0.9272376347606286,0.9272376347606172,1.1435297153639112e-14
3,WWWOOOOW,4,-0.1138731680869263,-0.11387316808697723,5.0931481254679056e-14
3,WWWOOOWO,4,0.5989081738066209,0.5989081738065803,4.0523140398818214e-14
3,WWWOOOWW,3,-2.785938444557822,-2.785938444557868,4.618527782440651e-14
3,WWWOOWOO,4,-0.9370116210656672,-0.9370116210656559,-1.1213252548714081e-14
3,WWWOOWOW,3,0.5266947387184672,0.5266947387184208,4.6407322429331543e-14
3,WWWOOWWO,3,-1.3056294320412445,-1.305629432041254,9.547918011776346e-15
3,WWWOOWWW,2,0.1344229662725526,0.1344229662724804,7.21922521762508e-14
3,WWWOWOOO,4,0.8319294664415041,0.8319294664414413,6.283862319378386e-14
3,WWWOWOOW,3,0.3255573429323897,0.32555734293243954,-4.984901380566953e-14
3,WWWOWOWO,3,-0.1365170091947195,-0.13651700919475573,3.622102617839573e-14
3,WWWOWOWW,2,1.3948959128677816,1.3948959128677867,-5.10702591327572e-15
3,WWWOWWOO,3,2.2690932941709168,2.269093294170868,4.884981308350689e-14
3,WWWOWWOW,2,0.6410016023371545,0.6410016023371125,4.207745263329343e-14
3,WWWOWWWO,2,-1.1752320604273074,-1.1752320604273523,4.4853010194856324e-14
3,WWWOWWWW,1,1.9819814383933416,1.9819814383932717,6.994405055138486e-14
3,WWWWOOOO,4,1.255396680773234,1.2553966807731922,4.1744385725905886e-14
3,WWWWOOOW,3,-0.5593927817292927,-0.5593927817293435,5.0737192225369654e-14
3,WWWWOOWO,3,-0.2871102654741351,-0.2871102654741532,1.8096635301390052e-14
3,WWWWOOWW,2,1.627197231077936,1.6271972310779765,-4.063416270128073e-14
3,WWWWOWOO,3,0.5747971536054716,0.5747971536053943,7.72715225139109e-14
3,WWWWOWOW,2,0.6630618630305871,0.6630618630306214,-3.430589146091734e-14
3,WWWWOWWO,2,2.331534750897407,2.3315347508974082,-1.3322676295501878e-15
3,WWWWOWWW,1,-1.9921328138896583,-1.9921328138896417,-1.6653345369377348e-14
3,WWWWWOOO,3,-0.9490417684945214,-0.9490417684945366,1.5210055437364645e-14
3,WWWWWOOW,2,0.7636280910098491,0.7636280910098089,4.0190073491430667e-14
3,WWWWWOWO,2,0.4188546789737865,0.41885467897381534,-2.886579864025407e-14
3,WWWWWOWW,1,0.0620892258533528,0.06208922585323984,1.1296519275560968e-13
3,WWWWWWOO,2,0.0903240856756213,0.0903240856756749,-5.3609894301587246e-14
3,WWWWWWOW,1,0.7789245207214862,0.7789245207214951,-8.881784197001252e-15
3,WWWWWWWO,1,-0.4648990610974039,-0.46489906109733126,-7.26640969617165e-14
3,WWWWWWWW,0,0.2766447736771263,0.27664477367712503,1.27675647831893e-15
