Feature,human_model_pairwise_coefficient,residue_pair,experimental_mean_median_epsilon,experimental_mean_median_abs_epsilon,experimental_sd_median_epsilon,n_libraries
int_1_2,0.1082915747348542,477-478,0.06325757956240073,1.2036755114422126,0.22697317069268427,3
int_1_3,0.06969267926517966,477-484,-0.12986364159228295,1.369437735379097,0.6017625209562353,3
int_1_4,-0.03276883830200474,477-493,0.2843005420206903,1.3923367521265078,0.3765864721334136,3
int_1_5,0.08832378732765546,477-496,-0.024286467604312634,1.3107297961046112,0.4172816305484189,3
int_1_6,0.1729101693928941,477-498,-0.2304545310932163,1.280722963840085,0.08282785596800636,3
int_1_7,-0.04798979377996682,477-501,-0.6288000609063354,1.3402267951228775,0.32340227450708214,3
int_1_8,0.1185712318035549,477-505,-0.09442141554293633,1.1243698798533093,0.13162697920767788,3
int_2_3,0.09444147711188952,478-484,-0.2073374788234931,1.1794361908735498,0.20741417079895663,3
int_2_4,-0.1248423187662567,478-493,-0.31778029272260877,1.1264202420662845,0.031533537654797356,3
int_2_5,0.2448549476013233,478-496,0.10698799150097132,1.2827247471904653,0.29927293848936376,3
int_2_6,0.0827584840539305,478-498,0.17201084943504275,1.1387558348158147,0.32425283686784123,3
int_2_7,-0.1255914298414439,478-501,-0.24566181332466264,1.2033439393746388,0.17268111564414715,3
int_2_8,-0.07061376463428731,478-505,-0.006507173536227724,1.3667522838655737,0.39547787792814165,3
int_3_4,-0.02884481254780239,484-493,0.6921908532281442,1.395033434152615,0.4341088910832596,3
int_3_5,-0.06349002491790214,484-496,0.04187184620225614,1.2742122004665395,0.48356690621357623,3
int_3_6,0.04735884348941626,484-498,0.10779890736237803,1.1642186847395732,0.3882929462845085,3
int_3_7,-0.2555028839441757,484-501,-0.3987192471190715,1.3221656275850577,0.2235080735190066,3
int_3_8,0.1729207286632753,484-505,0.33820478813231397,1.4337634430896884,0.3180654886538744,3
int_4_5,0.0687785725455381,493-496,-0.4552279918196643,1.315567423748613,0.5762517937030845,3
int_4_6,0.08692175808562767,493-498,0.241394969131182,1.1295494172346967,0.1972407397990749,3
int_4_7,-0.2578834602104221,493-501,0.8169315615875977,1.535467364668582,0.2702665287944519,3
int_4_8,0.1549900088521992,493-505,0.21362437867576045,1.336040853153411,0.13556249434857306,3
int_5_6,-0.1044690454913171,496-498,0.5100226942684224,1.4093444589485296,0.4434097640161523,3
int_5_7,0.1345775486172768,496-501,1.098547101757948,1.7774512101201558,0.6429629184438346,3
int_5_8,0.1922830702603134,496-505,0.10399942401350167,1.3117911879078095,0.4247495634672995,3
int_6_7,-0.1697265181546755,498-501,0.19576623423995063,1.645061095408246,0.25002482021380734,3
int_6_8,0.004252680932034261,498-505,1.2583592670908883,1.6601676845966038,0.49500161684087884,3
int_7_8,-0.2738290203608931,501-505,0.40232023551314006,1.5696778090824333,0.23292492012138366,3
