Feature,human_model_pairwise_coefficient,residue_pair
int_1_2,0.1082915747348542,477-478
int_1_3,0.06969267926517966,477-484
int_1_4,-0.03276883830200474,477-493
int_1_5,0.08832378732765546,477-496
int_1_6,0.1729101693928941,477-498
int_1_7,-0.04798979377996682,477-501
int_1_8,0.1185712318035549,477-505
int_2_3,0.09444147711188952,478-484
int_2_4,-0.1248423187662567,478-493
int_2_5,0.2448549476013233,478-496
int_2_6,0.0827584840539305,478-498
int_2_7,-0.1255914298414439,478-501
int_2_8,-0.07061376463428731,478-505
int_3_4,-0.02884481254780239,484-493
int_3_5,-0.06349002491790214,484-496
int_3_6,0.04735884348941626,484-498
int_3_7,-0.2555028839441757,484-501
int_3_8,0.1729207286632753,484-505
int_4_5,0.0687785725455381,493-496
int_4_6,0.08692175808562767,493-498
int_4_7,-0.2578834602104221,493-501
int_4_8,0.1549900088521992,493-505
int_5_6,-0.1044690454913171,496-498
int_5_7,0.1345775486172768,496-501
int_5_8,0.1922830702603134,496-505
int_6_7,-0.1697265181546755,498-501
int_6_8,0.004252680932034261,498-505
int_7_8,-0.2738290203608931,501-505
