library_id,residue_triplet,mean_epsilon_3,median_epsilon_3,sd_epsilon_3,mean_abs_epsilon_3,median_abs_epsilon_3,max_abs_epsilon_3,n_backgrounds
1,477-478-484,0.24130485618018777,0.5049198966470405,2.8119220775020755,2.251879076718825,1.9304894776334267,5.770702241322214,32
1,477-478-493,0.8330950013930978,0.3841299314413158,3.0414791453575556,2.476692673092395,2.0201647213862106,7.285788361257591,32
1,477-478-496,-0.2745434568706734,-0.5387818645248839,2.9372363720943375,2.407707009007924,2.29832735254544,6.4797623990235005,32
1,477-478-498,-0.5610022130492437,-1.0737861285652486,2.8135276696236624,2.306328844814955,1.946996311506508,7.857023937638837,32
1,477-478-501,-0.9536850192750669,-0.9727332566376561,3.0658678092999976,2.611000411615252,2.2435535080421554,6.80238776438372,32
1,477-478-505,-0.18072654847163114,-0.3210055572888344,2.9462052412487947,2.2770361014736813,2.0287515154947133,6.7969304728795175,32
1,477-484-493,0.3445618460692384,0.1737252644873405,3.417006252402037,2.700173970368656,2.3692673417797097,9.835589918873898,32
1,477-484-496,-0.5985685559563679,-0.8776656854799938,2.6961449810842675,2.3573702298032697,2.2399714874544268,5.015557235919757,32
1,477-484-498,-0.8360422255283396,-0.2558811451299166,3.127762433908369,2.461114292616515,1.6897626168870108,8.64361231463177,32
1,477-484-501,0.13962537181714202,1.0059493356999223,3.0915467665505254,2.4903776399049793,2.123078206554113,9.413041788140903,32
1,477-484-505,-0.43220870707247216,-0.47835504713638644,2.7734802359570523,2.267431873739422,2.1078860637020362,6.3765565545448535,32
1,477-493-496,0.36042717836758825,0.2607256742121725,3.094347624302304,2.1501576778938096,1.2856507011023142,9.258528685667207,32
1,477-493-498,-1.081156953942658,-1.6911023749850633,3.313778230191221,2.7730099057809285,2.0098878036399146,8.24889305281393,32
1,477-493-501,-1.1549851767731532,-0.5224795475509334,3.141066992622829,2.696055571485417,2.7157229959361855,7.592870889295454,32
1,477-493-505,0.2753059636760659,-0.2980873345225795,2.9299180198072454,2.2641021653852387,1.7683667925564848,7.67134525495267,32
1,477-496-498,-0.4796214790551041,-0.3871646396097719,3.0399197771078326,2.4074446050804257,2.235647212109668,8.405241786645119,32
1,477-496-501,-0.6172022058969145,-1.1862006931915376,3.1606222943368087,2.6875505140525573,2.322530591482084,6.759766623614407,32
1,477-496-505,1.2218591821542235,1.2527560916626506,3.004238339992918,2.575134818103511,2.534257186844372,7.61109207042703,32
1,477-498-501,0.875646079525225,0.6019065399841125,3.3332947220792457,2.5258884651810423,1.5413515155526922,10.140247440132118,32
1,477-498-505,-0.7875050874744435,-0.853628874291953,2.9180187269671003,2.307020168129069,1.6791798807863092,7.437961601592181,32
1,477-501-505,-0.8507663867277518,-0.6618524934276023,2.831435977582457,2.2750245573710437,1.5222726735940426,8.001600524528765,32
1,478-484-493,-0.312518527766523,-0.519168486566226,2.8547215211353976,2.2832528008784707,1.9320164592785392,7.410925506841841,32
1,478-484-496,-1.296651591251778,-1.6919791407797267,2.3056492338511245,2.191964149854688,1.9709766825133357,5.665546344312615,32
1,478-484-498,0.43572649837335514,0.6534523322521444,2.403903162190231,1.9423853647531655,1.5453839059312817,5.30169705782208,32
1,478-484-501,0.5600217166566154,0.869138242878952,2.558267008117754,2.193003441258952,2.1560383541892194,5.582023624978238,32
1,478-484-505,0.14342939715410716,-0.11740661932847835,2.5983643456158947,2.056142866480883,1.8738884396521867,7.27346910727331,32
1,478-493-496,1.0563717538798612,1.1860720240644358,2.2543248843775827,1.9848017150968873,1.8584498048368894,6.858578918558809,32
1,478-493-498,0.842593554595984,1.0158967364219254,2.38184418044595,2.001219562156617,1.5677096723419441,7.247059646083203,32
1,478-493-501,-0.21270601550228335,-0.21861064753532428,2.473178933058866,1.9361217718549362,1.61026359897472,5.240910268692679,32
1,478-493-505,0.017359043906293115,-0.44502498976988325,2.5858502437955098,2.068120311557209,1.8684045707653119,5.900721313334379,32
1,478-496-498,-0.7954326754036105,-0.10434070054380726,2.103548918449862,1.6928332522323593,1.1792880391615834,5.41694421604809,32
1,478-496-501,-0.4969167316024862,-0.0748245798665723,2.6193591243908747,2.1311223860387973,1.9878517809086234,5.200961764654874,32
1,478-496-505,0.5313990452216968,0.6356603355521155,2.7578320856370184,2.1083976106399436,1.6017752552146574,7.596488794391826,32
1,478-498-501,0.11021136125609937,0.6116173134976864,2.628668932968326,1.9847581352046688,1.7605330601143003,8.463080178730767,32
1,478-498-505,0.3489817163816268,0.6129497416511929,2.4759417139381625,1.997632809710099,1.6416868777942009,6.628508632585721,32
1,478-501-505,-0.46845667786116485,-0.4170583526002842,2.3872285113598055,1.9339553585842337,1.4642372688863579,5.40780189600773,32
1,484-493-496,-0.24149989774809844,-0.1646848248725123,2.4687465941276976,1.9931539135099654,1.6854935347454818,5.255164131908378,32
1,484-493-498,-0.012814950372309286,-0.5031211720192261,2.8952920998725222,2.294777137143088,2.0965835145342355,6.351106928166484,32
1,484-493-501,-0.2785633781030036,-0.055480603205240175,2.9307417892835144,2.292979782167941,1.8132441310906322,7.004813892521957,32
1,484-493-505,0.09041429800949961,0.1510499839282482,2.781755930697235,2.1032129720276656,1.590028769246028,6.862934381296274,32
1,484-496-498,-0.591155661444396,-0.7593726487537175,2.593334657584565,1.9896862860732483,1.5961652645164475,6.490649905192667,32
1,484-496-501,-0.029453810472061075,-0.5745285104118871,2.5748875813049277,2.1092944467368686,1.9521819157436013,4.928019495032432,32
1,484-496-505,-0.5529367101200545,-0.5983776213754703,2.56442772685967,2.0576499365599252,1.8058227471107569,5.451529555314383,32
1,484-498-501,0.7319363536440987,0.7777147939297302,2.8559632974063898,2.25775168294368,1.484376454666943,6.144238736791491,32
1,484-498-505,-0.12792337476529375,-0.3479865598621042,2.5942540191427703,1.9703451068805802,1.539397425437355,7.346259288889457,32
1,484-501-505,-0.04252141925590942,-0.14727133482565202,2.5846413657928142,2.2216240418831563,1.988758767028527,5.668649893498556,32
1,493-496-498,0.23579226674963202,0.562363064860369,2.7219611314952488,1.9810788365088048,1.4047282859682912,7.482658494186456,32
1,493-496-501,1.222775138414205,1.0229052152654943,2.774562867066439,2.4413998458665467,2.0127279140054455,6.458015438635461,32
1,493-496-505,0.15155315755709836,-0.14272238677912785,2.741800965491654,2.194591543454357,1.9621440737132385,5.541590407474359,32
1,493-498-501,-0.18915726119566606,-0.41523104768677993,2.8892135343638206,2.3746732038811706,1.9818829367348494,6.494341281660279,32
1,493-498-505,0.33071031438538245,0.5533774624072726,2.6234657099536554,2.1361385673458124,2.0125375782066204,6.8038018139638705,32
1,493-501-505,-0.8584641398621523,-0.7112507001008314,2.6881727857369193,2.2984642264940316,2.040824121834824,5.617305348070384,32
1,496-498-501,-1.6449281896760364,-1.9909337545198316,2.71259550878328,2.5396116415242993,2.168607047512963,7.113745208754453,32
1,496-498-505,0.5600454103140631,0.7468042195280241,2.5890284268162325,2.0759658395090854,1.7956510144575346,7.392304695211346,32
1,496-501-505,-1.430480309638027,-1.2027599120089931,2.678713511998125,2.309025789474182,1.8769285100140516,8.14276882108477,32
1,498-501-505,-1.1618233719130675,-0.9789892877913554,2.4759196286720973,2.2192558887533553,2.036965394227141,5.536799600842514,32
2,477-478-484,0.42414732607870975,0.48286687782527526,2.1288642641138464,1.7989644669561073,1.5680985316998632,4.622475466193043,32
2,477-478-493,0.5742612207853757,0.5653601813350546,2.311266770894062,1.7024507195888787,1.2810833354493143,7.735023514393163,32
2,477-478-496,-0.07689404149658556,-0.05819204538165623,2.3198844659192615,1.9337366686355726,2.198998443006974,4.53951616607417,32
2,477-478-498,0.48623040245300425,0.435555621647109,2.3140914867804745,1.780216034197437,1.5786684789051786,6.327465095068099,32
2,477-478-501,-0.18142887522180148,-0.42944826956016136,2.658193093582543,2.097531777487912,1.6538821262198447,7.295967641973478,32
2,477-478-505,0.21763660809145194,-0.012835433260153774,2.443050943803968,1.7584506581996362,1.3320674642916213,6.703618400610164,32
2,477-484-493,0.4318504314929437,0.02310175657656066,1.878264001391796,1.4541526621756236,1.1955477162437302,4.62574696580546,32
2,477-484-496,0.44575936460902316,0.6865999278255768,2.0277952669932264,1.7307022437432078,1.5163756159923498,4.8663612195244905,32
2,477-484-498,0.14363446545930073,-0.16838056985081107,2.2319328226834068,1.7944424167389725,1.3568622497897969,5.304264625728222,32
2,477-484-501,0.2107170950101871,0.05268747759416255,2.4291569903530004,1.7837466918242282,1.5373002747947446,7.0785297816951065,32
2,477-484-505,-0.33069910623914633,-0.5221100060737293,2.1265983664132806,1.6901956882123765,1.5656945454608286,5.195982456334351,32
2,477-493-496,-0.10005669626043162,-0.008216955484564331,2.0571284729443473,1.5666088336481754,1.4089831568152662,6.158792421108039,32
2,477-493-498,0.6639898670153046,0.6058810955062872,1.9835924405495424,1.5807190610884203,1.3560144102639333,5.854971797732198,32
2,477-493-501,-0.4958828831712219,-0.846858823035455,2.2114074399040753,1.7429169679122656,1.1412875966716123,5.888604946171648,32
2,477-493-505,0.44566173575233964,0.7602181343122411,2.0605025040768843,1.5786462170699642,1.2424802637850179,5.004548681840788,32
2,477-496-498,-0.021963757394348332,-0.1472081589762978,2.1215480409432654,1.6806371766868378,1.7430402898749762,5.230191121385591,32
2,477-496-501,-0.27616163364006774,-0.09288586689862544,2.5328842222226013,1.9479268397389915,1.4567622134410652,6.238426292066622,32
2,477-496-505,-0.28060912270674016,-0.22049664576364536,2.39160277930351,1.7501173117028457,1.2388147841502963,7.077065626133088,32
2,477-498-501,-0.05235096540425818,0.2689406832223905,2.5936155783155996,1.9240257931126494,1.5208299042918694,7.685025608553955,32
2,477-498-505,-0.42065102313081715,-0.3024061020746185,2.3340498263534335,1.59935503389108,1.0605624442742685,6.745159095875616,32
2,477-501-505,-0.5156253891410878,-0.435151201340036,2.6264419849595684,1.6942383843341506,1.1086587067201796,11.194152342869282,32
2,478-484-493,-0.4895051267298182,-0.26364754770204746,1.9504565893241947,1.5783351788387014,1.2104590147196288,4.686059120292565,32
2,478-484-496,-0.25245785418962896,-0.1690896451670452,1.7677721140236922,1.401950882511784,1.3059193644672018,4.550449113554351,32
2,478-484-498,-0.16470917482511155,-0.016252415678589233,2.1946381914809963,1.7670692486824653,1.4295944939238143,5.076352350529582,32
2,478-484-501,0.35322186016481716,0.31224436296219704,2.1263028151409764,1.724445692927089,1.5969411562679148,4.771223909879286,32
2,478-484-505,-0.11587399045089397,-0.04741005546531174,2.1380807991310804,1.6613428682615532,1.722607497407015,5.638194779694723,32
2,478-493-496,0.15351927218636377,0.38998623850082903,2.217080303265863,1.7330401010805785,1.3472788694953572,4.733531481995703,32
2,478-493-498,-0.2996887529011294,-0.8115347775143977,2.2430837578203744,1.8565009327402051,1.4156430186236482,5.785168002949719,32
2,478-493-501,-0.011369467566681321,-0.29180483357234566,2.3329397340756626,1.836193036875872,1.4328201738937492,5.6794964292392685,32
2,478-493-505,0.30749884591325705,0.6370403718571596,2.4044442046146663,1.8230071184964318,1.4729602177219059,5.834094388076361,32
2,478-496-498,-0.9016535648286776,-0.8681579497196648,2.101883997401059,1.7891734278555143,1.5113843620684895,4.908938022520808,32
2,478-496-501,-0.04625847198096579,0.07403044772120304,2.3182681930190094,1.871933767923704,1.696018312125395,5.171511681755936,32
2,478-496-505,-0.05395889482339358,0.9109637250323528,2.4838959789791355,2.0883876624564026,2.002345813285275,5.10804045633947,32
2,478-498-501,-0.5495699014172575,-0.8260949952799517,2.3177192257431076,1.8320663027737554,1.3874047360037882,6.056021561886515,32
2,478-498-505,-0.6275085413147439,-0.19360994966330083,2.5484181482797292,1.8767175566710899,1.092702298148262,7.031773484215856,32
2,478-501-505,-0.6351084439196556,-0.8204201643333229,2.5149444537049725,1.862887160994372,1.2725072824625796,8.430186973255795,32
2,484-493-496,-0.019578846479853536,-0.06031457387599415,1.829782898418484,1.3610580835860397,1.0782976891480822,4.7119828991429085,32
2,484-493-498,0.276176253036101,0.28253588067470475,2.1616615665732652,1.6549908426404296,1.2332518013837415,5.4522847003055634,32
2,484-493-501,-0.28163136342634665,-0.29757815459743175,2.1220844906778242,1.6974796625175794,1.3776025020351583,5.205644818174644,32
2,484-493-505,0.25480417572222647,0.19397279411122992,1.9527984359632722,1.4803986297764153,1.294523771919264,5.6519026713327305,32
2,484-496-498,-0.3128506104068828,-0.1957728474090082,2.079043053528926,1.7051789768323653,1.4590158405130096,4.869770625148953,32
2,484-496-501,-0.17024233824274848,0.04584313526057961,2.1770755391882295,1.6367952267363302,1.2155024716168148,6.595793527662619,32
2,484-496-505,-0.5628611075463625,-0.8882699945683925,2.353468593978963,1.9597841075603366,1.41848093803933,4.737780508173462,32
2,484-498-501,0.6907233015962898,0.5731405704948553,2.3624685477648018,1.8311222351413776,1.512958111569538,7.073810189701467,32
2,484-498-505,0.17942590717310047,0.02588275719782586,2.4986279653708765,1.895182554324156,1.4520981754476068,6.534421715980159,32
2,484-501-505,-0.024990055995548335,0.3074027878765202,2.3215769896778693,1.579159239985206,1.0888769780947363,8.711211492690898,32
2,493-496-498,-0.3387979945275249,-0.23313163554797717,1.939468898703327,1.5901543477295514,1.3943694889140916,4.328456910553359,32
2,493-496-501,-0.08614083160523353,-0.29470837710118347,2.2135428149163974,1.6998182480455342,1.443959902235325,5.956844232170306,32
2,493-496-505,0.1153088261526453,-0.29763881835838985,2.246407444919659,1.6920656766961932,1.2198214931072222,5.696435459123302,32
2,493-498-501,0.28723285520930564,0.4119634834439705,2.1565528019729006,1.636507768348167,1.0395766352013998,5.865657161062159,32
2,493-498-505,0.5527906757472689,0.9983329163597335,2.2686821351077024,1.9401775070971872,1.7699582777148954,5.181577715505371,32
2,493-501-505,0.18605495248071743,0.39653825821277794,2.3455110882739727,1.706547319201011,1.2963915897396112,7.99561921768116,32
2,496-498-501,-1.7136314355607642,-1.8794114313981272,2.348120351990745,2.4673078570840743,2.10289519052464,6.925514409105571,32
2,496-498-505,1.0202472845488197,0.9842323152944734,2.6744440498497486,2.073151678200959,1.407939319090291,8.515685764065758,32
2,496-501-505,0.27856978023710777,-0.00492722260940473,2.7522926377768453,2.03560194290353,1.6520047291077193,9.010585708526994,32
2,498-501-505,-2.7039543961603,-2.310652270944664,2.5747775935821227,2.79578200041034,2.310652270944664,12.58154224346332,32
3,477-478-484,0.7979743463696524,0.2832545500711331,2.9517296283057894,2.3596697169025003,1.8624694084285163,6.775211564109378,32
3,477-478-493,-0.33774029260067445,-0.058402994814611545,3.0261370162628807,2.2738762723113872,1.9684455506288492,9.898198243240707,32
3,477-478-496,0.29510063996043423,-0.29531504259971875,3.3406412599675863,2.5506608194544738,1.896856484904832,8.765879705897186,32
3,477-478-498,-0.208664744839277,-0.3690696613697315,2.6259006852694675,2.102008198687207,1.8616110478984949,6.040050498011126,32
3,477-478-501,-0.050103292928621104,-0.1520328573678742,2.967988856702395,2.2382425382286693,1.9735296372652273,7.20806864192823,32
3,477-478-505,-0.5881079691818983,-0.4244229327232105,3.3537721180448923,2.601997477407844,2.372950423870112,9.59951001493319,32
3,477-484-493,0.7708888875838996,1.1537132869577094,3.236242899794336,2.707023251291123,2.6585291933440205,6.896579234320554,32
3,477-484-496,-0.024364012108940958,0.23457297713618935,3.0546799785551855,2.4764738955255776,2.381565602414776,6.674601277853425,32
3,477-484-498,-0.21089043872045907,-0.6277856378722366,2.953542517608397,2.5304537520116783,2.314432070258932,5.331432390662499,32
3,477-484-501,0.011109849085178973,-0.558293270822847,3.532510324741179,2.8687977517563743,2.7303524695377197,7.261812023752972,32
3,477-484-505,-0.38186853056171294,-0.3540153507845439,3.545991944754062,2.709136496956837,2.038027720388431,7.549833753420125,32
3,477-493-496,0.13705890512130287,-0.8734179602807618,3.2842072252298844,2.72338010796758,2.58009074675787,6.617078614579753,32
3,477-493-498,0.6571498385843616,0.0028931335230403116,3.457864619846037,2.7830159600998043,2.63835325055404,8.006158968031563,32
3,477-493-501,0.25710739958585915,0.7247199136310617,3.6416872520849455,2.8479643146336384,2.1404212634961253,7.420547766495256,32
3,477-493-505,0.16036467185656128,-0.4930332760193209,4.007650668318116,3.232855943867479,2.939990100177582,7.805016038827807,32
3,477-496-498,-0.1415934169621433,0.2065097609640118,2.814254174860618,2.293063385393088,2.2739585188668556,5.769955429354813,32
3,477-496-501,-0.24295973669152626,0.20667105156782134,3.250816044968868,2.469549565269626,1.9500636554880697,7.701798295628075,32
3,477-496-505,0.26690895071092957,-0.23641788595702717,3.408088358731898,2.7334878812655377,2.5485060531965473,8.127418357704968,32
3,477-498-501,-1.0014006660605386,-0.5805773350255136,3.2516082504917163,2.654930149823686,2.0977314067579313,7.21643266251343,32
3,477-498-505,-0.2836178000764206,-0.049368505470740176,3.728918590050283,2.8895530127073807,2.4495430658685993,7.258060258303987,32
3,477-501-505,-0.6186822275908637,-1.0022427454724951,3.6267921339555795,2.784574986630989,2.467316154256083,9.67654647254275,32
3,478-484-493,0.003978962330334179,0.04137008859274571,3.5097280138839055,2.606939058832916,1.9668495431782627,9.019490744195926,32
3,478-484-496,-0.07592928083386587,0.14879005836711057,3.585132282308421,2.927274018830329,2.799964344526942,7.626885798844956,32
3,478-484-498,-0.6293599108912998,-0.6597857961785834,2.8366872340939877,2.179784812037256,1.6697906570838612,8.137632538266754,32
3,478-484-501,-1.550640701107615,-0.5620974574114678,3.3019748098365804,2.7737741009496633,2.610483975085873,9.089548123528434,32
3,478-484-505,1.0376741138963994,0.04635554401579817,3.49523565624666,2.6119694468589056,1.512051651805445,11.673970282978786,32
3,478-493-496,-0.4520015325176969,0.11674684501455942,3.4884203488828844,2.6276294184762667,2.3827516802487163,7.9892618442501,32
3,478-493-498,-0.4416252832612434,-0.4146024664444379,3.109970320309598,2.5193077810816944,2.3843388055236976,7.663834016531302,32
3,478-493-501,-0.2608549598654705,0.18733133386856976,3.5786909385641708,2.9546431670435758,3.0681778726682385,8.69566993946753,32
3,478-493-505,-0.4961358791521166,-0.9509266316172293,4.065747578609921,3.3025818201546224,2.6955050581459528,10.023847609768055,32
3,478-496-498,-0.559447948022316,-0.30398406403224,2.511985297981941,1.953028663078444,1.4850550981286403,6.884049271968754,32
3,478-496-501,0.816770138303762,1.0386657982620693,3.370218330535051,2.825790689993354,2.6240884794614368,7.527114900491843,32
3,478-496-505,0.028522012135664965,-1.6648626926634498,3.75582306530198,3.206695931444589,2.852813045238597,8.630208963649963,32
3,478-498-501,-0.2890685790611488,-0.31285212569751797,2.587369717400888,2.032893472216602,1.6910597512579801,5.876573108077238,32
3,478-498-505,0.7926633750570042,1.2172420461249764,3.1898280220061235,2.720806602102799,2.340550235782894,7.5229753038560805,32
3,478-501-505,0.6585884051780376,0.5424489744255514,3.5518705652185227,2.8179305293215813,2.0030260297175753,7.871609404753256,32
3,484-493-496,0.38421100168483274,0.4836034214557403,3.4507936914891824,2.8095022937755147,2.498401366415141,7.01128370557888,32
3,484-493-498,0.588038923066496,0.7030613120841683,3.444236142844428,2.820890823097674,2.1893630537025466,7.566815897820201,32
3,484-493-501,0.8771960263035083,0.8891424844429072,4.031266267619352,3.050240095284488,2.0283565843623883,11.00905145439129,32
3,484-493-505,1.0312406952351691,1.3683079825583528,4.1481845000551285,3.2493975107672926,3.0516290675077262,12.511498445871142,32
3,484-496-498,-0.2814346396354348,0.15909115139363317,2.755860219218913,2.236288607860746,2.2915240247501196,4.8388659782731684,32
3,484-496-501,-0.006519029513157609,-0.9058060644215495,3.2481011590678674,2.758888526232461,2.573597982458429,6.6256913828683945,32
3,484-496-505,-1.9050032203661906,-2.456042750489914,3.5448792636494573,3.319444861657884,2.8009421237497527,10.105879721927968,32
3,484-498-501,0.5305590870578778,1.1129154153453498,3.719521962193719,2.995282993225486,2.6609180517559787,8.382218857466038,32
3,484-498-505,0.29207638246708517,0.22812265416933797,3.6286143053386697,2.8528299223276217,2.4742959664369333,7.893549895835178,32
3,484-501-505,0.06389670972753973,-0.3321674733674862,4.051365520246471,3.1188530950476867,2.217780990283498,8.10305947604149,32
3,493-496-498,1.9018936344517634,1.2124479748619454,2.7448231070869866,2.479784343834474,1.7754695142857462,7.163980052257608,32
3,493-496-501,-1.093609892876159,-1.1803350514363358,3.6630916227612995,3.0636325549874583,2.8200033908508235,9.064901859428394,32
3,493-496-505,0.1686903167908804,-0.22773455187650327,3.9221687805917718,3.1187668482351723,2.628254715048893,7.867284889896659,32
3,493-498-501,0.19055414000030801,-0.40402172863827046,3.5515910340603227,2.8027443335177837,2.534780216802581,7.121578193752455,32
3,493-498-505,0.31045427017665184,0.5646271397836156,4.0097463743543775,3.006198510039141,2.2886719380968668,11.062874078017376,32
3,493-501-505,0.11638740820650995,-0.4978368862889965,4.4845704304799545,3.714850624840783,3.0928039735862143,8.593169881518039,32
3,496-498-501,-0.5849032268793231,-1.2477487221787873,2.777815430262223,2.454757800519659,2.356640740276009,5.2223641377806365,32
3,496-498-505,-0.6741071458406172,-0.8256265898684858,2.918491891108566,2.4513566213119957,2.3786950809559526,7.336284349234099,32
3,496-501-505,-0.4950606692742638,0.399370928752539,3.7252486238582843,3.1323109785235284,3.3251518467061922,6.868674608874933,32
3,498-501-505,-0.7063522697889808,-0.755242729464228,3.6471581415789234,2.894652485119334,2.294713290586805,8.141029233266778,32
