library_id,response_col,term,coefficient,term_order,coefficient_squared
1,ddelta,477,0.07481928207267277,1,0.0055979249698701735
1,ddelta,478,0.06663992377625205,1,0.004440879440904683
1,ddelta,484,-0.1833125341717875,1,0.03360348518448276
1,ddelta,493,-0.22297381829603746,1,0.04971732364551433
1,ddelta,496,-0.3559252639192938,1,0.12668279349601894
1,ddelta,498,0.19828048618240857,1,0.03931515120073231
1,ddelta,501,0.8769941763002321,1,0.7691187852645226
1,ddelta,505,-0.09506456734897437,1,0.009037271965247683
1,ddelta,477__x__478,0.07309508208457148,2,0.005342891024950242
1,ddelta,477__x__484,-0.134438546841586,2,0.01807372287687731
1,ddelta,477__x__493,0.12190693715157133,2,0.014861301325677163
1,ddelta,477__x__496,0.07489667921637558,2,0.005609512557640665
1,ddelta,477__x__498,-0.1260305400216422,2,0.01588369701814676
1,ddelta,477__x__501,-0.17778189771158268,2,0.03160640315393164
1,ddelta,477__x__505,0.06988722580056776,2,0.004884224330099544
1,ddelta,478__x__484,-0.06407450965029905,2,0.0041055427869262666
1,ddelta,478__x__493,-0.052925936739243146,2,0.0028011547797263674
1,ddelta,478__x__496,0.030758989997324022,2,0.0009461154656554792
1,ddelta,478__x__498,-0.03287619288506119,2,0.001080844058615748
1,ddelta,478__x__501,-0.028178802819204256,2,0.0007940449283235937
1,ddelta,478__x__505,-0.02177489852484248,2,0.0004741462057671872
1,ddelta,484__x__493,0.2056054742182883,2,0.04227361102852721
1,ddelta,484__x__496,0.059011070847643704,2,0.003482306482585625
1,ddelta,484__x__498,-0.05563721780122434,2,0.0030955000046608747
1,ddelta,484__x__501,0.0076937215457453245,2,5.9193351223465825e-05
1,ddelta,484__x__505,-0.0050109042659804304,2,2.5109161562820878e-05
1,ddelta,493__x__496,-0.2166963357237543,2,0.046957301916102034
1,ddelta,493__x__498,0.04395513043269479,2,0.001932053491355212
1,ddelta,493__x__501,0.2720910531603616,2,0.07403354120991472
1,ddelta,493__x__505,0.04928841322036631,2,0.0024293476777815805
1,ddelta,496__x__498,0.1511255707663264,2,0.022838938139447932
1,ddelta,496__x__501,0.29542551863947303,2,0.08727623706340162
1,ddelta,496__x__505,-0.08091750596977412,2,0.006547642772368431
1,ddelta,498__x__501,0.018090869740460036,2,0.0003272795679662926
1,ddelta,498__x__505,0.3803298478743786,2,0.14465079318414797
1,ddelta,501__x__505,0.03712898749611068,2,0.0013785617124863435
1,ddelta,477__x__478__x__484,0.03016310702252347,3,0.0009098130252522047
1,ddelta,477__x__478__x__493,0.1041368751741372,3,0.010844488771033832
1,ddelta,477__x__478__x__496,-0.03431793210883417,3,0.0011777204642265515
1,ddelta,477__x__478__x__498,-0.0701252766311554,3,0.00491755442259607
1,ddelta,477__x__478__x__501,-0.11921062740938336,3,0.014211173687338824
1,ddelta,477__x__478__x__505,-0.022590818558953903,3,0.0005103450831635761
1,ddelta,477__x__484__x__493,0.0430702307586548,3,0.001855044777603774
1,ddelta,477__x__484__x__496,-0.074821069494546,3,0.005598192440307683
1,ddelta,477__x__484__x__498,-0.10450527819104245,3,0.010921353169787174
1,ddelta,477__x__484__x__501,0.017453171477142756,3,0.00030461319461054943
1,ddelta,477__x__484__x__505,-0.05402608838405901,3,0.0029188182260821557
1,ddelta,477__x__493__x__496,0.04505339729594854,3,0.0020298086079065833
1,ddelta,477__x__493__x__498,-0.13514461924283225,3,0.018264068110290105
1,ddelta,477__x__493__x__501,-0.14437314709664414,3,0.020843605602589247
1,ddelta,477__x__493__x__505,0.03441324545950823,3,0.0011842714630563638
1,ddelta,477__x__496__x__498,-0.05995268488188801,3,0.0035943244245469634
1,ddelta,477__x__496__x__501,-0.07715027573711429,3,0.005952165046312766
1,ddelta,477__x__496__x__505,0.1527323977692779,3,0.02332718532835293
1,ddelta,477__x__498__x__501,0.10945575994065307,3,0.011980563384185874
1,ddelta,477__x__498__x__505,-0.09843813593430546,3,0.0096900666062208
1,ddelta,477__x__501__x__505,-0.10634579834096898,3,0.01130942882477804
1,ddelta,478__x__484__x__493,-0.039064815970815375,3,0.001526059846833672
1,ddelta,478__x__484__x__496,-0.16208144890647222,3,0.026270396079621363
1,ddelta,478__x__484__x__498,0.0544658122966694,3,0.0029665247091360237
1,ddelta,478__x__484__x__501,0.07000271458207695,3,0.004900380048859729
1,ddelta,478__x__484__x__505,0.017928674644263412,3,0.0003214373744998538
1,ddelta,478__x__493__x__496,0.13204646923498264,3,0.01743627003742522
1,ddelta,478__x__493__x__498,0.105324194324498,3,0.011093185910104615
1,ddelta,478__x__493__x__501,-0.026588251937785447,3,0.0007069351411071516
1,ddelta,478__x__493__x__505,0.0021698804882866185,3,4.708381333446974e-06
1,ddelta,478__x__496__x__498,-0.09942908442545131,3,0.009886142829683526
1,ddelta,478__x__496__x__501,-0.06211459145031078,3,0.003858222471039021
1,ddelta,478__x__496__x__505,0.0664248806527121,3,0.004412264769727046
1,ddelta,478__x__498__x__501,0.0137764201570124,3,0.00018978975234253757
1,ddelta,478__x__498__x__505,0.04362271454770336,3,0.0019029412245104105
1,ddelta,478__x__501__x__505,-0.05855708473264559,3,0.0034289321723862355
1,ddelta,484__x__493__x__496,-0.030187487218512297,3,0.0009112843845678433
1,ddelta,484__x__493__x__498,-0.0016018687965386191,3,2.565983641324084e-06
1,ddelta,484__x__493__x__501,-0.03482042226287541,3,0.0012124618065649498
1,ddelta,484__x__493__x__505,0.01130178725118743,3,0.0001277303950711027
1,ddelta,484__x__496__x__498,-0.0738944576805495,3,0.005460390875902521
1,ddelta,484__x__496__x__501,-0.0036817263090076057,3,1.3555108614438767e-05
1,ddelta,484__x__496__x__505,-0.06911708876500683,3,0.004777171959349833
1,ddelta,484__x__498__x__501,0.09149204420551238,3,0.008370794152903432
1,ddelta,484__x__498__x__505,-0.01599042184566172,3,0.00025569359080221556
1,ddelta,484__x__501__x__505,-0.005315177406988688,3,2.8251110867762996e-05
1,ddelta,493__x__496__x__498,0.02947403334370402,3,0.0008687186415457763
1,ddelta,493__x__496__x__501,0.15284689230177564,3,0.023362172486310603
1,ddelta,493__x__496__x__505,0.018944144694637316,3,0.00035888061821135516
1,ddelta,493__x__498__x__501,-0.02364465764945821,3,0.0005590698353600826
1,ddelta,493__x__498__x__505,0.04133878929817278,3,0.0017088955006387243
1,ddelta,493__x__501__x__505,-0.10730801748276901,3,0.011515010616082259
1,ddelta,496__x__498__x__501,-0.20561602370950452,3,0.04227794920610752
1,ddelta,496__x__498__x__505,0.07000567628925791,3,0.004900794712716368
1,ddelta,496__x__501__x__505,-0.17881003870475332,3,0.03197302994159538
1,ddelta,498__x__501__x__505,-0.1452279214891334,3,0.0210911491800539
1,ddelta,477__x__478__x__484__x__493,-0.16792098069037442,4,0.0281974557560171
1,ddelta,477__x__478__x__484__x__496,-0.027546984808124803,4,0.0007588363720190587
1,ddelta,477__x__478__x__484__x__498,0.06070574847534368,4,0.0036851878979516912
1,ddelta,477__x__478__x__484__x__501,-0.0480665092580114,4,0.0023103893122504954
1,ddelta,477__x__478__x__484__x__505,-0.020727193485788362,4,0.0004296165497973075
1,ddelta,477__x__478__x__493__x__496,0.09675053704180472,4,0.009360666417877628
1,ddelta,477__x__478__x__493__x__498,0.10181573883314796,4,0.010366444674139793
1,ddelta,477__x__478__x__493__x__501,-0.014098845661211862,4,0.00019877744897867254
1,ddelta,477__x__478__x__493__x__505,0.03724434988086706,4,0.0013871415980484423
1,ddelta,477__x__478__x__496__x__498,0.03253757051605331,4,0.001058693495087142
1,ddelta,477__x__478__x__496__x__501,-0.09871034080235262,4,0.009743731381316602
1,ddelta,477__x__478__x__496__x__505,-0.14648899132149953,4,0.021459024578390367
1,ddelta,477__x__478__x__498__x__501,-0.11419832625074451,4,0.013041257718471483
1,ddelta,477__x__478__x__498__x__505,-0.10122161857018089,4,0.010245816065967188
1,ddelta,477__x__478__x__501__x__505,0.0033585006211534554,4,1.1279526422288146e-05
1,ddelta,477__x__484__x__493__x__496,0.07051732802796232,4,0.00497269355220324
1,ddelta,477__x__484__x__493__x__498,-0.06455709622762762,4,0.0041676186733431726
1,ddelta,477__x__484__x__493__x__501,-0.06732100053703699,4,0.004532117113307734
1,ddelta,477__x__484__x__493__x__505,0.027500739233764712,4,0.0007562906584035258
1,ddelta,477__x__484__x__496__x__498,-0.09312362409778849,4,0.008672009365106212
1,ddelta,477__x__484__x__496__x__501,-0.03032054249222455,4,0.0009193352970227947
1,ddelta,477__x__484__x__496__x__505,-0.036768368768097484,4,0.0013519129418668066
1,ddelta,477__x__484__x__498__x__501,0.031747840889535237,4,0.0010079254011472454
1,ddelta,477__x__484__x__498__x__505,-0.0955050953746647,4,0.009121223242523801
1,ddelta,477__x__484__x__501__x__505,-0.10214080921485229,4,0.010432744907064855
1,ddelta,477__x__493__x__496__x__498,-0.002374760244226653,4,5.639486217559432e-06
1,ddelta,477__x__493__x__496__x__501,0.05436856160875794,4,0.002955940491405308
1,ddelta,477__x__493__x__496__x__505,-0.003732093931489322,4,1.3928525113459424e-05
1,ddelta,477__x__493__x__498__x__501,0.03497457958570372,4,0.0012232212171967233
1,ddelta,477__x__493__x__498__x__505,0.05748018747643338,4,0.003303971952325929
1,ddelta,477__x__493__x__501__x__505,-0.05457043572732821,4,0.0029779324554704595
1,ddelta,477__x__496__x__498__x__501,0.09985850253771346,4,0.009971720529074525
1,ddelta,477__x__496__x__498__x__505,0.014936351643498519,4,0.0002230946004182409
1,ddelta,477__x__496__x__501__x__505,0.057031448834233785,4,0.0032525861561318262
1,ddelta,477__x__498__x__501__x__505,0.06733302563051884,4,0.004533736340560106
1,ddelta,478__x__484__x__493__x__496,-0.006291647352480344,4,3.958482640797293e-05
1,ddelta,478__x__484__x__493__x__498,-0.0017142489460215786,4,2.938649448936093e-06
1,ddelta,478__x__484__x__493__x__501,0.0706163068058347,4,0.004986662786895775
1,ddelta,478__x__484__x__493__x__505,0.11403225571032997,4,0.013003355342386082
1,ddelta,478__x__484__x__496__x__498,-0.017089773093798305,4,0.0002920603443975125
1,ddelta,478__x__484__x__496__x__501,0.07419376088119484,4,0.005504714153695917
1,ddelta,478__x__484__x__496__x__505,-0.10263046404192483,4,0.010533012149460825
1,ddelta,478__x__484__x__498__x__501,-0.04357497746834528,4,0.0018987786613667988
1,ddelta,478__x__484__x__498__x__505,-0.0012087714739470734,4,1.4611284762281803e-06
1,ddelta,478__x__484__x__501__x__505,-0.037030159550847944,4,0.0013712327163612553
1,ddelta,478__x__493__x__496__x__498,0.031015859451765174,4,0.000961983537531651
1,ddelta,478__x__493__x__496__x__501,-0.032694564326077036,4,0.0010689345364719891
1,ddelta,478__x__493__x__496__x__505,0.03064908647795292,4,0.0009393665019330364
1,ddelta,478__x__493__x__498__x__501,0.05481877202746533,4,0.0030050977665992155
1,ddelta,478__x__493__x__498__x__505,0.0650808081865684,4,0.004235511594216909
1,ddelta,478__x__493__x__501__x__505,-0.04623662004328197,4,0.0021378250330268238
1,ddelta,478__x__496__x__498__x__501,0.013643350602836009,4,0.0001861410156719057
1,ddelta,478__x__496__x__498__x__505,0.031736994559313864,4,0.0010072368236579178
1,ddelta,478__x__496__x__501__x__505,-0.0005056070334911456,4,2.556384723157164e-07
1,ddelta,478__x__498__x__501__x__505,-0.06383031765667391,4,0.004074309452151897
1,ddelta,484__x__493__x__496__x__498,0.019342671247372052,4,0.0003741389309839135
1,ddelta,484__x__493__x__496__x__501,0.012298316743310413,4,0.00015124859471878926
1,ddelta,484__x__493__x__496__x__505,0.07687616088044627,4,0.005909944111716257
1,ddelta,484__x__493__x__498__x__501,-0.04188182548759501,4,0.001754087306173363
1,ddelta,484__x__493__x__498__x__505,0.017303528957882962,4,0.00029941211439629423
1,ddelta,484__x__493__x__501__x__505,0.08309095534763478,4,0.0069041068605826365
1,ddelta,484__x__496__x__498__x__501,-0.011050063302036351,4,0.00012210389897901052
1,ddelta,484__x__496__x__498__x__505,0.013866232002325306,4,0.00019227238994231046
1,ddelta,484__x__496__x__501__x__505,-0.06150623696004362,4,0.003783017184985036
1,ddelta,484__x__498__x__501__x__505,-0.021734200017118233,4,0.00047237545038410217
1,ddelta,493__x__496__x__498__x__501,0.00033344653530939516,4,1.1118659190983971e-07
1,ddelta,493__x__496__x__498__x__505,0.008147487409596586,4,6.638155108953489e-05
1,ddelta,493__x__496__x__501__x__505,-0.13435583888177383,4,0.018051491441625166
1,ddelta,493__x__498__x__501__x__505,-0.04316901092559096,4,0.0018635635042937916
1,ddelta,496__x__498__x__501__x__505,-0.01741665480523326,4,0.00030333986460465476
1,ddelta,477__x__478__x__484__x__493__x__496,-0.00043506477116791835,5,1.8928135511139315e-07
1,ddelta,477__x__478__x__484__x__493__x__498,-0.02561641578939257,5,0.0006562007578950409
1,ddelta,477__x__478__x__484__x__493__x__501,0.02815645912727214,5,0.0007927861905857466
1,ddelta,477__x__478__x__484__x__493__x__505,-0.0790996554175439,5,0.006256755487174181
1,ddelta,477__x__478__x__484__x__496__x__498,0.0015923938962682342,5,2.535718320872328e-06
1,ddelta,477__x__478__x__484__x__496__x__501,0.09921733961455843,5,0.009844080480190627
1,ddelta,477__x__478__x__484__x__496__x__505,0.011819911280923887,5,0.00013971030268891178
1,ddelta,477__x__478__x__484__x__498__x__501,-0.10175650665914587,5,0.010354386647472798
1,ddelta,477__x__478__x__484__x__498__x__505,-0.03367620675085781,5,0.001134086901126521
1,ddelta,477__x__478__x__484__x__501__x__505,0.020850579077075264,5,0.0004347466478493688
1,ddelta,477__x__478__x__493__x__496__x__498,0.05421996821168756,5,0.002939804952876409
1,ddelta,477__x__478__x__493__x__496__x__501,0.09300899855482475,5,0.008650673812171392
1,ddelta,477__x__478__x__493__x__496__x__505,0.08850380236333047,5,0.00783292303276746
1,ddelta,477__x__478__x__493__x__498__x__501,0.07050628035484066,5,0.00497113556947539
1,ddelta,477__x__478__x__493__x__498__x__505,0.018635875196255695,5,0.00034729584433041826
1,ddelta,477__x__478__x__493__x__501__x__505,0.07972501274360089,5,0.006356077656967324
1,ddelta,477__x__478__x__496__x__498__x__501,-0.09837664959178964,5,0.009677965184905764
1,ddelta,477__x__478__x__496__x__498__x__505,-0.05945147315430641,5,0.0035344776602172162
1,ddelta,477__x__478__x__496__x__501__x__505,0.11589528099806556,5,0.013431716157620578
1,ddelta,477__x__478__x__498__x__501__x__505,-0.0983372870504686,5,0.009670222024446258
1,ddelta,477__x__484__x__493__x__496__x__498,-0.07556272051345037,5,0.005709724731393813
1,ddelta,477__x__484__x__493__x__496__x__501,-0.005393498646549935,5,2.9089827650335984e-05
1,ddelta,477__x__484__x__493__x__496__x__505,0.054954471516185786,5,0.003019993939623275
1,ddelta,477__x__484__x__493__x__498__x__501,0.11017724848074079,5,0.012139026082786898
1,ddelta,477__x__484__x__493__x__498__x__505,-0.0005947694776625278,5,3.5375073155895615e-07
1,ddelta,477__x__484__x__493__x__501__x__505,0.04118888163755421,5,0.0016965239705524502
1,ddelta,477__x__484__x__496__x__498__x__501,-0.03738167486072074,5,0.0013973896153926411
1,ddelta,477__x__484__x__496__x__498__x__505,-0.03936526014005769,5,0.0015496237058944145
1,ddelta,477__x__484__x__496__x__501__x__505,-0.058963134417516265,5,0.003476651220338091
1,ddelta,477__x__484__x__498__x__501__x__505,0.027194261858216398,5,0.0007395278780132432
1,ddelta,477__x__493__x__496__x__498__x__501,0.1106021178331921,5,0.01223282846918731
1,ddelta,477__x__493__x__496__x__498__x__505,0.1383354710576511,5,0.019136702552742222
1,ddelta,477__x__493__x__496__x__501__x__505,0.03340713224984533,5,0.001116036485158656
1,ddelta,477__x__493__x__498__x__501__x__505,-0.03582235432360367,5,0.0012832410692858068
1,ddelta,477__x__496__x__498__x__501__x__505,0.08064910020023613,5,0.006504277363107728
1,ddelta,478__x__484__x__493__x__496__x__498,0.06285095699322037,5,0.003950242794963636
1,ddelta,478__x__484__x__493__x__496__x__501,0.07391376289252403,5,0.005463244344932263
1,ddelta,478__x__484__x__493__x__496__x__505,-0.026471941950867904,5,0.00070076371065012
1,ddelta,478__x__484__x__493__x__498__x__501,0.0660014324502298,5,0.004356189085482247
1,ddelta,478__x__484__x__493__x__498__x__505,0.06605963272260225,5,0.004363875075445102
1,ddelta,478__x__484__x__493__x__501__x__505,-0.023398436145630627,5,0.0005474868140611538
1,ddelta,478__x__484__x__496__x__498__x__501,-0.04277553251369048,5,0.0018297461818297912
1,ddelta,478__x__484__x__496__x__498__x__505,0.08796230398330429,5,0.0077373669220512295
1,ddelta,478__x__484__x__496__x__501__x__505,0.005473079437548906,5,2.9954598529720643e-05
1,ddelta,478__x__484__x__498__x__501__x__505,-0.04187674035144026,5,0.001753661382461945
1,ddelta,478__x__493__x__496__x__498__x__501,0.051125206762433456,5,0.0026137867665015717
1,ddelta,478__x__493__x__496__x__498__x__505,-0.06753314576255874,5,0.0045607257765870055
1,ddelta,478__x__493__x__496__x__501__x__505,-0.05592251665855311,5,0.0031273278694261505
1,ddelta,478__x__493__x__498__x__501__x__505,0.028185670886837336,5,0.0007944320433411098
1,ddelta,478__x__496__x__498__x__501__x__505,0.011231763426578056,5,0.00012615250967061646
1,ddelta,484__x__493__x__496__x__498__x__501,-0.005784516724051649,5,3.346063373083323e-05
1,ddelta,484__x__493__x__496__x__498__x__505,0.02314660852659276,5,0.0005357654862833367
1,ddelta,484__x__493__x__496__x__501__x__505,-0.012179697518420872,5,0.00014834503164022755
1,ddelta,484__x__493__x__498__x__501__x__505,0.02682804689117702,5,0.0007197440999951929
1,ddelta,484__x__496__x__498__x__501__x__505,-0.09429536878518843,5,0.008891616574334689
1,ddelta,493__x__496__x__498__x__501__x__505,0.06689634304487616,5,0.00447512071277775
1,ddelta,477__x__478__x__484__x__493__x__496__x__498,0.015903631688041382,6,0.00025292550086887397
1,ddelta,477__x__478__x__484__x__493__x__496__x__501,0.04063515613315953,6,0.0016512159139662527
1,ddelta,477__x__478__x__484__x__493__x__496__x__505,0.0675989375652019,6,0.0045696163599440644
1,ddelta,477__x__478__x__484__x__493__x__498__x__501,-0.10578333534146606,6,0.011190114035965062
1,ddelta,477__x__478__x__484__x__493__x__498__x__505,0.09831184222254001,6,0.0096652183211896
1,ddelta,477__x__478__x__484__x__493__x__501__x__505,0.0905408367200527,6,0.008197643113967243
1,ddelta,477__x__478__x__484__x__496__x__498__x__501,0.026217237335115204,6,0.0006873435334857586
1,ddelta,477__x__478__x__484__x__496__x__498__x__505,-0.07391870852733834,6,0.0054639754703496015
1,ddelta,477__x__478__x__484__x__496__x__501__x__505,0.06545597006508667,6,0.004284484017161523
1,ddelta,477__x__478__x__484__x__498__x__501__x__505,-0.005603900534843461,6,3.1403701204418833e-05
1,ddelta,477__x__478__x__493__x__496__x__498__x__501,0.03013510661392079,6,0.0009081246506323726
1,ddelta,477__x__478__x__493__x__496__x__498__x__505,-0.024932354902777794,6,0.0006216223209980679
1,ddelta,477__x__478__x__493__x__496__x__501__x__505,0.055447196221436436,6,0.003074391568818475
1,ddelta,477__x__478__x__493__x__498__x__501__x__505,-0.006568066171096169,6,4.31394932278979e-05
1,ddelta,477__x__478__x__496__x__498__x__501__x__505,-0.0357638210532607,6,0.0012790508963296534
1,ddelta,477__x__484__x__493__x__496__x__498__x__501,0.16130116636937591,6,0.02601806627212109
1,ddelta,477__x__484__x__493__x__496__x__498__x__505,0.10551194250439724,6,0.01113277001105123
1,ddelta,477__x__484__x__493__x__496__x__501__x__505,-0.07584895540530064,6,0.005753064036075285
1,ddelta,477__x__484__x__493__x__498__x__501__x__505,0.12765962235463685,6,0.016296979179728496
1,ddelta,477__x__484__x__496__x__498__x__501__x__505,0.038300368655594975,6,0.001466918239154482
1,ddelta,477__x__493__x__496__x__498__x__501__x__505,-0.056797831642956195,6,0.003225993679341596
1,ddelta,478__x__484__x__493__x__496__x__498__x__501,-0.011337417440857131,6,0.00012853703422825146
1,ddelta,478__x__484__x__493__x__496__x__498__x__505,0.009171136642361591,6,8.410974731286744e-05
1,ddelta,478__x__484__x__493__x__496__x__501__x__505,-0.0043268393712084866,6,1.8721538944239852e-05
1,ddelta,478__x__484__x__493__x__498__x__501__x__505,0.05308557279760166,6,0.0028180780392494656
1,ddelta,478__x__484__x__496__x__498__x__501__x__505,-0.0849207002473216,6,0.007211525330495446
1,ddelta,478__x__493__x__496__x__498__x__501__x__505,0.035704824709143525,6,0.001274834507510666
1,ddelta,484__x__493__x__496__x__498__x__501__x__505,-0.04393990003815048,6,0.0019307148153626566
1,ddelta,477__x__478__x__484__x__493__x__496__x__498__x__501,0.008928822167593265,7,7.97238653005049e-05
1,ddelta,477__x__478__x__484__x__493__x__496__x__498__x__505,0.011169849023481043,7,0.0001247655272073604
1,ddelta,477__x__478__x__484__x__493__x__496__x__501__x__505,-0.05978299913335314,7,0.003574006985378502
1,ddelta,477__x__478__x__484__x__493__x__498__x__501__x__505,-0.04695528989255221,7,0.0022047992488936157
1,ddelta,477__x__478__x__484__x__496__x__498__x__501__x__505,-0.005619906820181691,7,3.1583352667524685e-05
1,ddelta,477__x__478__x__493__x__496__x__498__x__501__x__505,0.05360223646653022,7,0.0028731997542138224
1,ddelta,477__x__484__x__493__x__496__x__498__x__501__x__505,0.02046316223273678,7,0.000418741008563305
1,ddelta,478__x__484__x__493__x__496__x__498__x__501__x__505,0.052911939121749116,7,0.0027996733016236847
1,ddelta,477__x__478__x__484__x__493__x__496__x__498__x__501__x__505,0.05175737215260792,8,0.002678825572143554
2,ddelta,477,0.18673481763155098,1,0.034869892115888604
2,ddelta,478,0.16804505255043667,1,0.028239139686679023
2,ddelta,484,-0.3919791127619596,1,0.15364762484165306
2,ddelta,493,-0.15017263101250006,1,0.022551819105216492
2,ddelta,496,-0.2480085616144256,1,0.061508246634056345
2,ddelta,498,0.08041883976606007,1,0.0064671897893192444
2,ddelta,501,1.210763066280196,1,1.4659472026682223
2,ddelta,505,-0.030757015876873434,1,0.0009459940256502444
2,ddelta,477__x__478,0.05776269331288167,2,0.003336528738758025
2,ddelta,477__x__484,0.007118854329001688,2,5.0678086957546075e-05
2,ddelta,477__x__493,0.06923307545888772,2,0.004793218737496042
2,ddelta,477__x__496,0.05745179017415608,2,0.003300708194215257
2,ddelta,477__x__498,0.016450321619647865,2,0.00027061308138985396
2,ddelta,477__x__501,-0.222661507571302,2,0.04957814695392497
2,ddelta,477__x__505,-0.016309011193129205,2,0.0002659838460976137
2,ddelta,478__x__484,-0.12234156913089742,2,0.014967459537410152
2,ddelta,478__x__493,-0.06825870664223402,2,0.004659251032470562
2,ddelta,478__x__496,-0.00222131537314086,2,4.934241986951918e-06
2,ddelta,478__x__498,0.034782010553162865,2,0.0012097882581203329
2,ddelta,478__x__501,-0.07146853087336259,2,0.005107750905196782
2,ddelta,478__x__505,0.08763862140139794,2,0.007680527961137566
2,ddelta,484__x__493,0.1823597224471225,2,0.033255068370991556
2,ddelta,484__x__496,-0.05603221629938927,2,0.003139609263421545
2,ddelta,484__x__498,-0.022291576895224458,2,0.0004969144004757049
2,ddelta,484__x__501,-0.0503047303803006,2,0.0025305658986347385
2,ddelta,484__x__505,0.020520723791415407,2,0.0004211001049235623
2,ddelta,493__x__496,-0.17041815795043178,2,0.029042348559218313
2,ddelta,493__x__498,0.03943455842514997,2,0.0015550843981865666
2,ddelta,493__x__501,0.2785818487166146,2,0.07760784643436676
2,ddelta,493__x__505,0.14422486696489534,2,0.02080081225104176
2,ddelta,496__x__498,0.20614374182729575,2,0.04249524229455876
2,ddelta,496__x__501,0.38453901520119005,2,0.14787025421190106
2,ddelta,496__x__505,0.032593899948134684,2,0.0010623623138290143
2,ddelta,498__x__501,0.03530999798208023,2,0.00124679595749451
2,ddelta,498__x__505,0.46334689675779017,2,0.21469034673507426
2,ddelta,501__x__505,0.19897114035966026,2,0.03958951469602363
2,ddelta,477__x__478__x__484,0.05301841575983872,3,0.0028109524096831145
2,ddelta,477__x__478__x__493,0.07178265259817197,3,0.005152749214029846
2,ddelta,477__x__478__x__496,-0.00961175518707319,3,9.238583777622837e-05
2,ddelta,477__x__478__x__498,0.0607788003066255,3,0.0036940625667126596
2,ddelta,477__x__478__x__501,-0.022678609402725217,3,0.0005143193244413766
2,ddelta,477__x__478__x__505,0.027204576011431482,3,0.0007400889559617532
2,ddelta,477__x__484__x__493,0.053981303936617986,3,0.0029139811746975285
2,ddelta,477__x__484__x__496,0.055719920576127874,3,0.0031047095490099983
2,ddelta,477__x__484__x__498,0.017954308182412587,3,0.0003223571823090476
2,ddelta,477__x__484__x__501,0.026339636876273376,3,0.0006937764707739403
2,ddelta,477__x__484__x__505,-0.04133738827989328,3,0.0017087796698026581
2,ddelta,477__x__493__x__496,-0.012507087032553939,3,0.0001564272260398789
2,ddelta,477__x__493__x__498,0.08299873337691306,3,0.006888789742171902
2,ddelta,477__x__493__x__501,-0.06198536039640274,3,0.0038421849034719333
2,ddelta,477__x__493__x__505,0.05570771696904246,3,0.0031033497299029415
2,ddelta,477__x__496__x__498,-0.0027454696742935623,3,7.5376037324656e-06
2,ddelta,477__x__496__x__501,-0.03452020420500845,3,0.0011916444983554833
2,ddelta,477__x__496__x__505,-0.03507614033834251,3,0.0012303356210350987
2,ddelta,477__x__498__x__501,-0.0065438706755322346,3,4.28222434180907e-05
2,ddelta,477__x__498__x__505,-0.05258137789135216,3,0.0027648013009531776
2,ddelta,477__x__501__x__505,-0.06445317364263604,3,0.004154211592607793
2,ddelta,478__x__484__x__493,-0.06118814084122727,3,0.0037439885796058648
2,ddelta,478__x__484__x__496,-0.03155723177370362,3,0.0009958588772192494
2,ddelta,478__x__484__x__498,-0.020588646853138944,3,0.0004238923792432681
2,ddelta,478__x__484__x__501,0.044152732520602145,3,0.0019494637890358382
2,ddelta,478__x__484__x__505,-0.014484248806361774,3,0.00020979346348459248
2,ddelta,478__x__493__x__496,0.019189909023295468,3,0.0003682526083223568
2,ddelta,478__x__493__x__498,-0.037461094112641154,3,0.0014033335721161577
2,ddelta,478__x__493__x__501,-0.0014211834458351565,3,2.0197623867158892e-06
2,ddelta,478__x__493__x__505,0.038437355739157124,3,0.001477430316218515
2,ddelta,478__x__496__x__498,-0.11270669560358468,3,0.012702799233879094
2,ddelta,478__x__496__x__501,-0.0057823089976207255,3,3.34350973439656e-05
2,ddelta,478__x__496__x__505,-0.006744861852924191,3,4.549316141503195e-05
2,ddelta,478__x__498__x__501,-0.0686962376771572,3,0.004719173070996472
2,ddelta,478__x__498__x__505,-0.07843856766434298,3,0.006152608897233713
2,ddelta,478__x__501__x__505,-0.07938855548995699,3,0.00630254274278198
2,ddelta,484__x__493__x__496,-0.0024473558099816772,3,5.9895504606510715e-06
2,ddelta,484__x__493__x__498,0.03452203162951262,3,0.0011917706678290696
2,ddelta,484__x__493__x__501,-0.035203920428293324,3,0.001239316013521608
2,ddelta,484__x__493__x__505,0.031850521965278336,3,0.0010144557494606778
2,ddelta,484__x__496__x__498,-0.03910632630086035,3,0.0015293047567493617
2,ddelta,484__x__496__x__501,-0.02128029228034355,3,0.00045285083953684925
2,ddelta,484__x__496__x__505,-0.07035763844329533,3,0.004950197287317469
2,ddelta,484__x__498__x__501,0.08634041269953623,3,0.007454666865126237
2,ddelta,484__x__498__x__505,0.022428238396637577,3,0.0005030258775764081
2,ddelta,484__x__501__x__505,-0.0031237569994435298,3,9.757857791572444e-06
2,ddelta,493__x__496__x__498,-0.04234974931594063,3,0.0017935012671230137
2,ddelta,493__x__496__x__501,-0.010767603950654202,3,0.00011594129483814398
2,ddelta,493__x__496__x__505,0.014413603269080658,3,0.00020775195919845262
2,ddelta,493__x__498__x__501,0.03590410690116322,3,0.0012891048923701562
2,ddelta,493__x__498__x__505,0.06909883446840863,3,0.004774648924892536
2,ddelta,493__x__501__x__505,0.02325686906008966,3,0.0005408819584781557
2,ddelta,496__x__498__x__501,-0.21420392944509548,3,0.04588332338971944
2,ddelta,496__x__498__x__505,0.12753091056860247,3,0.01626413315045688
2,ddelta,496__x__501__x__505,0.0348212225296385,3,0.0012125175384586039
2,ddelta,498__x__501__x__505,-0.3379942995200377,3,0.11424014650804094
2,ddelta,477__x__478__x__484__x__493,0.04337946520933221,4,0.0018817780018476637
2,ddelta,477__x__478__x__484__x__496,0.044120928183212296,4,0.0019466563037481772
2,ddelta,477__x__478__x__484__x__498,0.02345459051250179,4,0.0005501178161091389
2,ddelta,477__x__478__x__484__x__501,0.10370328477611854,4,0.010754371273356739
2,ddelta,477__x__478__x__484__x__505,0.04224862526338503,4,0.0017849463366459354
2,ddelta,477__x__478__x__493__x__496,0.08213751200836558,4,0.0067465708789244
2,ddelta,477__x__478__x__493__x__498,0.024121621089621365,4,0.0005818526039912662
2,ddelta,477__x__478__x__493__x__501,0.022190950185994585,4,0.0004924382701572931
2,ddelta,477__x__478__x__493__x__505,0.04208032578607697,4,0.0017707538182623742
2,ddelta,477__x__478__x__496__x__498,-0.014635029751319292,4,0.00021418409582200083
2,ddelta,477__x__478__x__496__x__501,0.03222785927628323,4,0.0010386349135319151
2,ddelta,477__x__478__x__496__x__505,-0.027315090089833412,4,0.0007461141466157154
2,ddelta,477__x__478__x__498__x__501,-0.012896803979299189,4,0.0001663275528804674
2,ddelta,477__x__478__x__498__x__505,0.016870838307936786,4,0.0002846251852125474
2,ddelta,477__x__478__x__501__x__505,-0.041958003290332405,4,0.0017604740401115449
2,ddelta,477__x__484__x__493__x__496,0.023240853869257474,4,0.0005401372885721801
2,ddelta,477__x__484__x__493__x__498,0.05320782318712655,4,0.002831072448312522
2,ddelta,477__x__484__x__493__x__501,0.02009379910169547,4,0.00040376076233929767
2,ddelta,477__x__484__x__493__x__505,-0.028743357939600252,4,0.0008261806256439809
2,ddelta,477__x__484__x__496__x__498,-0.01852152064415485,4,0.0003430467269718543
2,ddelta,477__x__484__x__496__x__501,0.05751889953743247,4,0.0033084238039972494
2,ddelta,477__x__484__x__496__x__505,-0.07640860466133388,4,0.005838274866292014
2,ddelta,477__x__484__x__498__x__501,-0.07715174614809926,4,0.005952391933700749
2,ddelta,477__x__484__x__498__x__505,-0.00851013446079735,4,7.242238854085062e-05
2,ddelta,477__x__484__x__501__x__505,0.0639344087736289,4,0.004087608625233476
2,ddelta,477__x__493__x__496__x__498,0.024393585308506584,4,0.0005950470042033882
2,ddelta,477__x__493__x__496__x__501,0.06713144303767327,4,0.004506630644320371
2,ddelta,477__x__493__x__496__x__505,-0.02694280319220102,4,0.0007259146438536774
2,ddelta,477__x__493__x__498__x__501,-0.037213385847312645,4,0.0013848360862209691
2,ddelta,477__x__493__x__498__x__505,0.00939666281042072,4,8.829727197274383e-05
2,ddelta,477__x__493__x__501__x__505,-0.039078003296680985,4,0.00152709034165541
2,ddelta,477__x__496__x__498__x__501,-0.061784973262678344,4,0.0038173829210698777
2,ddelta,477__x__496__x__498__x__505,-0.014869838399098688,4,0.00022111209401530984
2,ddelta,477__x__496__x__501__x__505,0.03411324648268,4,0.0011637135855880794
2,ddelta,477__x__498__x__501__x__505,0.06562329857428113,4,0.004306417315769248
2,ddelta,478__x__484__x__493__x__496,-0.03285727065377303,4,0.0010796002348152944
2,ddelta,478__x__484__x__493__x__498,0.04024321104516629,4,0.001619516035225794
2,ddelta,478__x__484__x__493__x__501,-0.015584917402972957,4,0.00024288965045748934
2,ddelta,478__x__484__x__493__x__505,0.012456272675783624,4,0.00015515872897347373
2,ddelta,478__x__484__x__496__x__498,-0.008993257235285526,4,8.087867570001546e-05
2,ddelta,478__x__484__x__496__x__501,-0.049802724482178415,4,0.0024803113658477733
2,ddelta,478__x__484__x__496__x__505,0.030048892058075774,4,0.0009029359139178893
2,ddelta,478__x__484__x__498__x__501,-0.002127358049050381,4,4.5256522688594435e-06
2,ddelta,478__x__484__x__498__x__505,0.11370952852646594,4,0.012929856877711173
2,ddelta,478__x__484__x__501__x__505,-0.029611293783017793,4,0.0008768287195041882
2,ddelta,478__x__493__x__496__x__498,-0.020730029419801677,4,0.00042973411974584305
2,ddelta,478__x__493__x__496__x__501,0.039894999435726934,4,0.0015916109799766524
2,ddelta,478__x__493__x__496__x__505,0.015336959992982319,4,0.0002352223418263402
2,ddelta,478__x__493__x__498__x__501,-0.0018078463100452656,4,3.2683082807442824e-06
2,ddelta,478__x__493__x__498__x__505,-0.027818554419691173,4,0.0007738719700013193
2,ddelta,478__x__493__x__501__x__505,-0.0077397387638210545,4,5.9903556132194264e-05
2,ddelta,478__x__496__x__498__x__501,0.0009255872896491886,4,8.56711830760131e-07
2,ddelta,478__x__496__x__498__x__505,-0.06240628242151368,4,0.003894544085673727
2,ddelta,478__x__496__x__501__x__505,0.031765534219836675,4,0.0010090491642716147
2,ddelta,478__x__498__x__501__x__505,-0.031684701283935045,4,0.001003920295452195
2,ddelta,484__x__493__x__496__x__498,0.05715977487110075,4,0.0032672398633149208
2,ddelta,484__x__493__x__496__x__501,0.03297992175683101,4,0.0010876752390866955
2,ddelta,484__x__493__x__496__x__505,-0.02196343028199159,4,0.0004823922697519051
2,ddelta,484__x__493__x__498__x__501,0.09039486662571214,4,0.008171231912280287
2,ddelta,484__x__493__x__498__x__505,0.09205052814846117,4,0.008473299732410641
2,ddelta,484__x__493__x__501__x__505,-0.05602658938806042,4,0.0031389787184583243
2,ddelta,484__x__496__x__498__x__501,0.01312241555738301,4,0.00017219779006064765
2,ddelta,484__x__496__x__498__x__505,-0.09611257244493164,4,0.009237626581982232
2,ddelta,484__x__496__x__501__x__505,-0.08501373140034799,4,0.007227334526610513
2,ddelta,484__x__498__x__501__x__505,0.025345943954117777,4,0.0006424168749252795
2,ddelta,493__x__496__x__498__x__501,0.002639045076559522,4,6.964558916113054e-06
2,ddelta,493__x__496__x__498__x__505,-0.07987195052757469,4,0.0063795284810793385
2,ddelta,493__x__496__x__501__x__505,-0.08082193223114939,4,0.006532184729576505
2,ddelta,493__x__498__x__501__x__505,-0.016923139179592598,4,0.00028639263969186204
2,ddelta,496__x__498__x__501__x__505,-0.10724410040715339,4,0.011501297072139597
2,ddelta,477__x__478__x__484__x__493__x__496,-0.02315314437724922,5,0.0005360680945537471
2,ddelta,477__x__478__x__484__x__493__x__498,-0.05705438047463725,5,0.003255202331344668
2,ddelta,477__x__478__x__484__x__493__x__501,-0.033916861742206844,5,0.0011503535104399744
2,ddelta,477__x__478__x__484__x__493__x__505,-0.00041852585892142996,5,1.751638945859207e-07
2,ddelta,477__x__478__x__484__x__496__x__498,0.01887632985588676,5,0.00035631582882824194
2,ddelta,477__x__478__x__484__x__496__x__501,0.03178262565687947,5,0.0010101352936453332
2,ddelta,477__x__478__x__484__x__496__x__505,-0.03615872178327659,5,0.0013074531610004008
2,ddelta,477__x__478__x__484__x__498__x__501,0.08672149064448972,5,0.007520616939602319
2,ddelta,477__x__478__x__484__x__498__x__505,-0.02133710840828037,5,0.00045527219522670877
2,ddelta,477__x__478__x__484__x__501__x__505,0.04008429130126525,5,0.0016067504091246889
2,ddelta,477__x__478__x__493__x__496__x__498,0.006966257616329553,5,4.852874517706951e-05
2,ddelta,477__x__478__x__493__x__496__x__501,-0.0568120666138338,5,0.003227610912934689
2,ddelta,477__x__478__x__493__x__496__x__505,0.03202316557469906,5,0.0010254831334245908
2,ddelta,477__x__478__x__493__x__498__x__501,0.042300898721990984,5,0.0017893660326881386
2,ddelta,477__x__478__x__493__x__498__x__505,-0.032807121991707364,5,0.001076307253378769
2,ddelta,477__x__478__x__493__x__501__x__505,-0.05540374406347847,5,0.003069574856251426
2,ddelta,477__x__478__x__496__x__498__x__501,-0.08211128991604794,5,0.006742263931677275
2,ddelta,477__x__478__x__496__x__498__x__505,-0.04506541554075429,5,0.0020308916778608585
2,ddelta,477__x__478__x__496__x__501__x__505,-0.10375993211776738,5,0.010766123513083694
2,ddelta,477__x__478__x__498__x__501__x__505,0.013605746574661983,5,0.00018511633985392629
2,ddelta,477__x__484__x__493__x__496__x__498,-0.01920622616364479,5,0.0003688791234490736
2,ddelta,477__x__484__x__493__x__496__x__501,0.07073726220389832,5,0.005003760264103063
2,ddelta,477__x__484__x__493__x__496__x__505,0.017554653072335634,5,0.0003081658444900629
2,ddelta,477__x__484__x__493__x__498__x__501,-0.022588456205341664,5,0.0005102383537406383
2,ddelta,477__x__484__x__493__x__498__x__505,-0.017685773776316468,5,0.00031278659406704324
2,ddelta,477__x__484__x__493__x__501__x__505,0.04951542314046879,5,0.0024517771287796723
2,ddelta,477__x__484__x__496__x__498__x__501,-0.03478874446986677,5,0.0012102567417896855
2,ddelta,477__x__484__x__496__x__498__x__505,0.05763968733355797,5,0.0033223335559103228
2,ddelta,477__x__484__x__496__x__501__x__505,0.053452823260600246,5,0.0028572043145289666
2,ddelta,477__x__484__x__498__x__501__x__505,-0.0753877610728463,5,0.005683314519576559
2,ddelta,477__x__493__x__496__x__498__x__501,-0.012338412019527727,5,0.00015223641116362627
2,ddelta,477__x__493__x__496__x__498__x__505,0.038312858298885547,5,0.0014678751110304832
2,ddelta,477__x__493__x__496__x__501__x__505,-0.0009119480805382402,5,8.316493015973807e-07
2,ddelta,477__x__493__x__498__x__501__x__505,0.01543445497499419,5,0.0002382224003751229
2,ddelta,477__x__496__x__498__x__501__x__505,0.06375919722993076,5,0.0040652352314052105
2,ddelta,478__x__484__x__493__x__496__x__498,-0.019150558723981737,5,0.00036674389944067303
2,ddelta,478__x__484__x__493__x__496__x__501,-0.001179752071833645,5,1.3918149509957778e-06
2,ddelta,478__x__484__x__493__x__496__x__505,-0.015482531347460162,5,0.0002397087769250866
2,ddelta,478__x__484__x__493__x__498__x__501,-0.06468602806913856,5,0.0041842822273613816
2,ddelta,478__x__484__x__493__x__498__x__505,0.012174567358256946,5,0.0001482200903607355
2,ddelta,478__x__484__x__493__x__501__x__505,-0.04663286595787442,5,0.002174624187445083
2,ddelta,478__x__484__x__496__x__498__x__501,-0.008398242956854322,5,7.053048476235321e-05
2,ddelta,478__x__484__x__496__x__498__x__505,0.064833488967247,5,0.004203381291666138
2,ddelta,478__x__484__x__496__x__501__x__505,-0.0256382190411937,5,0.0006573182756042273
2,ddelta,478__x__484__x__498__x__501__x__505,-0.00870172579459326,5,7.57200318042897e-05
2,ddelta,478__x__493__x__496__x__498__x__501,-0.0325249579195429,5,0.0010578728876680364
2,ddelta,478__x__493__x__496__x__498__x__505,0.08866698253484828,5,0.007861833791835091
2,ddelta,478__x__493__x__496__x__501__x__505,0.04152773128770859,5,0.001724552465904131
2,ddelta,478__x__493__x__498__x__501__x__505,-0.048277399989443706,5,0.002330707349740739
2,ddelta,478__x__496__x__498__x__501__x__505,-0.0038109514039824967,5,1.4523350603516163e-05
2,ddelta,484__x__493__x__496__x__498__x__501,0.03487368917423178,5,0.001216174196620931
2,ddelta,484__x__493__x__496__x__498__x__505,0.008232863839645336,5,6.778004700213975e-05
2,ddelta,484__x__493__x__496__x__501__x__505,-0.023782226112900727,5,0.0005655942788851372
2,ddelta,484__x__493__x__498__x__501__x__505,0.037329945747316115,5,0.0013935248494975645
2,ddelta,484__x__496__x__498__x__501__x__505,0.07925061580590587,5,0.006280660105615296
2,ddelta,493__x__496__x__498__x__501__x__505,-0.012073205181188984,5,0.00014576228334708854
2,ddelta,477__x__478__x__484__x__493__x__496__x__498,-0.047777091777616604,6,0.0022826504987268
2,ddelta,477__x__478__x__484__x__493__x__496__x__501,-0.03420184757972873,6,0.001169766377866996
2,ddelta,477__x__478__x__484__x__493__x__496__x__505,0.06156248819133922,6,0.003789939952308781
2,ddelta,477__x__478__x__484__x__493__x__498__x__501,0.0627005344462008,6,0.0039313570198392135
2,ddelta,477__x__478__x__484__x__493__x__498__x__505,-0.06791419827699341,6,0.004612338327606775
2,ddelta,477__x__478__x__484__x__493__x__501__x__505,-0.020729611720441517,6,0.0004297168020802663
2,ddelta,477__x__478__x__484__x__496__x__498__x__501,0.02487414790992781,6,0.000618723234244966
2,ddelta,477__x__478__x__484__x__496__x__498__x__505,-0.05030756304173939,6,0.002530850899198583
2,ddelta,477__x__478__x__484__x__496__x__501__x__505,-0.012459329102254831,6,0.00015523488167829417
2,ddelta,477__x__478__x__484__x__498__x__501__x__505,-0.06914637420868341,6,0.004781221066207279
2,ddelta,477__x__478__x__493__x__496__x__498__x__501,0.0027361331069733798,6,7.486424379075801e-06
2,ddelta,477__x__478__x__493__x__496__x__498__x__505,-0.0380642105372051,6,0.0014488841238206758
2,ddelta,477__x__478__x__493__x__496__x__501__x__505,-0.09582811084857262,6,0.009183026828806323
2,ddelta,477__x__478__x__493__x__498__x__501__x__505,0.10577813720369822,6,0.011189014310284405
2,ddelta,477__x__478__x__496__x__498__x__501__x__505,0.09092731585909222,6,0.008267776769339125
2,ddelta,477__x__484__x__493__x__496__x__498__x__501,-0.06391572756840698,6,0.00408522023059882
2,ddelta,477__x__484__x__493__x__496__x__498__x__505,0.021472297912715342,6,0.00046105957765239965
2,ddelta,477__x__484__x__493__x__496__x__501__x__505,0.038315307179000814,6,0.0014680627642211913
2,ddelta,477__x__484__x__493__x__498__x__501__x__505,-0.008344440705198197,6,6.962969068256857e-05
2,ddelta,477__x__484__x__496__x__498__x__501__x__505,-0.09273352974294499,6,0.008599507538585663
2,ddelta,477__x__493__x__496__x__498__x__501__x__505,-0.010058392054835287,6,0.00010117125072877362
2,ddelta,478__x__484__x__493__x__496__x__498__x__501,0.013921161114645603,6,0.00019379872677992082
2,ddelta,478__x__484__x__493__x__496__x__498__x__505,-0.029834391822290234,6,0.0008900909354059384
2,ddelta,478__x__484__x__493__x__496__x__501__x__505,-0.08538137141673034,6,0.007289978585001657
2,ddelta,478__x__484__x__493__x__498__x__501__x__505,0.047297292085475874,6,0.0022370338386188187
2,ddelta,478__x__484__x__496__x__498__x__501__x__505,-0.03629240494988313,6,0.0013171386570463015
2,ddelta,478__x__493__x__496__x__498__x__501__x__505,-0.06457378497597863,6,0.004169773706123923
2,ddelta,484__x__493__x__496__x__498__x__501__x__505,0.039429669689331946,6,0.0015546988518098225
2,ddelta,477__x__478__x__484__x__493__x__496__x__498__x__501,-0.009052869953165888,7,8.195445438893376e-05
2,ddelta,477__x__478__x__484__x__493__x__496__x__498__x__505,-0.014997793782641836,7,0.0002249338183466501
2,ddelta,477__x__478__x__484__x__493__x__496__x__501__x__505,-0.006101807373006432,7,3.723205321727566e-05
2,ddelta,477__x__478__x__484__x__493__x__498__x__501__x__505,-0.04360019989309678,7,0.0019009774307179967
2,ddelta,477__x__478__x__484__x__496__x__498__x__501__x__505,-0.001987773073359133,7,3.951241791171613e-06
2,ddelta,477__x__478__x__493__x__496__x__498__x__501__x__505,0.07736156310224704,7,0.0059848114456229505
2,ddelta,477__x__484__x__493__x__496__x__498__x__501__x__505,-0.02327625392423262,7,0.0005417839967453545
2,ddelta,478__x__484__x__493__x__496__x__498__x__501__x__505,-0.05952600658814168,7,0.0035433454603314867
2,ddelta,477__x__478__x__484__x__493__x__496__x__498__x__501__x__505,-0.08907021445764121,8,0.007933503103530198
3,ddelta,477,0.009675320929523265,1,9.361183508927094e-05
3,ddelta,478,0.09784996932159132,1,0.009574616496236362
3,ddelta,484,-0.24834068653518415,1,0.061673096588766595
3,ddelta,493,-0.09412898424179053,1,0.00886026567439125
3,ddelta,496,-0.07836346443082227,1,0.006140832557600747
3,ddelta,498,0.13892515064098104,1,0.019300197480619275
3,ddelta,501,0.34120002803957583,1,0.11641745913420733
3,ddelta,505,0.12706019393962206,1,0.01614429288397437
3,ddelta,477__x__478,-0.06523646201289428,2,0.004255795975959798
3,ddelta,477__x__484,0.08682437047223197,2,0.007538471307899387
3,ddelta,477__x__493,0.0076788138897939395,2,5.896418275409233e-05
3,ddelta,477__x__496,-0.021331939082086415,2,0.0004550516250018458
3,ddelta,477__x__498,-0.07864351047058306,2,0.006184801739136707
3,ddelta,477__x__501,-0.06726669838557604,2,0.004524808711696059
3,ddelta,477__x__505,-0.003622261196958538,2,1.31207761789915e-05
3,ddelta,478__x__484,0.03618279103412876,2,0.0013091943670194286
3,ddelta,478__x__493,-0.07753241767963007,2,0.006011275791248613
3,ddelta,478__x__496,0.060455203851238044,2,0.0036548316726947474
3,ddelta,478__x__498,0.09704973714208617,2,0.00941865147934802
3,ddelta,478__x__501,-0.05149842064504503,2,0.002652087328934
3,ddelta,478__x__505,-0.04253746025108651,2,0.001809435524612765
3,ddelta,484__x__493,0.02297537309602595,2,0.0005278677689015931
3,ddelta,484__x__496,-0.012569298173744648,2,0.00015798725658050056
3,ddelta,484__x__498,0.08641707069655868,2,0.007467910107774022
3,ddelta,484__x__501,-0.06405694788632038,2,0.004103292572510765
3,ddelta,484__x__505,0.09495002025524278,2,0.009015506346471015
3,ddelta,493__x__496,-0.04381991242142494,2,0.0019201847246213518
3,ddelta,493__x__498,0.013723560367050767,2,0.00018833610914808659
3,ddelta,493__x__501,0.15847532651155416,2,0.0251144291129437
3,ddelta,493__x__505,-0.003978871144583777,2,1.583141558520142e-05
3,ddelta,496__x__498,6.653548397669851e-06,2,4.426970628013504e-11
3,ddelta,496__x__501,0.10352873389565474,2,0.010718198742037291
3,ddelta,496__x__505,0.09963546156158314,2,0.009927225200589711
3,ddelta,498__x__501,-0.007511651106823475,2,5.6424902350642334e-05
3,ddelta,498__x__505,0.15806383982395625,2,0.024984177459893297
3,ddelta,501__x__505,-0.024934916675620658,2,0.0006217500696201452
3,ddelta,477__x__478__x__484,0.09974679329620659,3,0.009949422772876164
3,ddelta,477__x__478__x__493,-0.04221753657508431,3,0.0017823203944685817
3,ddelta,477__x__478__x__496,0.036887579995054265,3,0.0013606935578915275
3,ddelta,477__x__478__x__498,-0.026083093104909624,3,0.000680327745919384
3,ddelta,477__x__478__x__501,-0.0062629116160776346,3,3.9224061910800165e-05
3,ddelta,477__x__478__x__505,-0.0735134961477373,3,0.005404234115863387
3,ddelta,477__x__484__x__493,0.09636111094798744,3,0.009285463703130345
3,ddelta,477__x__484__x__496,-0.003045501513617623,3,9.275079469447235e-06
3,ddelta,477__x__484__x__498,-0.026361304840057383,3,0.0006949183928704328
3,ddelta,477__x__484__x__501,0.001388731135647376,3,1.9285741671164506e-06
3,ddelta,477__x__484__x__505,-0.047733566320214124,3,0.00227849335364628
3,ddelta,477__x__493__x__496,0.01713236314016286,3,0.00029351786676641106
3,ddelta,477__x__493__x__498,0.08214372982304519,3,0.006747592349241443
3,ddelta,477__x__493__x__501,0.032138424948232394,3,0.0010328783581531663
3,ddelta,477__x__493__x__505,0.02004558398207017,3,0.0004018254371822282
3,ddelta,477__x__496__x__498,-0.01769917712026791,3,0.0003132608707346151
3,ddelta,477__x__496__x__501,-0.030369967086440783,3,0.0009223349008314964
3,ddelta,477__x__496__x__505,0.03336361883886618,3,0.0011131310620251464
3,ddelta,477__x__498__x__501,-0.12517508325756732,3,0.015668801468538912
3,ddelta,477__x__498__x__505,-0.035452225009552585,3,0.0012568602581279457
3,ddelta,477__x__501__x__505,-0.07733527844885799,3,0.0059807452927623985
3,ddelta,478__x__484__x__493,0.0004973702912917516,3,2.4737720665964185e-07
3,ddelta,478__x__484__x__496,-0.009491160104233204,3,9.008212012418804e-05
3,ddelta,478__x__484__x__498,-0.07866998886141251,3,0.006188967147454768
3,ddelta,478__x__484__x__501,-0.1938300876384519,3,0.037570102873929936
3,ddelta,478__x__484__x__505,0.12970926423704993,3,0.01682449322891684
3,ddelta,478__x__493__x__496,-0.05650019156471212,3,0.0031922716468491667
3,ddelta,478__x__493__x__498,-0.05520316040765541,3,0.003047388918993334
3,ddelta,478__x__493__x__501,-0.032606869983183795,3,0.0010632079701002523
3,ddelta,478__x__493__x__505,-0.06201698489401454,3,0.003846106415344428
3,ddelta,478__x__496__x__498,-0.06993099350278953,3,0.0048903438522871915
3,ddelta,478__x__496__x__501,0.10209626728797022,3,0.010423647794136659
3,ddelta,478__x__496__x__505,0.0035652515169581137,3,1.271101837917213e-05
3,ddelta,478__x__498__x__501,-0.03613357238264361,3,0.0013056350531317447
3,ddelta,478__x__498__x__505,0.09908292188212553,3,0.00981742540869939
3,ddelta,478__x__501__x__505,0.08232355064725472,3,0.0067771669911711125
3,ddelta,484__x__493__x__496,0.048026375210604114,3,0.0023065327158697294
3,ddelta,484__x__493__x__498,0.073504865383312,3,0.005402965235018818
3,ddelta,484__x__493__x__501,0.10964950328793853,3,0.012023013571291643
3,ddelta,484__x__493__x__505,0.12890508690439612,3,0.016616521429829913
3,ddelta,484__x__496__x__498,-0.035179329954429336,3,0.0012375852560426092
3,ddelta,484__x__496__x__501,-0.000814878689144715,3,6.640272780222091e-07
3,ddelta,484__x__496__x__505,-0.2381254025457738,3,0.05670370733758682
3,ddelta,484__x__498__x__501,0.06631988588223475,3,0.004398327263432641
3,ddelta,484__x__498__x__505,0.036509547808385626,3,0.0013329470811727956
3,ddelta,484__x__501__x__505,0.007987088715942454,3,6.379358615633529e-05
3,ddelta,493__x__496__x__498,0.2377367043064704,3,0.05651874057450214
3,ddelta,493__x__496__x__501,-0.13670123660951988,3,0.01868722809057194
3,ddelta,493__x__496__x__505,0.02108628959886004,3,0.0004446316090469931
3,ddelta,493__x__498__x__501,0.023819267500038474,3,0.0005673575042383891
3,ddelta,493__x__498__x__505,0.03880678377208148,3,0.0015059664667330865
3,ddelta,493__x__501__x__505,0.014548426025813722,3,0.00021165669982857406
3,ddelta,496__x__498__x__501,-0.0731129033599154,3,0.005345496637716328
3,ddelta,496__x__498__x__505,-0.08426339323007716,3,0.007100319438646613
3,ddelta,496__x__501__x__505,-0.06188258365928297,3,0.003829454160348156
3,ddelta,498__x__501__x__505,-0.08829403372362264,3,0.0077958363911882125
3,ddelta,477__x__478__x__484__x__493,0.051526301406313854,4,0.002654959736614301
3,ddelta,477__x__478__x__484__x__496,0.12102948321791794,4,0.01464813580799628
3,ddelta,477__x__478__x__484__x__498,-0.06514518359536078,4,0.0042438949456732634
3,ddelta,477__x__478__x__484__x__501,0.1250285434106574,4,0.01563213666739064
3,ddelta,477__x__478__x__484__x__505,0.0767985905677144,4,0.005898023513187431
3,ddelta,477__x__478__x__493__x__496,-0.03708959889187868,4,0.0013756383459604484
3,ddelta,477__x__478__x__493__x__498,0.07586515442518667,4,0.00575552165595742
3,ddelta,477__x__478__x__493__x__501,-0.07228409528649496,4,0.005224990431387083
3,ddelta,477__x__478__x__493__x__505,0.04870880895037529,4,0.00237254806936416
3,ddelta,477__x__478__x__496__x__498,0.07513717722430294,4,0.005645595401236308
3,ddelta,477__x__478__x__496__x__501,-0.12395395314754452,4,0.015364582500903662
3,ddelta,477__x__478__x__496__x__505,0.04470960289054192,4,0.001998948590629954
3,ddelta,477__x__478__x__498__x__501,0.02403583290402171,4,0.0005777212633900528
3,ddelta,477__x__478__x__498__x__505,-0.11227236472088362,4,0.012605083880019113
3,ddelta,477__x__478__x__501__x__505,-0.05877149131793696,4,0.003454088191734339
3,ddelta,477__x__484__x__493__x__496,-0.07923442233419561,4,0.006278093682633677
3,ddelta,477__x__484__x__493__x__498,-0.03385391081652134,4,0.0011460872775729805
3,ddelta,477__x__484__x__493__x__501,0.0012624851824870331,4,1.5938688359993172e-06
3,ddelta,477__x__484__x__493__x__505,-0.06289305570741749,4,0.00395553645621632
3,ddelta,477__x__484__x__496__x__498,0.015797838810160513,4,0.00024957171107181376
3,ddelta,477__x__484__x__496__x__501,0.05953901104021847,4,0.003544893835647257
3,ddelta,477__x__484__x__496__x__505,0.004055220456714997,4,1.6444812952559793e-05
3,ddelta,477__x__484__x__498__x__501,-0.04148956014608865,4,0.0017213836011159076
3,ddelta,477__x__484__x__498__x__505,0.08540871614735691,4,0.007294648793939785
3,ddelta,477__x__484__x__501__x__505,0.10228088815270683,4,0.010461380081306525
3,ddelta,477__x__493__x__496__x__498,0.02159815061350202,4,0.0004664801099235177
3,ddelta,477__x__493__x__496__x__501,0.10249883256480574,4,0.010506010677148082
3,ddelta,477__x__493__x__496__x__505,0.09357097539659441,4,0.008755527436670076
3,ddelta,477__x__493__x__498__x__501,-0.05997294486822126,4,0.0035967541161667066
3,ddelta,477__x__493__x__498__x__505,0.01618381276582932,4,0.00026191579563942
3,ddelta,477__x__493__x__501__x__505,-0.04415734540269464,4,0.0019498711530128777
3,ddelta,477__x__496__x__498__x__501,-0.1123597028881891,4,0.01262470283312213
3,ddelta,477__x__496__x__498__x__505,-0.00793955656554884,4,6.30365584575497e-05
3,ddelta,477__x__496__x__501__x__505,0.004710990731770472,4,2.219343367482729e-05
3,ddelta,477__x__498__x__501__x__505,0.030450630413413095,4,0.0009272408925742786
3,ddelta,478__x__484__x__493__x__496,-0.1243017437757401,4,0.015450923505689744
3,ddelta,478__x__484__x__493__x__498,-0.04002861988029882,4,0.001602290409521454
3,ddelta,478__x__484__x__493__x__501,0.12741699744669385,4,0.01623509123833079
3,ddelta,478__x__484__x__493__x__505,0.06444270014189052,4,0.004152861601577617
3,ddelta,478__x__484__x__496__x__498,-0.10755388995010982,4,0.011567839243400335
3,ddelta,478__x__484__x__496__x__501,-0.025095285224302877,4,0.0006297733404891143
3,ddelta,478__x__484__x__496__x__505,0.12788901600912728,4,0.016355600415782812
3,ddelta,478__x__484__x__498__x__501,-0.16533949564266237,4,0.02733714881936997
3,ddelta,478__x__484__x__498__x__505,0.06749902384602485,4,0.004556118220166232
3,ddelta,478__x__484__x__501__x__505,0.019588071368792516,4,0.0003836925399489091
3,ddelta,478__x__493__x__496__x__498,0.015762182352134828,4,0.00024844639250195063
3,ddelta,478__x__493__x__496__x__501,-0.10033597804685473,4,0.010067308490618916
3,ddelta,478__x__493__x__496__x__505,0.024364056938597216,4,0.0005936072705072071
3,ddelta,478__x__493__x__498__x__501,-0.038774999758868126,4,0.0015035006063002232
3,ddelta,478__x__493__x__498__x__505,-0.09827236202933352,4,0.009657457138824394
3,ddelta,478__x__493__x__501__x__505,-0.07498145095058673,4,0.005622217986655243
3,ddelta,478__x__496__x__498__x__501,-0.0515236265622282,4,0.002654684094123947
3,ddelta,478__x__496__x__498__x__505,-0.0194887417302455,4,0.00037981105422821233
3,ddelta,478__x__496__x__501__x__505,0.1562059188702078,4,0.02440028909008594
3,ddelta,478__x__498__x__501__x__505,0.027643368160525573,4,0.000764155803258359
3,ddelta,484__x__493__x__496__x__498,0.047329766493577605,4,0.0022401067963365813
3,ddelta,484__x__493__x__496__x__501,-0.08685062294145582,4,0.007543030705318932
3,ddelta,484__x__493__x__496__x__505,-0.09179486105169575,4,0.00842629651550013
3,ddelta,484__x__493__x__498__x__501,0.09865019573934398,4,0.009731861119410882
3,ddelta,484__x__493__x__498__x__505,-0.027812105364148895,4,0.0007735132047865198
3,ddelta,484__x__493__x__501__x__505,-0.06950310619321994,4,0.004830681770506007
3,ddelta,484__x__496__x__498__x__501,-0.00036812555353436804,4,1.3551642316498487e-07
3,ddelta,484__x__496__x__498__x__505,-0.014445143173603445,4,0.0002086621613059022
3,ddelta,484__x__496__x__501__x__505,0.02725769753813901,4,0.0007429820750806694
3,ddelta,484__x__498__x__501__x__505,-0.0863351142841639,4,0.007453751958459642
3,ddelta,493__x__496__x__498__x__501,0.0424507350751499,4,0.0018020649084205618
3,ddelta,493__x__496__x__498__x__505,-0.0004283413790357321,4,1.834763369942327e-07
3,ddelta,493__x__496__x__501__x__505,-0.12351624945275246,4,0.015256263878874571
3,ddelta,493__x__498__x__501__x__505,-0.029872417363237785,4,0.0008923613191234703
3,ddelta,496__x__498__x__501__x__505,0.021757435581446515,4,0.00047338600308079485
3,ddelta,477__x__478__x__484__x__493__x__496,0.0732934761559153,5,0.005371933647017726
3,ddelta,477__x__478__x__484__x__493__x__498,-0.048286537054586756,5,0.0023315896607239797
3,ddelta,477__x__478__x__484__x__493__x__501,-0.054254670039848206,5,0.0029435692211328027
3,ddelta,477__x__478__x__484__x__493__x__505,0.03377714898325915,5,0.0011408957934372845
3,ddelta,477__x__478__x__484__x__496__x__498,0.03266196433199302,5,0.001066803914024384
3,ddelta,477__x__478__x__484__x__496__x__501,-0.10758227739105905,5,0.011573946408646776
3,ddelta,477__x__478__x__484__x__496__x__505,0.13378912166507068,5,0.017899529075911084
3,ddelta,477__x__478__x__484__x__498__x__501,0.005656804552522189,5,3.199943774543576e-05
3,ddelta,477__x__478__x__484__x__498__x__505,-0.01310090963976649,5,0.00017163383338932657
3,ddelta,477__x__478__x__484__x__501__x__505,-0.02969947286093124,5,0.0008820586882171913
3,ddelta,477__x__478__x__493__x__496__x__498,-0.030874770888473787,5,0.0009532514774157484
3,ddelta,477__x__478__x__493__x__496__x__501,0.03922611278303578,5,0.0015386879240674432
3,ddelta,477__x__478__x__493__x__496__x__505,-0.07804268775608368,5,0.006090661112193574
3,ddelta,477__x__478__x__493__x__498__x__501,0.020838264159821995,5,0.00043423325319452184
3,ddelta,477__x__478__x__493__x__498__x__505,0.12911374116469237,5,0.01667035815754318
3,ddelta,477__x__478__x__493__x__501__x__505,-0.06225623794826103,5,0.003875839163470497
3,ddelta,477__x__478__x__496__x__498__x__501,0.03399334006263553,5,0.001155547168613982
3,ddelta,477__x__478__x__496__x__498__x__505,0.09567196382600525,5,0.009153124662324458
3,ddelta,477__x__478__x__496__x__501__x__505,-0.023790059493506578,5,0.0005659669307045825
3,ddelta,477__x__478__x__498__x__501__x__505,0.013300349145071978,5,0.0001768992873808169
3,ddelta,477__x__484__x__493__x__496__x__498,0.02566978891963828,5,0.0006589380631787842
3,ddelta,477__x__484__x__493__x__496__x__501,0.06746529537240456,5,0.004551566079685792
3,ddelta,477__x__484__x__493__x__496__x__505,-0.034224529068778264,5,0.0011713183899796484
3,ddelta,477__x__484__x__493__x__498__x__501,-0.00885809222477426,5,7.84657978626062e-05
3,ddelta,477__x__484__x__493__x__498__x__505,-0.020624498935014807,5,0.0004253699563204269
3,ddelta,477__x__484__x__493__x__501__x__505,-0.05888383162795781,5,0.0034673056271896843
3,ddelta,477__x__484__x__496__x__498__x__501,0.08013595557622932,5,0.0064217713761154
3,ddelta,477__x__484__x__496__x__498__x__505,0.08190644428432522,5,0.0067086656153012725
3,ddelta,477__x__484__x__496__x__501__x__505,0.026394854738820087,5,0.0006966883566834133
3,ddelta,477__x__484__x__498__x__501__x__505,0.05142052792920371,5,0.0026440706925180187
3,ddelta,477__x__493__x__496__x__498__x__501,-0.025188146359805652,5,0.0006344427170429908
3,ddelta,477__x__493__x__496__x__498__x__505,-0.1335040574084051,5,0.017823333344506725
3,ddelta,477__x__493__x__496__x__501__x__505,0.07190242100164476,5,0.005169958145897766
3,ddelta,477__x__493__x__498__x__501__x__505,-0.019568048423830284,5,0.0003829085191173669
3,ddelta,477__x__496__x__498__x__501__x__505,-0.04178143664595094,5,0.0017456884481996118
3,ddelta,478__x__484__x__493__x__496__x__498,-0.09800047607111109,5,0.009604093310164418
3,ddelta,478__x__484__x__493__x__496__x__501,0.019147459329909425,5,0.0003666251987905355
3,ddelta,478__x__484__x__493__x__496__x__505,0.11352074747248397,5,0.012886960106711476
3,ddelta,478__x__484__x__493__x__498__x__501,0.031167391140260202,5,0.0009714062704899701
3,ddelta,478__x__484__x__493__x__498__x__505,0.14874243114184224,5,0.022124310821985682
3,ddelta,478__x__484__x__493__x__501__x__505,0.1504151719712301,5,0.02262472395913473
3,ddelta,478__x__484__x__496__x__498__x__501,-0.052785216525481723,5,0.0027862790836419887
3,ddelta,478__x__484__x__496__x__498__x__505,-0.03933284667419619,5,0.0015470728274958262
3,ddelta,478__x__484__x__496__x__501__x__505,-0.04306683511679037,5,0.0018547522869768079
3,ddelta,478__x__484__x__498__x__501__x__505,0.05902256584123879,5,0.0034836632784833684
3,ddelta,478__x__493__x__496__x__498__x__501,-0.06122604228456707,5,0.003748628253831595
3,ddelta,478__x__493__x__496__x__498__x__505,0.045727019784565205,5,0.0020909603383780177
3,ddelta,478__x__493__x__496__x__501__x__505,0.14641408803115674,5,0.021437085173995316
3,ddelta,478__x__493__x__498__x__501__x__505,0.1338494690690347,5,0.017915680370062474
3,ddelta,478__x__496__x__498__x__501__x__505,-0.007579577998801143,5,5.745000263991034e-05
3,ddelta,484__x__493__x__496__x__498__x__501,-0.08424018757299381,5,0.007096409202333181
3,ddelta,484__x__493__x__496__x__498__x__505,-0.03814918251056608,5,0.001455360126224481
3,ddelta,484__x__493__x__496__x__501__x__505,-0.12956892035705864,5,0.016788105122493804
3,ddelta,484__x__493__x__498__x__501__x__505,0.11385925393690653,5,0.012963929707068965
3,ddelta,484__x__496__x__498__x__501__x__505,-0.14675046358685603,5,0.02153569856295716
3,ddelta,493__x__496__x__498__x__501__x__505,-0.06281669903005342,5,0.003945937677032315
3,ddelta,477__x__478__x__484__x__493__x__496__x__498,0.02907420609395802,6,0.0008453094599939456
3,ddelta,477__x__478__x__484__x__493__x__496__x__501,0.014587830704314428,6,0.00021280480465773877
3,ddelta,477__x__478__x__484__x__493__x__496__x__505,0.0851237811149361,6,0.007246058111303551
3,ddelta,477__x__478__x__484__x__493__x__498__x__501,-0.03611255064564479,6,0.0013041163141342597
3,ddelta,477__x__478__x__484__x__493__x__498__x__505,0.02798666759255237,6,0.0007832535629360212
3,ddelta,477__x__478__x__484__x__493__x__501__x__505,0.008870815739435028,6,7.869137188300822e-05
3,ddelta,477__x__478__x__484__x__496__x__498__x__501,0.007949408982868132,6,6.319310317690455e-05
3,ddelta,477__x__478__x__484__x__496__x__498__x__505,0.02034078411206497,6,0.00041374749829363466
3,ddelta,477__x__478__x__484__x__496__x__501__x__505,-0.044993498937292875,6,0.002024414946620175
3,ddelta,477__x__478__x__484__x__498__x__501__x__505,0.03397025859636823,6,0.0011539784691041296
3,ddelta,477__x__478__x__493__x__496__x__498__x__501,0.049474382499377856,6,0.0024477145236947457
3,ddelta,477__x__478__x__493__x__496__x__498__x__505,0.1129192686992165,6,0.012750761243565854
3,ddelta,477__x__478__x__493__x__496__x__501__x__505,-0.11830246117745379,6,0.01399547232064296
3,ddelta,477__x__478__x__493__x__498__x__501__x__505,0.1187770001471301,6,0.014107975763951341
3,ddelta,477__x__478__x__496__x__498__x__501__x__505,0.05629106835857555,6,0.0031686843769498257
3,ddelta,477__x__484__x__493__x__496__x__498__x__501,-0.06185304117103316,6,0.0038257987021055226
3,ddelta,477__x__484__x__493__x__496__x__498__x__505,0.00033594260367971265,6,1.1285743296710448e-07
3,ddelta,477__x__484__x__493__x__496__x__501__x__505,0.04606371180642333,6,0.002121865545385224
3,ddelta,477__x__484__x__493__x__498__x__501__x__505,-0.2642380404526214,6,0.06982174202224117
3,ddelta,477__x__484__x__496__x__498__x__501__x__505,-0.04764943815340744,6,0.002270468956335401
3,ddelta,477__x__493__x__496__x__498__x__501__x__505,0.11077385913153265,6,0.012270847866892639
3,ddelta,478__x__484__x__493__x__496__x__498__x__501,-0.06973688455327136,6,0.004863233067196298
3,ddelta,478__x__484__x__493__x__496__x__498__x__505,0.09712302845765938,6,0.009432882656787314
3,ddelta,478__x__484__x__493__x__496__x__501__x__505,0.11443055745214828,6,0.013094352478809409
3,ddelta,478__x__484__x__493__x__498__x__501__x__505,0.041953105926807975,6,0.0017600630969059705
3,ddelta,478__x__484__x__496__x__498__x__501__x__505,0.03359839637408375,6,0.0011288522389100442
3,ddelta,478__x__493__x__496__x__498__x__501__x__505,-0.03200183620844993,6,0.001024117520712457
3,ddelta,484__x__493__x__496__x__498__x__501__x__505,0.04740209302977995,6,0.0022469584236039127
3,ddelta,477__x__478__x__484__x__493__x__496__x__498__x__501,-0.002211133085647408,7,4.889109522444628e-06
3,ddelta,477__x__478__x__484__x__493__x__496__x__498__x__505,-0.015211254100461084,7,0.00023138225130879414
3,ddelta,477__x__478__x__484__x__493__x__496__x__501__x__505,0.15880723904486643,7,0.02521973917305335
3,ddelta,477__x__478__x__484__x__493__x__498__x__501__x__505,-0.015075635072699035,7,0.00022727477284519322
3,ddelta,477__x__478__x__484__x__496__x__498__x__501__x__505,-0.07398000450320891,7,0.0054730410662948105
3,ddelta,477__x__478__x__493__x__496__x__498__x__501__x__505,0.017766758913422845,7,0.0003156577222876901
3,ddelta,477__x__484__x__493__x__496__x__498__x__501__x__505,-0.10159650225960032,7,0.010321849271384973
3,ddelta,478__x__484__x__493__x__496__x__498__x__501__x__505,-0.024122619377804577,7,0.0005819007656464329
3,ddelta,477__x__478__x__484__x__493__x__496__x__498__x__501__x__505,0.010430873998851939,8,0.00010880313237992544
