source,target,mean_step,sd_step,n_libraries,weighted_score,is_positive_mean_step,is_nonnegative_mean_step
OOOOOOOW,OOOOOOOO,0.9955684155957688,1.5123314969493449,3,0.207911104817953,True,True
OOOOOOWO,OOOOOOOO,0.7345095015762722,1.3829662094252604,3,0.12833909422504453,True,True
OOOOOOWW,OOOOOOOW,2.682606871045886,2.9348295225573193,3,0.7378967357793511,True,True
OOOOOOWW,OOOOOOWO,2.9436657850653822,0.1612455341726364,3,3.204966583169141,True,True
OOOOOWOO,OOOOOOOO,0.615253111550083,0.7992563207135045,3,0.13928621880265624,True,True
OOOOOWOW,OOOOOOOW,-0.7894806361322774,0.9253258551275664,3,-0.19576626209196332,False,False
OOOOOWOW,OOOOOWOO,-0.4091653320865918,1.309013194838146,3,-0.04530338468017113,False,False
OOOOOWWO,OOOOOOWO,2.4213297555757376,1.3012985974496871,3,1.0552915115238122,True,True
OOOOOWWO,OOOOOWOO,2.5405861456019267,1.5104475601723322,3,1.0447135956900484,True,True
OOOOOWWW,OOOOOOWW,-0.8634954361396937,1.3112546950705506,3,-0.17902703994604954,False,False
OOOOOWWW,OOOOOWOW,2.6085920710384696,1.1900798055731798,3,1.252907054114932,True,True
OOOOOWWW,OOOOOWWO,-0.34115940665004874,0.2994918513281908,3,-0.09146682916851799,False,False
OOOOWOOO,OOOOOOOO,-0.3399009630144499,1.2242761424755437,3,-0.033725309350295385,False,False
OOOOWOOW,OOOOOOOW,-0.27538884280138676,1.266527654176811,3,-0.021957479890821797,False,False
OOOOWOOW,OOOOWOOO,1.0600805358088317,1.0090062073910422,3,0.30884698319292153,True,True
OOOOWOWO,OOOOOOWO,0.24363608881009133,1.5604294833075232,3,0.014486958577905334,True,True
OOOOWOWO,OOOOWOOO,1.3180465534008132,1.2487954747525383,3,0.39020925135816215,True,True
OOOOWOWW,OOOOOOWW,-1.5732945879199605,1.7307104369390802,3,-0.42379920490639583,False,False
OOOOWOWW,OOOOWOOW,1.384701125927312,0.9506907440963187,3,0.5055459973930452,True,True
OOOOWOWW,OOOOWOWO,1.1267351083353307,0.7099245136111448,3,0.42659177561811223,True,True
OOOOWWOO,OOOOOWOO,0.4910581034897506,1.1682020697073023,3,0.06979979113352977,True,True
OOOOWWOO,OOOOWOOO,1.4462121780542834,1.3435731244439046,3,0.43592709430985654,True,True
OOOOWWOW,OOOOOWOW,0.5763614137197686,1.661652427975496,3,0.07085029377557753,True,True
OOOOWWOW,OOOOWOOW,0.06226962038887803,1.2995067937998521,3,0.0011772656565504668,True,True
OOOOWWOW,OOOOWWOO,-0.3238620218565737,1.46031675218383,3,-0.02652732307577228,False,False
OOOOWWWO,OOOOOWWO,-1.6833208399360988,0.5520055992928904,3,-0.9327217999752392,False,False
OOOOWWWO,OOOOWOWO,0.49437282682954714,0.6655738126437638,3,0.10696501773594062,True,True
OOOOWWWO,OOOOWWOO,0.3662072021760771,0.9420553018937864,3,0.047897283101774074,True,True
OOOOWWWW,OOOOOWWW,-1.7865887488811278,1.0009159777031655,3,-0.7481671424283107,False,False
OOOOWWWW,OOOOWOWW,-1.0767895971008614,0.670391865391824,3,-0.4089623987966685,False,False
OOOOWWWW,OOOOWWOW,0.24564190843757303,1.5370864348653506,3,0.014914406590620887,True,True
OOOOWWWW,OOOOWWWO,-0.44442731559507775,1.0400881912074227,3,-0.06353446079908168,False,False
OOOWOOOO,OOOOOOOO,2.387650036115699,2.088019366358905,3,0.7650113733592748,True,True
OOOWOOOW,OOOOOOOW,-0.02174634504369181,1.0622532581998663,3,-0.00017507513805074901,False,False
OOOWOOOW,OOOWOOOO,-1.4138279655636223,2.3642938607249997,3,-0.278423660534427,False,False
OOOWOOWO,OOOOOOWO,0.971304007177098,0.43998937156083623,3,0.43413750446588795,True,True
OOOWOOWO,OOOWOOOO,-0.6818365273623289,2.037832905123975,3,-0.08197341390666732,False,False
OOOWOOWW,OOOOOOWW,-2.104223447550075,1.2879348481874704,3,-0.8432146073631339,False,False
OOOWOOWW,OOOWOOOW,0.6001297685395024,0.9830570418155529,3,0.11491344155419046,True,True
OOOWOOWW,OOOWOOWO,-0.131861669661791,0.8799271082424271,3,-0.0072297794170913835,False,False
OOOWOWOO,OOOOOWOO,-0.43782104314391895,0.825221338776595,3,-0.07366939710622401,False,False
OOOWOWOO,OOOWOOOO,-2.2102179677095353,2.0994159323787445,3,-0.6676961681019244,False,False
OOOWOWOW,OOOOOWOW,0.23612221051466972,0.6095910536140329,3,0.029456564274265667,True,True
OOOWOWOW,OOOWOOOW,-0.5316120805739158,0.43379191109535603,3,-0.15955928918032383,False,False
OOOWOWOW,OOOWOWOO,0.2647779215719969,0.5214076712526278,3,0.04081500688743807,True,True
OOOWOWWO,OOOOOWWO,-0.1306674163908704,1.4315049064452476,3,-0.00464622678458862,False,False
OOOWOWWO,OOOWOOWO,1.3193583320077689,1.1109603054866122,3,0.42225444227388337,True,True
OOOWOWWO,OOOWOWOO,2.8477397723549753,1.9028195650574014,3,1.0939592234697515,True,True
OOOWOWWW,OOOOOWWW,-1.5963004602084931,0.6058734204836496,3,-0.8195586839107122,False,False
OOOWOWWW,OOOWOOWW,-0.35557244879811173,0.5497079563937227,3,-0.06740552499747032,False,False
OOOWOWWW,OOOWOWOW,0.7761694003153066,0.8790612849321946,3,0.19677782340090114,True,True
OOOWOWWW,OOOWOWWO,-1.8067924504676718,1.5386627086518485,3,-0.5831549681338383,False,False
OOOWWOOO,OOOOWOOO,0.9658623213881664,1.6989580856132565,3,0.1802742244718309,True,True
OOOWWOOO,OOOWOOOO,-1.7616886777419827,2.6867318773994273,3,-0.3748264455288241,False,False
OOOWWOOW,OOOOWOOW,-0.14351944587759902,1.6362225960500816,3,-0.0049503948379517725,False,False
OOOWWOOW,OOOWOOOW,-0.397161943635294,1.2607928125015946,3,-0.0441706383574001,False,False
OOOWWOOW,OOOWWOOO,-0.04930123145693366,1.0955062585245865,3,-0.0008652533147014811,False,False
OOOWWOWO,OOOOWOWO,0.05417312024042035,0.486300533525003,3,0.0020792174509892142,True,True
OOOWWOWO,OOOWOOWO,-0.6734947981265864,0.8956506672388196,3,-0.15112361048204342,False,False
OOOWWOWO,OOOWWOOO,0.4063573522530674,0.7288300551334905,3,0.07040846738896778,True,True
OOOWWOWW,OOOOWOWW,-0.14443817450904617,1.570820343499636,3,-0.0052010350615242324,False,False
OOOWWOWW,OOOWOOWW,0.3864906851210688,1.2000936094896077,3,0.04368636715581891,True,True
OOOWWOWW,OOOWWOOW,1.3837823972958654,2.984779237765541,3,0.22271100831221402,True,True
OOOWWOWW,OOOWWOWO,0.9281238135858643,1.3535359392563568,3,0.19903981172478674,True,True
OOOWWWOO,OOOOWWOO,-0.0943384792468941,0.10136785587080355,3,-0.015742307598491295,False,False
OOOWWWOO,OOOWOWOO,0.8345406673867753,0.7070302051954426,3,0.2573471786849028,True,True
OOOWWWOO,OOOWWOOO,0.38601137741922303,0.46521965045355695,3,0.08726511181777537,True,True
OOOWWWOW,OOOOWWOW,0.4375205914223552,1.332165478760499,3,0.05065416138945409,True,True
OOOWWWOW,OOOWOWOW,0.7777597946274541,0.7099808174206358,3,0.22734293663489066,True,True
OOOWWWOW,OOOWWOOW,0.6433096576888323,1.1250766241573966,3,0.11792085832431194,True,True
OOOWWWOW,OOOWWWOO,0.20799704881267558,0.45676231127168504,3,0.028673427358073808,True,True
OOOWWWWO,OOOOWWWO,0.3240899724721095,1.1948107833706776,3,0.031441238084894185,True,True
OOOWWWWO,OOOWOWWO,-1.228563451073119,2.3412106127757144,3,-0.21749759739503868,False,False
OOOWWWWO,OOOWWOWO,0.7642896790612363,1.1461715133762092,3,0.15875662806055024,True,True
OOOWWWWO,OOOWWWOO,0.7846356538950806,1.227674261621444,3,0.15823441350772938,True,True
OOOWWWWW,OOOOWWWW,0.3428470901895136,1.1071008823967934,3,0.03722412670761541,True,True
OOOWWWWW,OOOWOWWW,0.15255880151687906,1.0668525021779092,3,0.00814118428776183,True,True
OOOWWWWW,OOOWWOWW,-0.5895043324023016,2.104683474231907,3,-0.06066550553930403,False,False
OOOWWWWW,OOOWWWOW,0.1509684072047314,1.1102319198689963,3,0.007707456747434396,True,True
OOOWWWWW,OOOWWWWO,-0.4256701978776736,1.8491878051344302,3,-0.036515676033220354,False,False
OOWOOOOO,OOOOOOOO,-0.1284426615085926,1.0369184119639667,3,-0.005970678990779801,False,False
OOWOOOOW,OOOOOOOW,-0.7704966867627455,1.5844067546307539,3,-0.12604358082101277,False,False
OOWOOOOW,OOWOOOOO,0.35351439034161575,1.0856912500844111,3,0.040062029317794394,True,True
OOWOOOWO,OOOOOOWO,0.07940243820998945,2.129651649702082,3,0.0012066859877779626,True,True
OOWOOOWO,OOWOOOOO,0.9423546012948543,0.7177057779852114,3,0.31373858869434085,True,True
OOWOOOWW,OOOOOOWW,-2.138544599983721,0.6257460038848928,3,-1.2750696330946272,False,False
OOWOOOWW,OOWOOOOW,1.3145589578249102,1.244161319411157,3,0.38940030313498336,True,True
OOWOOOWW,OOWOOOWO,0.7257187468716717,1.6817832347164356,3,0.1076868043631105,True,True
OOWOOWOO,OOOOOWOO,0.5057698288420244,1.9596835230138994,3,0.04823204553171045,True,True
OOWOOWOO,OOWOOOOO,1.2494656019007,0.7941427719247554,3,0.47447028687986764,True,True
OOWOOWOW,OOOOOWOW,0.02641589226082917,0.6667288695044125,3,0.0003885947963143774,True,True
OOWOOWOW,OOWOOOOW,0.007431942891297265,1.0382480583218652,3,2.100574781582703e-05,True,True
OOWOOWOW,OOWOOWOO,-0.8885192686677869,1.268190848382747,3,-0.19310108830281492,False,False
OOWOOWWO,OOOOOWWO,-0.8932778133149828,0.2176982640218902,3,-0.5191022478690255,False,False
OOWOOWWO,OOWOOOWO,1.4486495040507652,1.1631498003392449,3,0.4806657983024709,True,True
OOWOOWWO,OOWOOWOO,1.1415385034449195,2.475854404630065,3,0.1818666659784893,True,True
OOWOOWWW,OOOOOWWW,0.2208065428073025,1.0930861256242788,3,0.01628330059240535,True,True
OOWOOWWW,OOWOOOWW,1.4958557066513298,1.7886732458695536,3,0.37896218674651727,True,True
OOWOOWWW,OOWOOWOW,2.802982721584943,1.489911278036611,3,1.237174441997054,True,True
OOWOOWWW,OOWOOWWO,0.7729249494722366,1.180446877208603,3,0.15853157072040797,True,True
OOWOWOOO,OOOOWOOO,1.116073557996054,1.1133008570522371,3,0.3161510459072786,True,True
OOWOWOOO,OOWOOOOO,0.9046152564901967,0.438810582717455,3,0.387137660156978,True,True
OOWOWOOW,OOOOWOOW,-1.0962509846959512,0.43999888597918996,3,-0.5277974487310138,False,False
OOWOWOOW,OOWOOOOW,-0.6011431407345925,0.4661620791691544,3,-0.188905414769083,False,False
OOWOWOOW,OOWOWOOO,-1.1522440068831734,0.9826053601001988,3,-0.3627011598598554,False,False
OOWOWOWO,OOOOWOWO,-0.22733824066803318,0.5072345181990563,3,-0.03139717378447692,False,False
OOWOWOWO,OOWOOOWO,-0.06310459006793144,0.25569902782850845,3,-0.004475866369545239,False,False
OOWOWOWO,OOWOWOOO,-0.025365245263273772,0.9027948908765483,3,-0.00027517863669804373,False,False
OOWOWOWW,OOOOWOWW,-0.04126696116324846,1.265922226224014,3,-0.0005334380960114325,False,False
OOWOWOWW,OOWOOOWW,0.5239830509005122,0.5233458970051517,3,0.13883394452663889,True,True
OOWOWOWW,OOWOWOOW,2.439685149460015,1.3468496045131044,3,1.04696444954047,True,True
OOWOWOWW,OOWOWOWO,1.3128063878401155,1.5440195859083619,3,0.3346589993170406,True,True
OOWOWWOO,OOOOWWOO,-0.4162046304308083,0.5974711589824405,3,-0.08458631779614412,False,False
OOWOWWOO,OOWOOWOO,-0.430916355783082,0.84242946558788,3,-0.07046820598445622,False,False
OOWOWWOO,OOWOWOOO,-0.08606601037257872,0.3514847024802993,3,-0.006521772625409878,False,False
OOWOWWOW,OOOOWWOW,-0.5395426766005297,1.006062441232898,3,-0.09309592214491176,False,False
OOWOWWOW,OOWOOWOW,0.01040284485840981,0.808207288254357,3,5.145506134264751e-05,True,True
OOWOWWOW,OOWOWOOW,0.6189779284842997,0.4353808857633313,3,0.20653929339631513,True,True
OOWOWWOW,OOWOWWOO,-0.44720006802629503,1.0079132781771374,3,-0.06585301897271754,False,False
OOWOWWWO,OOOOWWWO,0.2418746664243009,0.8066625582066076,3,0.024840381688654666,True,True
OOWOWWWO,OOWOOWWO,-0.5481683601968153,1.0226648694681835,3,-0.09465934109447377,False,False
OOWOWWWO,OOWOWOWO,0.9635857339218812,0.4217500788677,3,0.4378168655625198,True,True
OOWOWWWO,OOWOWWOO,1.0242864990311862,0.6280679239026418,3,0.3907141373694679,True,True
OOWOWWWW,OOOOWWWW,-0.20404660334324634,0.12290342934592614,3,-0.057594255685305885,False,False
OOWOWWWW,OOWOOWWW,-2.2114418950316765,0.5732012819196849,3,-1.3975144369968158,False,False
OOWOWWWW,OOWOWOWW,-1.2395692392808593,1.439584606102456,3,-0.3179607014459951,False,False
OOWOWWWW,OOWOWWOW,0.5811379816948563,0.4484390414903878,3,0.1823538266612893,True,True
OOWOWWWW,OOWOWWWO,-0.890348585362625,0.47341840313189154,3,-0.3623721605560055,False,False
OOWWOOOO,OOOWOOOO,-2.515839495483099,2.3682338546326234,3,-0.7678294850139129,False,False
OOWWOOOO,OOWOOOOO,0.000253202141192288,0.6490005936998976,3,3.716751285007298e-08,True,True
OOWWOOOW,OOOWOOOW,-0.2083221786465618,1.3006070129709433,3,-0.012545293842751487,False,False
OOWWOOOW,OOWOOOOW,0.5404281630724919,1.6385287060782294,3,0.0635296219358672,True,True
OOWWOOOW,OOWWOOOO,0.8936893512729153,1.3095717999887895,3,0.1905845982941067,True,True
OOWWOOWO,OOOWOOWO,-1.0544957991743587,1.7094182357203496,3,-0.21028862242288207,False,False
OOWWOOWO,OOWOOOWO,-0.16259423020725014,0.5808012435952545,3,-0.01512303984826829,False,False
OOWWOOWO,OOWWOOOO,0.7795071689464118,0.22907566649176017,3,0.41116850195478744,True,True
OOWWOOWW,OOOWOOWW,-0.6415621065888008,0.7012410696572358,3,-0.16388311867994357,False,False
OOWWOOWW,OOWOOOWW,-0.607240954155155,1.1757524920280513,3,-0.10267374764274526,False,False
OOWWOOWW,OOWWOOOW,0.16688984059726344,1.1116233520315997,3,0.009353056017247882,True,True
OOWWOOWW,OOWWOOWO,0.28107202292376693,0.41433636416060254,3,0.05321900191352388,True,True
OOWWOWOO,OOOWOWOO,-0.6200142987501907,0.644119052631524,3,-0.16319669321388858,False,False
OOWWOWOO,OOWOOWOO,-1.5636051707361338,2.230493763784932,3,-0.3486199015415226,False,False
OOWWOWOO,OOWWOOOO,-0.3143927709766263,1.168899106891726,3,-0.03022380074663509,False,False
OOWWOWOW,OOOWOWOW,-0.5851662101037157,0.26127232108870857,3,-0.2447502869346553,False,False
OOWWOWOW,OOWOOWOW,-0.3754598918498752,0.22983442815971036,3,-0.1239296988793683,False,False
OOWWOWOW,OOWWOOOW,-0.9084561120310698,0.9857746540660047,3,-0.2398648569499102,False,False
OOWWOWOW,OOWWOWOO,0.29962601021847185,1.0262461518603878,3,0.030695866791306724,True,True
OOWWOWWO,OOOWOWWO,-0.9828288854807061,2.0888017296054096,3,-0.15831032062974612,False,False
OOWWOWWO,OOWOOWWO,-0.22021848855659357,0.5377331961328932,3,-0.028369384137499166,False,False
OOWWOWWO,OOWWOOWO,1.3910252457014216,0.8811237684130383,3,0.5333443544283696,True,True
OOWWOWWO,OOWWOWOO,2.48492518562446,1.226549993659159,3,1.1390138504434766,True,True
OOWWOWWW,OOOWOWWW,-0.1994960775409338,0.9680831504525711,3,-0.014836533226071973,False,False
OOWWOWWW,OOWOOWWW,-2.0166030805567297,0.6655600529373924,3,-1.1301110769469223,False,False
OOWWOWWW,OOWWOOWW,0.08649358024975518,0.4776554474736047,3,0.005241222763684465,True,True
OOWWOWWW,OOWWOWOW,1.1618395328780886,0.7840308494654687,3,0.42338675120944647,True,True
OOWWOWWW,OOWWOWWO,-1.0234596425278994,0.18934720096851754,3,-0.672189406746678,False,False
OOWWWOOO,OOOWWOOO,-0.37647375474751915,0.32057109506052844,3,-0.10452543017382336,False,False
OOWWWOOO,OOWOWOOO,-0.5266849913554067,1.0394314376922356,3,-0.08691205573605039,False,False
OOWWWOOO,OOWWOOOO,0.37767706299359755,0.08063077729896614,3,0.18509272127045862,True,True
OOWWWOOW,OOOWWOOW,-1.2751341861789929,2.4593497430202818,3,-0.22388459753602222,False,False
OOWWWOOW,OOWOWOOW,-0.3224026473606407,1.2794057911758678,3,-0.02940912710592157,False,False
OOWWWOOW,OOWWOOOW,-1.4639739511677252,0.8996070174337439,3,-0.573493560357503,False,False
OOWWWOOW,OOWWWOOO,-0.9479616628884074,1.200893098451546,3,-0.22534925546204718,False,False
OOWWWOWO,OOOWWOWO,-0.23460006096624209,0.9967080864136885,3,-0.019750402986821493,False,False
OOWWWOWO,OOWOWOWO,0.046911299942211514,1.3363828748619937,3,0.0006547444151109309,True,True
OOWWWOWO,OOWWOOWO,0.14640094008153018,1.021909693648066,3,0.00779844621484206,True,True
OOWWWOWO,OOWWWOOO,0.5482310460343445,1.1321159927945073,3,0.08763641677991398,True,True
OOWWWOWW,OOOWWOWW,-0.7441407495235873,2.2828312158101727,3,-0.08783145860104398,False,False
OOWWWOWW,OOWOWOWW,-0.8473119628693849,1.3405170288090575,3,-0.17022934763159506,False,False
OOWWWOWW,OOWWOOWW,0.28391204218628235,0.4983066965560088,3,0.04788245140438923,True,True
OOWWWOWW,OOWWWOOW,1.914775833951271,1.2345068001491688,3,0.7399970945830859,True,True
OOWWWOWW,OOWWWOWO,0.418583125028519,0.8986295946098001,3,0.06363744749709642,True,True
OOWWWWOO,OOOWWWOO,-0.4730669417925313,0.6317450175744596,3,-0.10244713839902655,False,False
OOWWWWOO,OOWOWWOO,-0.1512007906086171,1.0384809046964874,3,-0.008188548723887521,False,False
OOWWWWOO,OOWWOWOO,0.9814880243444349,1.6021215752169728,3,0.19406841009006248,True,True
OOWWWWOO,OOWWWOOO,0.2894181903742109,0.5120023186507968,3,0.048672721062821174,True,True
OOWWWWOW,OOOWWWOW,-1.0905404775747687,0.6815048136239014,3,-0.41373436563346777,False,False
OOWWWWOW,OOWOWWOW,-0.113477209551884,0.8889955832053771,3,-0.005353120381078431,False,False
OOWWWWOW,OOWWOWOW,0.272385527156401,0.5961712715629964,3,0.039062535082502736,True,True
OOWWWWOW,OOWWWOOW,0.8279033662930564,1.6632534651815964,3,0.1384080185740386,True,True
OOWWWWOW,OOWWWWOO,-0.40947648696956196,0.6618809657105456,3,-0.07649115834759547,False,False
OOWWWWWO,OOOWWWWO,-0.7682298340727297,1.7764764753856237,3,-0.11449261638462244,False,False
OOWWWWWO,OOWOWWWO,-0.6860145280249211,0.6250711443930049,3,-0.19837671471163584,False,False
OOWWWWWO,OOWWOWWO,-1.0139643996651426,1.137815789105555,3,-0.26349890399393255,False,False
OOWWWWWO,OOWWWOWO,0.2306599059547487,0.3128707683377652,3,0.0444608771990847,True,True
OOWWWWWO,OOWWWWOO,0.48947276161488223,1.3266323735775816,3,0.06270501426456115,True,True
OOWWWWWW,OOOWWWWW,-1.7022493912365986,0.5111131227719851,3,-0.9841079660234969,False,False
OOWWWWWW,OOWOWWWW,-1.1553556977038386,0.5945700894651064,3,-0.4915324820368781,False,False
OOWWWWWW,OOWWOWWW,-1.3501945121787857,0.5911375858584657,3,-0.6350628449491715,False,False
OOWWWWWW,OOWWWOWW,-1.5476129741153128,0.382155460347263,3,-0.966111954278815,False,False
OOWWWWWW,OOWWWWOW,-0.46074050645709824,0.729748918454773,3,-0.08837360218806323,False,False
OOWWWWWW,OOWWWWWO,-1.3596897550415425,0.4912877840150181,3,-0.7049357260768995,False,False
OWOOOOOO,OOOOOOOO,0.6361496893182461,1.6537364157873768,3,0.08550671451857284,True,True
OWOOOOOW,OOOOOOOW,-1.4744909896633518,3.534198524647314,3,-0.218078487004951,False,False
OWOOOOOW,OWOOOOOO,-1.1150722633858292,3.583449963784715,3,-0.1280691003841449,False,False
OWOOOOWO,OOOOOOWO,1.4447432062287708,0.6457357208888095,3,0.6760735546901222,True,True
OWOOOOWO,OWOOOOOO,1.5431030184867967,2.565139638010717,3,0.3061220201538962,True,True
OWOOOOWW,OOOOOOWW,-0.12170952145283698,0.9582760121237487,3,-0.005754149997069317,False,False
OWOOOOWW,OWOOOOOW,4.035388339256401,1.529897714376549,3,2.183393237922238,True,True
OWOOOOWW,OWOOOOWO,1.3772130573837746,1.3031781518277226,3,0.40902276539890275,True,True
OWOOOWOO,OOOOOWOO,0.7818462368289838,0.3302449330517343,3,0.35168970131244426,True,True
OWOOOWOO,OWOOOOOO,0.7609496590608208,1.5650796002923975,3,0.12438561833705691,True,True
OWOOOWOW,OOOOOWOW,0.30519717571782534,0.6113769511158977,3,0.04731754499852799,True,True
OWOOOWOW,OWOOOOOW,0.9902075292488997,3.157619614666819,3,0.11413772099442915,True,True
OWOOOWOW,OWOOOWOO,-0.8858143931977502,1.5852140247821915,3,-0.16250425571801405,False,False
OWOOOWWO,OOOOOWWO,0.5174944572842289,2.094133564916639,3,0.04759243974786779,True,True
OWOOOWWO,OWOOOOWO,1.4940810066311954,2.7480752415588383,3,0.2736468956251696,True,True
OWOOOWWO,OWOOOWOO,2.2762343660571718,3.2849556537205533,3,0.508407755501271,True,True
OWOOOWWW,OOOOOWWW,-0.3170755024458392,0.9383401922444026,3,-0.03669604999475379,False,False
OWOOOWWW,OWOOOOWW,-1.058861417132696,2.1273853667072906,3,-0.17884678853169766,False,False
OWOOOWWW,OWOOOWOW,1.9863193928748053,0.6618538264871047,3,1.1067224425526723,True,True
OWOOOWWW,OWOOOWWO,-1.175729366380117,2.562848061408145,3,-0.18673394481811237,False,False
OWOOWOOO,OOOOWOOO,0.1311609956446239,1.3189792117881736,3,0.005035919617054562,True,True
OWOOWOOO,OWOOOOOO,-0.8448896566880721,1.8529562514766245,3,-0.13191370126308352,False,False
OWOOWOOW,OOOOWOOW,0.17057516958264243,0.649883998631998,3,0.015182971125755692,True,True
OWOOWOOW,OWOOOOOW,1.3696773164446074,2.525416195761694,3,0.24973160668856467,True,True
OWOOWOOW,OWOOWOOO,1.0994947097468504,0.7585524767929767,3,0.3936810165767765,True,True
OWOOWOWO,OOOOWOWO,0.6395625744038703,1.4349092794647835,3,0.09674732065501589,True,True
OWOOWOWO,OWOOOOWO,-0.5615445430148093,0.8964957431439826,3,-0.10899761250762159,False,False
OWOOWOWO,OWOOWOOO,1.8264481321600599,1.137670448602519,3,0.7190736283626442,True,True
OWOOWOWW,OOOOWOWW,0.24237792827252114,0.7459192880363616,3,0.026520651347264966,True,True
OWOOWOWW,OWOOOOWW,-1.2092071381946023,2.7545977592292443,3,-0.1854777784468203,False,False
OWOOWOWW,OWOOWOOW,1.456503884617191,0.6083289674914657,3,0.7066801978256653,True,True
OWOOWOWW,OWOOWOWO,0.7295504622039816,2.413202069103451,3,0.08075131312818445,True,True
OWOOWWOO,OOOOWWOO,-0.8732650745778229,0.8052930434611301,3,-0.2561102013398223,False,False
OWOOWWOO,OWOOOWOO,-1.164053207917056,0.8875453737817375,3,-0.3936876728460812,False,False
OWOOWWOO,OWOOWOOO,0.44178610783183675,0.33712837644478305,3,0.13401034725112157,True,True
OWOOWWOW,OOOOWWOW,0.282203920340469,1.611157798098255,3,0.018709006002869077,True,True
OWOOWWOW,OWOOOWOW,0.5533681583424124,0.555364510279869,3,0.14711145322812177,True,True
OWOOWWOW,OWOOWOOW,0.17389837114670467,0.24313004252748066,3,0.030963590400191737,True,True
OWOOWWOW,OWOOWWOO,0.8316069730617182,0.9389838828263987,3,0.2123674697054059,True,True
OWOOWWWO,OOOOWWWO,0.08646570388774832,0.915224299488688,3,0.0030693080762865745,True,True
OWOOWWWO,OWOOOWWO,-2.1143495933325798,2.035451139745342,3,-0.6319345401010398,False,False
OWOOWWWO,OWOOWOWO,-0.058724043686574724,2.0026909830515756,3,-0.0007024989482200345,False,False
OWOOWWWO,OWOOWWOO,1.3259379806416483,0.7013356928222136,3,0.5622094755395693,True,True
OWOOWWWW,OOOOWWWW,-0.39187152238364326,0.8903339442053472,3,-0.05673944659012786,False,False
OWOOWWWW,OWOOOWWW,-1.861384768818932,0.7471458134622214,3,-0.9395815663888353,False,False
OWOOWWWW,OWOOWOWW,-1.7110390477570256,1.4020087588023626,3,-0.5650616149980282,False,False
OWOOWWWW,OWOOWWOW,-0.4284335342865393,0.8334154526334118,3,-0.07028622036262078,False,False
OWOOWWWW,OWOOWWWO,-0.9227645418664694,1.0596880253875545,3,-0.23459807009163192,False,False
OWOWOOOO,OOOWOOOO,-1.7322853522544974,3.116439479537959,3,-0.3241416352441941,False,False
OWOWOOOO,OWOOOOOO,0.01921499454295576,2.229878091496656,3,6.854044336070494e-05,True,True
OWOWOOOW,OOOWOOOW,0.5459855994787212,1.0278304398991567,3,0.09361682746702844,True,True
OWOWOOOW,OWOOOOOW,1.998730244098381,3.479728555421147,3,0.38508363115080757,True,True
OWOWOOOW,OWOWOOOO,0.864442986169596,1.3172241161780534,3,0.17877869285357945,True,True
OWOWOOWO,OOOWOOWO,0.7991349674789029,1.289747640740488,3,0.1576585608485103,True,True
OWOWOOWO,OWOOOOWO,0.3256957684272302,1.0554448143235893,3,0.035125335584185326,True,True
OWOWOOWO,OWOWOOOO,1.8495837923710712,0.9560812837880747,3,0.8129812406639577,True,True
OWOWOOWW,OOOWOOWW,1.0517559953461588,0.487631138796796,3,0.4686379879905709,True,True
OWOWOOWW,OWOOOOWW,-0.9307579307510796,1.7136151342620591,3,-0.1674415060519105,False,False
OWOWOOWW,OWOWOOOW,1.10590016440694,1.455492147485394,3,0.2579413431367752,True,True
OWOWOOWW,OWOWOOWO,0.12075935820546484,0.16412775512532082,3,0.01974648936947477,True,True
OWOWOWOO,OOOWOWOO,1.2530222508244926,0.8282876780451519,3,0.4649148482715443,True,True
OWOWOWOO,OWOOOWOO,0.03335497085158986,0.2501116189042842,3,0.0013182220561540224,True,True
OWOWOWOO,OWOWOOOO,0.7750896353694549,1.6561575919016238,3,0.123061817986588,True,True
OWOWOWOW,OOOWOWOW,0.300280942796062,0.3888754862440656,3,0.06244787763134587,True,True
OWOWOWOW,OWOOOWOW,0.23120597759290637,1.0529103203268442,3,0.018352449754846383,True,True
OWOWOWOW,OWOWOOOW,-0.7773167372565749,1.3563081848535594,3,-0.14439199121102,False,False
OWOWOWOW,OWOWOWOO,-0.6879633864564338,0.8131676798771593,3,-0.16777800112490898,False,False
OWOWOWWO,OOOWOWWO,0.20434482526115275,2.193314600698398,3,0.007574977421441774,True,True
OWOWOWWO,OWOOOWWO,-0.4438170484139466,1.741711488717746,3,-0.041614528178458655,False,False
OWOWOWWO,OWOWOOWO,0.7245681897900186,0.9899040874227861,3,0.16039190407918247,True,True
OWOWOWWO,OWOWOWOO,1.7990623467916353,1.6909715789669113,3,0.5433345649922473,True,True
OWOWOWWW,OOOWOWWW,0.576546225626361,1.0435480908377095,3,0.10222039336474663,True,True
OWOWOWWW,OWOOOWWW,-0.7026787321362931,2.062323709260456,3,-0.0858703528386354,False,False
OWOWOWWW,OWOWOOWW,-0.8307822185179093,1.617368658076086,3,-0.14236417547184615,False,False
OWOWOWWW,OWOWOWOW,1.0524346831456055,1.6940662120012762,3,0.21098458836594933,True,True
OWOWOWWW,OWOWOWWO,-1.4345910501024635,2.3443695805662936,3,-0.287705085150486,False,False
OWOWWOOO,OOOWWOOO,0.11361344103949977,0.8293263762124121,3,0.005691009139267719,True,True
OWOWWOOO,OWOOWOOO,0.9483147667830423,0.8887376122351117,3,0.2769651039405576,True,True
OWOWWOOO,OWOWOOOO,0.0842101155520143,0.5331755934189751,3,0.004566592864954366,True,True
OWOWWOOW,OOOWWOOW,0.8400095828321544,1.3307862779818957,3,0.1685087174894451,True,True
OWOWWOOW,OWOOWOOW,0.5259149673719129,0.28296355441736626,3,0.19740133899434126,True,True
OWOWWOOW,OWOWOOOW,-0.10313796028186073,1.1719726613826744,3,-0.00349223685336434,False,False
OWOWWOOW,OWOWWOOO,0.677094910335721,0.9647357130598128,3,0.1447385843858219,True,True
OWOWWOWO,OOOWWOWO,1.3494101898854378,1.529523517560675,3,0.35354574768499414,True,True
OWOWWOWO,OWOOWOWO,0.7640207357219881,1.255809696447737,3,0.14829824852841347,True,True
OWOWWOWO,OWOWOOWO,-0.12321957572005138,1.9409619919306949,3,-0.0031370196683120346,False,False
OWOWWOWO,OWOWWOOO,1.6421541010990055,1.6368588074969206,3,0.4746241401947013,True,True
OWOWWOWW,OOOWWOWW,0.36240230753584046,1.1998576458298311,3,0.03870570767075719,True,True
OWOWWOWW,OWOOWOWW,-0.02441379524572677,2.7437687484995146,3,-9.063648444182375e-05,False,False
OWOWWOWW,OWOWOOWW,-0.30286300268924954,1.7484674882361193,3,-0.019957253313932447,False,False
OWOWWOWW,OWOWWOOW,0.9061751219995514,2.011482037687678,3,0.1405319089601956,True,True
OWOWWOWW,OWOWWOWO,-0.05888406876373331,0.9328814083483852,3,-0.00141786342723599,False,False
OWOWWWOO,OOOWWWOO,1.0211350469464888,0.5749191419332923,3,0.40864596984654494,True,True
OWOWWWOO,OWOOWWOO,1.8000616422774174,0.9693095645143726,3,0.7716563372399992,True,True
OWOWWWOO,OWOWOWOO,0.6026534635087716,0.1547840840659726,3,0.31761657701747437,True,True
OWOWWWOO,OWOWWOOO,1.2935329833262121,1.4928684900788025,3,0.3339602274927743,True,True
OWOWWWOW,OOOWWWOW,0.17933137038848815,0.9092322210896797,3,0.01273814308747976,True,True
OWOWWWOW,OWOOWWOW,0.3346480414703743,0.8960314313070112,3,0.04209886215471164,True,True
OWOWWWOW,OWOWOWOW,0.6568102222198803,0.5402186150943021,3,0.20139202679398996,True,True
OWOWWWOW,OWOWWOOW,-0.01736855475483401,0.6247110218013413,3,-0.0001786462288507431,False,False
OWOWWWOW,OWOWWWOO,-0.633806627745325,0.2720559934555103,3,-0.27376032785329907,False,False
OWOWWWWO,OOOWWWWO,0.20614976142453356,2.602428290826955,3,0.006581649414456751,True,True
OWOWWWWO,OWOOWWWO,0.44377403000889465,2.3461688746335256,3,0.03213049424192825,True,True
OWOWWWWO,OWOWOWWO,-1.2267585149097382,2.3966725384130703,3,-0.21294286784572128,False,False
OWOWWWWO,OWOWWOWO,-0.37897074939966807,0.9793600489509039,3,-0.04952757677290286,False,False
OWOWWWWO,OWOWWWOO,-0.030349631626874467,1.726695941914964,3,-0.00021719100418025403,False,False
OWOWWWWW,OOOWWWWW,0.06129252884302039,1.15858076914702,3,0.001265761287991105,True,True
OWOWWWWW,OWOOWWWW,0.7960111414161771,0.9594142410175479,3,0.19373135036308456,True,True
OWOWWWWW,OWOWOWWW,-0.36269489526646165,2.2736255021746494,3,-0.02239813202152957,False,False
OWOWWWWW,OWOWWOWW,-0.8906141110951217,2.4312067980150665,3,-0.11660779166593616,False,False
OWOWWWWW,OWOWWWOW,0.03292956565926364,1.0389280072609781,3,0.0004076205432504606,True,True
OWOWWWWW,OWOWWWWO,-0.5705274304591869,2.4594120983513754,3,-0.049861660370743,False,False
OWWOOOOO,OOWOOOOO,-0.21324037644961416,1.1630351991899166,3,-0.01444745785525853,False,False
OWWOOOOO,OWOOOOOO,-0.977832727276453,1.7876106471184494,3,-0.17726094204875759,False,False
OWWOOOOW,OOWOOOOW,1.0753974266563695,1.287765097334741,3,0.2679644203636564,True,True
OWWOOOOW,OWOOOOOW,1.7793917295569759,3.2969506765890695,3,0.3255108114935382,True,True
OWWOOOOW,OWWOOOOO,1.6421521934475996,1.38568766711278,3,0.530935707052173,True,True
OWWOOOWO,OOWOOOWO,0.490586944959297,2.0114159231948423,3,0.044512905311387005,True,True
OWWOOOWO,OWOOOOWO,-0.8747538230594842,0.4593530416952302,3,-0.3576829111439091,False,False
OWWOOOWO,OWWOOOOO,1.6461819227037655,1.1883985158918364,3,0.5885031273523268,True,True
OWWOOOWW,OOWOOOWW,2.4129500124518715,0.5253257366193893,3,1.656540575171211,True,True
OWWOOOWW,OWOOOOWW,0.39611493392098773,1.0645913705810104,3,0.050365069898668326,True,True
OWWOOOWW,OWWOOOOW,2.6521115436204123,2.691183598458743,3,0.7693072207803826,True,True
OWWOOOWW,OWWOOOWO,2.6480818143642466,0.15170420901851478,3,2.8108739000559444,True,True
OWWOOWOO,OOWOOWOO,-1.2291089704083344,3.3881733409143533,3,-0.1611285769859082,False,False
OWWOOWOO,OWOOOWOO,-1.505185378395294,1.677776700735872,3,-0.40096431028310003,False,False
OWWOOWOO,OWWOOOOO,0.23359700794197957,1.795915279691133,3,0.01178759087013344,True,True
OWWOOWOW,OOWOOWOW,0.40396091335621837,1.2315171228950448,3,0.04648473808119071,True,True
OWWOOWOW,OWOOOWOW,0.12517962989922224,0.6727036153550262,3,0.008162578530433085,True,True
OWWOOWOW,OWWOOOOW,-0.6640045704088539,1.2178152595885743,3,-0.1176680092146682,False,False
OWWOOWOW,OWWOOWOO,0.7445506150967661,2.603760873194898,3,0.07865299428348281,True,True
OWWOOWWO,OOWOOWWO,1.6230596520452132,2.8096932614100925,3,0.3124630650924015,True,True
OWWOOWWO,OWOOOWWO,0.21228738144600148,4.361813151584542,3,0.004285375296929557,True,True
OWWOOWWO,OWWOOOWO,2.5811222111366816,1.9124432581131168,3,0.9251419973451325,True,True
OWWOOWWO,OWWOOWOO,3.9937071258984673,1.4536132652843754,3,2.20748299066425,True,True
OWWOOWWW,OOWOOWWW,0.6149233489903623,2.246373999291208,3,0.06215939160505928,True,True
OWWOOWWW,OWOOOWWW,1.1528053942435041,1.5633753224888682,3,0.26361231652443834,True,True
OWWOOWWW,OWWOOOWW,-0.3021709568101798,1.6427522775519912,3,-0.02098315929998426,False,False
OWWOOWWW,OWWOOWOW,3.0139451572190867,1.9702596871766092,3,1.1760360193638262,True,True
OWWOOWWW,OWWOOWWO,-0.23521135358261436,3.1528673619623584,3,-0.007131589925867803,False,False
OWWOWOOO,OOWOWOOO,-0.5648042072036733,0.6757544539564648,3,-0.13417576018224173,False,False
OWWOWOOO,OWOOWOOO,0.42010835514775663,0.9221134797383098,3,0.06282004189222037,True,True
OWWOWOOO,OWWOOOOO,0.5530514257361374,0.8775265426415879,3,0.10769398917711308,True,True
OWWOWOOW,OOWOWOOW,0.9901435549091184,0.4459269221433466,3,0.44484835987762067,True,True
OWWOWOOW,OWOOWOOW,-0.2766825993694751,0.6515272739653424,3,-0.03766674552838239,False,False
OWWOWOOW,OWWOOOOW,-0.6863970124818435,1.0581257930359946,3,-0.13874025791190844,False,False
OWWOWOOW,OWWOWOOO,0.4027037552296185,0.49204463308681684,3,0.09075283326612121,True,True
OWWOWOWO,OOWOWOWO,0.6025408982822806,1.1225945235305983,3,0.1048497371070517,True,True
OWWOWOWO,OWOOWOWO,-0.2643599167896229,2.0958224835238424,3,-0.01305147016251944,False,False
OWWOWOWO,OWWOOOWO,0.048849363255052104,1.7683559996512432,3,0.0005475527170480971,True,True
OWWOWOWO,OWWOWOOO,1.14197986022268,1.7823056772583319,3,0.23517092800447728,True,True
OWWOWOWW,OOWOWOWW,0.05677273354639497,0.8467557457838931,3,0.0014358819214740574,True,True
OWWOWOWW,OWOOWOWW,-0.22687215588937462,1.1428448822268469,3,-0.016520104529380138,False,False
OWWOWOWW,OWWOOOWW,-1.8321942280049646,1.238864280106052,3,-0.6860975586156096,False,False
OWWOWOWW,OWWOWOOW,1.5063143280972913,0.8034160092548523,3,0.6418114074676514,True,True
OWWOWOWW,OWWOWOWO,0.7670382231042298,0.7476803751567446,3,0.2146669365165177,True,True
OWWOWWOO,OOWOWWOO,-0.5343415594601023,0.6867006527429542,3,-0.12028412408847386,False,False
OWWOWWOO,OWOOWWOO,-0.07728111531308772,0.6844241226233809,3,-0.0031536716955587957,False,False
OWWOWWOO,OWWOOWOO,0.2638510551651503,2.252127284178101,3,0.012182880253525215,True,True
OWWOWWOO,OWWOWOOO,-0.055603362629007634,0.7413359723886643,3,-0.0015454182961253682,False,False
OWWOWWOW,OOWOWWOW,-0.8576773416620854,0.8269372012319984,3,-0.24400415668524855,False,False
OWWOWWOW,OWOOWWOW,-1.6794239386030838,1.2864605407891578,3,-0.5788105600475432,False,False
OWWOWWOW,OWWOOWOW,-1.251235410159894,1.4641827350670944,3,-0.31938461677422075,False,False
OWWOWWOW,OWWOWOOW,-1.2288429680869042,0.7160012656259531,3,-0.4902707402129976,False,False
OWWOWWOW,OWWOWWOO,-0.7705358502282781,0.9859949070748624,3,-0.17943804301179353,False,False
OWWOWWWO,OOWOWWWO,0.6658586190820369,0.7204378712880669,3,0.17183131087737963,True,True
OWWOWWWO,OWOOWWWO,0.8212675816185895,0.4817899959743798,3,0.3139781886308343,True,True
OWWOWWWO,OWWOOWWO,-1.5053693931599914,3.995029498304772,3,-0.20467292270779516,False,False
OWWOWWWO,OWWOWOWO,1.0269034547216378,0.9023395213356439,3,0.3145602415030062,True,True
OWWOWWWO,OWWOWWOO,2.2244866775733256,0.5741914883045702,3,1.409027086129786,True,True
OWWOWWWW,OOWOWWWW,-0.4893740604773836,1.1905653744376241,3,-0.06832895896519771,False,False
OWWOWWWW,OWOOWWWW,-0.30154914143698675,0.7729150040768197,3,-0.038859975833961266,False,False
OWWOWWWW,OWWOOWWW,-3.3157393044994223,1.4559737207769998,3,-1.6435438012290806,False,False
OWWOWWWW,OWWOWOWW,-1.785716033304638,0.45581746707336424,3,-1.1153014216081194,False,False
OWWOWWWW,OWWOWWOW,0.949441262879558,0.6269077794780832,3,0.3445381198244526,True,True
OWWOWWWW,OWWOWWWO,-2.045581264922046,1.4757702624264988,3,-0.7392276241902678,False,False
OWWWOOOO,OOWWOOOO,-0.7878551443274023,2.907441380097212,3,-0.07961161344754741,False,False
OWWWOOOO,OWOWOOOO,-1.5714092875560046,3.2358544673365213,3,-0.2634189617648051,False,False
OWWWOOOO,OWWOOOOO,-0.574361565736596,3.4485734869800924,3,-0.037421201122188476,False,False
OWWWOOOW,OOWWOOOW,-0.6016127775465341,1.5131206981636933,3,-0.08281477006444972,False,False
OWWWOOOW,OWOWOOOW,-1.355920555671817,0.7645279895705308,3,-0.5554686592917393,False,False
OWWWOOOW,OWWOOOOW,-1.1365820411304117,0.5906855712660655,3,-0.48023065928833764,False,False
OWWWOOOW,OWWWOOOO,1.0799317180537835,2.5842950903319717,3,0.15858314152876357,True,True
OWWWOOWO,OOWWOOWO,-0.36083796112763,1.4309323797726148,3,-0.03316548435318164,False,False
OWWWOOWO,OWOWOOWO,-2.2144687277808917,0.989869995957623,3,-1.0667314280917626,False,False
OWWWOOWO,OWWOOOWO,-1.0140191362941773,0.6066470748539188,3,-0.3919123779418337,False,False
OWWWOOWO,OWWWOOOO,1.2065243521461841,4.180173875254543,3,0.1301232440928894,True,True
OWWWOOWW,OOWWOOWW,0.617791854720775,0.8519511601718917,3,0.13419297302667368,True,True
OWWWOOWW,OWOWOOWW,-1.0755262472141844,0.7150530476852666,3,-0.3930069937181656,False,False
OWWWOOWW,OWWOOOWW,-2.4023991118862518,1.9639509630422616,3,-0.8054124356657129,False,False
OWWWOOWW,OWWWOOOW,1.3862944728645725,0.8476574987860959,3,0.5426518172994268,True,True
OWWWOOWW,OWWWOOWO,1.259701838772172,1.2506485561599703,3,0.36047180523582245,True,True
OWWWOWOO,OOWWOWOO,0.9499646116152155,0.8510255995296341,3,0.28573764513710276,True,True
OWWWOWOO,OWOWOWOO,-0.923071937959468,0.4272866050266631,3,-0.40562424499938543,False,False
OWWWOWOO,OWWOOWOO,0.6154684112874161,2.028463022654727,3,0.06789056343335127,True,True
OWWWOWOO,OWWWOOOO,1.4234269849659917,3.1442548022349492,3,0.2248819410257918,True,True
OWWWOWOW,OOWWOWOW,0.048890733209960624,1.0408843595774577,3,0.0008909478868117838,True,True
OWWWOWOW,OWOWOWOW,-0.8365564196898171,1.1509102439590675,3,-0.18604462610681238,False,False
OWWWOWOW,OWWOOWOW,-0.730530071996133,1.8071284930603624,3,-0.10288684894831726,False,False
OWWWOWOW,OWWWOOOW,-0.25795260127457514,1.553817594727247,3,-0.01623762066431778,False,False
OWWWOWOW,OWWWOWOO,-0.6014478681867831,0.9130567669731559,3,-0.12173636509348844,False,False
OWWWOWWO,OOWWOWWO,-0.44438601398559746,2.383647216453912,3,-0.03176742021446735,False,False
OWWWOWWO,OWOWOWWO,-1.6315597247274563,2.390289795250763,3,-0.35705419078077816,False,False
OWWWOWWO,OWWOOWWO,-2.2876641545874046,1.7696781040014606,3,-0.7939314149781923,False,False
OWWWOWWO,OWWWOOWO,1.3074771928434539,1.7189488575201424,3,0.307554816708161,True,True
OWWWOWWO,OWWWOWOO,1.0905745600236467,2.8887462639342365,3,0.14733533195798798,True,True
OWWWOWWW,OOWWOWWW,0.8708588505577982,1.3446059797957042,3,0.1784292079888793,True,True
OWWWOWWW,OWOWOWWW,0.09481654739050367,2.2736545831723247,3,0.0016128799313796117,True,True
OWWWOWWW,OWWOOWWW,-1.7606675789892936,1.331761525834114,3,-0.6131534943466572,False,False
OWWWOWWW,OWWWOOWW,0.33956057608677853,1.5711092677531209,3,0.027278910134224784,True,True
OWWWOWWW,OWWWOWOW,1.983807650225926,1.5410101471107522,3,0.6827768293904328,True,True
OWWWOWWW,OWWWOWWO,0.2917852220154966,3.7601225068698545,3,0.009234011780276686,True,True
OWWWWOOO,OOWWWOOO,-0.25982610465643824,0.8236491153139454,3,-0.02797083888334545,False,False
OWWWWOOO,OWOWWOOO,-0.7499133004434572,0.2491922315488399,3,-0.373437941048686,False,False
OWWWWOOO,OWWOWOOO,-0.22170688880817155,1.5529830791029666,3,-0.012118730766065624,False,False
OWWWWOOO,OWWWOOOO,0.9057061026645618,3.4774046116945154,3,0.08876952471490439,True,True
OWWWWOOW,OOWWWOOW,0.7926438064425767,1.033872970900672,3,0.18247325667339248,True,True
OWWWWOOW,OWOWWOOW,-1.3224999625685705,0.42617435415819854,3,-0.7217288713562368,False,False
OWWWWOOW,OWWOWOOW,-0.5199023958271826,0.13897313762534586,3,-0.26089818215837546,False,False
OWWWWOOW,OWWWOOOW,-0.06971736717861439,0.5751566369794885,3,-0.0029754170775825673,False,False
OWWWWOOW,OWWWWOOO,0.10450824821060749,1.1667433649087506,3,0.003598063614354396,True,True
OWWWWOWO,OOWWWOWO,0.7386416214573109,1.8744869284687404,3,0.10194444214493965,True,True
OWWWWOWO,OWOWWOWO,-0.8453686293943692,1.6244513322422056,3,-0.14646159961679767,False,False
OWWWWOWO,OWWOWOWO,0.18301202311724185,0.38280708015420506,3,0.02554529791591084,True,True
OWWWWOWO,OWWWOOWO,1.2458805226664713,0.895467442023482,3,0.43915073825854967,True,True
OWWWWOWO,OWWWWOOO,1.5466987721480934,0.38945279357788726,3,0.9575601132098981,True,True
OWWWWOWW,OOWWWOWW,-0.13846685163487804,2.064218438334958,3,-0.003729396099006633,False,False
OWWWWOWW,OWOWWOWW,-1.2450099086943058,2.8134776971434534,3,-0.19238355448738162,False,False
OWWWWOWW,OWWOWOWW,-1.042551548050658,1.3247261114799456,3,-0.24863461832929432,False,False
OWWWWOWW,OWWWOOWW,-0.4723466641693707,0.8977785844095417,3,-0.07950546518662212,False,False
OWWWWOWW,OWWWWOOW,0.9836651758738162,1.9723341600582147,3,0.16593789147052687,True,True
OWWWWOWW,OWWWWOWO,-0.45852534806366996,0.7642716291001439,3,-0.08475517196841668,False,False
OWWWWWOO,OOWWWWOO,0.24428034789138967,1.2531046044468341,3,0.017607291945128486,True,True
OWWWWWOO,OWOWWWOO,-1.2499216408476304,0.4049153450495132,3,-0.6762303682368803,False,False
OWWWWWOO,OWWOWWOO,0.6274211167428748,0.7299444987075215,3,0.15341667778421883,True,True
OWWWWWOO,OWWWOWOO,0.27580376062060896,0.44389691171952983,3,0.049131322940560114,True,True
OWWWWWOO,OWWWWOOO,0.7935246429220387,1.1961287076497302,3,0.16459773607675485,True,True
OWWWWWOW,OOWWWWOW,0.17169334942051553,0.49206293018651104,3,0.018987039355020056,True,True
OWWWWWOW,OWOWWWOW,-1.0981784985427414,0.55197579523824,3,-0.47094821003930704,False,False
OWWWWWOW,OWWOWWOW,0.9158934815307168,0.9809950788537908,3,0.24411319236890167,True,True
OWWWWWOW,OWWWOWOW,0.39518814336695596,1.15141758495355,3,0.0471014348814813,True,True
OWWWWWOW,OWWWWOOW,0.2069529092709952,0.17039303377103218,3,0.0510837878556849,True,True
OWWWWWOW,OWWWWWOO,-0.48206348544043603,0.697643399336871,3,-0.09896846790398466,False,False
OWWWWWWO,OOWWWWWO,0.022550759206417175,0.8328898790814877,3,0.0002339264215944602,True,True
OWWWWWWO,OWOWWWWO,-0.9518288362908461,1.0625585734597223,3,-0.24725631107631232,False,False
OWWWWWWO,OWWOWWWO,-1.329322387900541,1.5493949861195064,3,-0.3412432097327753,False,False
OWWWWWWO,OWWWOWWO,-0.5470276264731279,1.993477932981765,3,-0.05515061350262619,False,False
OWWWWWWO,OWWWWOWO,-0.485430956296145,1.1296572132137896,3,-0.07014593312738569,False,False
OWWWWWWO,OWWWWWOO,0.26774317292990985,0.6069628829165998,3,0.03734402827926821,True,True
OWWWWWWW,OOWWWWWW,0.8845275851004254,0.4705900786493122,3,0.3596258270505523,True,True
OWWWWWWW,OWOWWWWW,-0.8790143349791935,0.5964101986265213,3,-0.31163913369554364,False,False
OWWWWWWW,OWWOWWWW,0.2185459478739705,1.4309982923082518,3,0.01266478631575713,True,True
OWWWWWWW,OWWWOWWW,-1.3365257776361588,0.5257288102942422,3,-0.6634102331808803,False,False
OWWWWWWW,OWWWWOWW,-0.5246185373800093,1.9732453856779593,3,-0.05139461772619537,False,False
OWWWWWWW,OWWWWWOW,0.25209372922281154,0.2073879037069653,3,0.06556934214619466,True,True
OWWWWWWW,OWWWWWWO,-0.49771292914753423,1.3961396124123575,3,-0.062075211728579674,False,False
WOOOOOOO,OOOOOOOO,0.5266764360308721,0.3426317231509631,3,0.17929084059042982,True,True
WOOOOOOW,OOOOOOOW,0.13749204943129523,1.8036228140497537,3,0.004164159044898968,True,True
WOOOOOOW,WOOOOOOO,0.6063840289961918,1.3993527965149042,3,0.08944180084678795,True,True
WOOOOOWO,OOOOOOWO,1.46103470019799,1.7492753732250559,3,0.36944759215183015,True,True
WOOOOOWO,WOOOOOOO,1.6688677657433901,0.869494547268252,3,0.7256054537449155,True,True
WOOOOOWW,OOOOOOWW,0.854488913870223,1.4426500673264737,3,0.1635712169298409,True,True
WOOOOOWW,WOOOOOOW,3.3996037354848134,3.414131094914091,3,0.9991257230285734,True,True
WOOOOOWW,WOOOOOWO,2.3371199987376152,2.1168377983657,3,0.7307124489413354,True,True
WOOOOWOO,OOOOOWOO,1.0646445610775201,0.6120931678256274,3,0.42275598857327534,True,True
WOOOOWOO,WOOOOOOO,1.1532212365967311,0.5731756659859785,3,0.49988306524530696,True,True
WOOOOWOW,OOOOOWOW,0.6814864871053037,0.9571126052568347,3,0.14725437146746054,True,True
WOOOOWOW,WOOOOOOW,-0.2454861984582689,0.38029679689049983,3,-0.0440149630809083,False,False
WOOOOWOW,WOOOOWOO,-0.7923234060588081,1.6125029742995918,3,-0.13084927422855977,False,False
WOOOOWWO,OOOOOWWO,1.8867002008440006,1.809641298043116,3,0.5630167616551175,True,True
WOOOOWWO,WOOOOOWO,2.846995256221748,2.301165185125896,3,0.9667970707001543,True,True
WOOOOWWO,WOOOOWOO,3.362641785368407,1.9106152109081698,3,1.4355408617871381,True,True
WOOOOWWW,OOOOOWWW,0.8932863934346096,1.3692652734049227,3,0.18426810064809315,True,True
WOOOOWWW,WOOOOOWW,-0.8246979565753071,1.9890491946656417,3,-0.11917148938185747,False,False
WOOOOWWW,WOOOOWOW,2.8203919773677755,2.618878476417085,3,0.8716781663346316,True,True
WOOOOWWW,WOOOOWWO,-1.33457321405944,1.058271000705737,3,-0.44425934540776785,False,False
WOOOWOOO,OOOOWOOO,-1.5080168937644436,2.49949575801499,3,-0.2996275700977135,False,False
WOOOWOOO,WOOOOOOO,-2.374594292809766,1.136848821708127,3,-1.1050510755910234,False,False
WOOOWOOW,OOOOWOOW,0.27120578758775776,0.9646853974704621,3,0.02672727247486708,True,True
WOOOWOOW,WOOOOOOW,-0.1416751046449242,0.8592714468958093,3,-0.0084756731490337,False,False
WOOOWOOW,WOOOWOOO,2.8393032171610333,0.9796097697202846,3,1.5897225061828433,True,True
WOOOWOWO,OOOOWOWO,0.8071343536883369,0.6025708448326845,3,0.26813166831744706,True,True
WOOOWOWO,WOOOOOWO,-0.41026425769956204,0.7915731061953345,3,-0.06744735053585627,False,False
WOOOWOWO,WOOOWOOO,3.633197800853594,1.0100970532973175,3,2.2915275101133137,True,True
WOOOWOWW,OOOOWOWW,1.0248721233246647,0.6268108427092047,3,0.3915361086647885,True,True
WOOOWOWW,WOOOOOWW,-1.4029113784655183,1.729022522341336,3,-0.34686060252700923,False,False
WOOOWOWW,WOOOWOOW,2.138367461664219,1.151371975952893,3,0.9254424375705445,True,True
WOOOWOWW,WOOOWOWO,1.3444728779716586,0.4061217534962825,3,0.7570139159727184,True,True
WOOOWWOO,OOOOWWOO,-0.22473439446134116,0.15232140353268328,3,-0.062164924021199414,False,False
WOOOWWOO,WOOOOWOO,-0.7983208520491107,0.8183498875740544,3,-0.2168868731042661,False,False
WOOOWWOO,WOOOWOOO,2.7294946773573856,1.5153097215877374,3,1.172903229408236,True,True
WOOOWWOW,OOOOWWOW,0.10615114795062992,1.9862134327618497,3,0.002287986055352738,True,True
WOOOWWOW,WOOOOWOW,0.0010260745650948107,1.461620760399244,3,2.927008223685539e-07,True,True
WOOOWWOW,WOOOWOOW,-0.10278501924824994,1.2122337748599996,3,-0.003366311807143198,False,False
WOOOWWOW,WOOOWWOO,0.0070235205553974,0.5405650155024155,3,3.326294448749516e-05,True,True
WOOOWWWO,OOOOWWWO,1.3028516802290804,0.4646934235940454,3,0.6767772094459839,True,True
WOOOWWWO,WOOOOWWO,-2.2671693605510193,1.4866357374147783,3,-0.8737954446871248,False,False
WOOOWWWO,WOOOWOWO,0.9900901533702905,0.5245587917442502,3,0.40841692783031114,True,True
WOOOWWWO,WOOOWWOO,1.8937932768664985,1.5257544873956486,3,0.6352386809124535,True,True
WOOOWWWW,OOOOWWWW,0.6582142115605082,0.3638936537203517,3,0.2525016183697032,True,True
WOOOWWWW,WOOOOWWW,-2.021660930755229,1.6028736608996967,3,-0.6871414928119938,False,False
WOOOWWWW,WOOOWOWW,-1.4434475088650178,0.9010287151325851,3,-0.5596813004379301,False,False
WOOOWWWW,WOOOWWOW,0.7977049720474514,0.9574117096098835,3,0.1947414136990705,True,True
WOOOWWWW,WOOOWWWO,-1.0890647842636498,1.0970567433202534,3,-0.3060104064108447,False,False
WOOWOOOO,OOOWOOOO,-2.154134290290275,2.9876949585569297,3,-0.4951244947506374,False,False
WOOWOOOO,WOOOOOOO,-0.29316069020544794,0.6389197353139164,3,-0.0425423874231103,False,False
WOOWOOOW,OOOWOOOW,-0.20767566784771105,0.7390234752611843,3,-0.019946781953279733,False,False
WOOWOOOW,WOOOOOOW,-0.3669140623226981,1.4330537471436435,3,-0.03419230388564786,False,False
WOOWOOOW,WOOWOOOO,0.5326306568789416,0.8420817850069935,3,0.1036599059770213,True,True
WOOWOOWO,OOOWOOWO,-0.3152162553453734,0.9017967824533143,3,-0.03745098255739645,False,False
WOOWOOWO,WOOOOOWO,-0.8049469483662656,0.4475043997141221,3,-0.31613006511161074,False,False
WOOWOOWO,WOOWOOOO,1.1570815075825727,1.2223696995948112,3,0.3158863489681789,True,True
WOOWOOWW,OOOWOOWW,1.569815596256005,1.1290774738885578,3,0.5610631576992458,True,True
WOOWOOWW,WOOOOOWW,-1.3888967651642934,1.4788522017984849,3,-0.38067672181402606,False,False
WOOWOOWW,WOOWOOOW,2.3776210326432183,1.415181641353853,3,0.9743436076577487,True,True
WOOWOOWW,WOOWOOWO,1.7531701819395875,1.1684841179812557,3,0.6608745799133445,True,True
WOOWOWOO,OOOWOWOO,0.3169577189885572,0.6462239413828604,3,0.04872854024335252,True,True
WOOWOWOO,WOOOOWOO,-1.185507885232882,0.5714108275570561,3,-0.523762780276155,False,False
WOOWOWOO,WOOWOOOO,0.260874041569297,1.7730781565232674,3,0.01477298066117684,True,True
WOOWOWOW,OOOWOWOW,0.09523381382386671,1.0533431536906204,3,0.0032814503117606954,True,True
WOOWOWOW,WOOOOWOW,-0.35013046276676724,0.4279912474053239,3,-0.07735361983418276,False,False
WOOWOWOW,WOOWOOOW,-0.22870259890233813,0.7332548928723392,3,-0.02408907563024767,False,False
WOOWOWOW,WOOWOWOO,0.04305401640730655,1.7314383151879895,3,0.00043447411090184854,True,True
WOOWOWWO,OOOWOWWO,0.7186600071125012,1.4430520098862154,3,0.11933833864558441,True,True
WOOWOWWO,WOOOOWWO,-1.29870761012237,1.125478885057496,3,-0.40755471579031155,False,False
WOOWOWWO,WOOWOOWO,2.3532345944656434,0.9893535516314415,3,1.1759494853269068,True,True
WOOWOWWO,WOOWOWOO,3.2494420604789194,0.30755416514690426,3,3.0965206401536727,True,True
WOOWOWWW,OOOWOWWW,-0.07649144095515514,1.4651985190881296,3,-0.0015850337546631183,False,False
WOOWOWWW,WOOOOWWW,-2.5660782945982583,2.227886856215309,3,-0.8280709105844636,False,False
WOOWOWWW,WOOWOOWW,-2.0018794860092717,1.9661223253251328,3,-0.5890032062937025,False,False
WOOWOWWW,WOOWOWOW,0.6044441455362847,0.8949302749561965,3,0.12461069366801383,True,True
WOOWOWWW,WOOWOWWO,-2.601943898535328,1.8056560251242355,3,-0.9728690367288625,False,False
WOOWWOOO,OOOWWOOO,-0.009019286990944253,0.10118446322623145,3,-0.0001717815323147962,False,False
WOOWWOOO,WOOOWOOO,2.464859928161666,1.065099006330718,3,1.2165042084282987,True,True
WOOWWOOO,WOOWOOOO,0.38342632555734807,0.2961167121889132,3,0.11273383166729344,True,True
WOOWWOOW,OOOWWOOW,0.5441318574926685,1.382529453525564,3,0.07388105188001153,True,True
WOOWWOOW,WOOOWOOW,0.12940662402731165,1.0548044280880686,3,0.005969263925015716,True,True
WOOWWOOW,WOOWOOOW,0.3546455817050855,1.1898305048917321,3,0.03741330676751382,True,True
WOOWWOOW,WOOWWOOO,0.503849913026679,0.884080401980692,3,0.09046726424958322,True,True
WOOWWOWO,OOOWWOWO,-0.7914087258231223,3.4328131544438563,3,-0.06947563613524863,False,False
WOOWWOWO,WOOOWOWO,-1.5443699592710385,3.320296195409058,3,-0.24991972683835934,False,False
WOOWWOWO,WOOWOOWO,-1.1496872686043356,3.278153669149199,3,-0.14625374136420247,False,False
WOOWWOWO,WOOWWOOO,-0.3760320865791111,4.205127897718261,3,-0.013675319014270689,False,False
WOOWWOWW,OOOWWOWW,-0.4862253879693812,1.3098595355681149,3,-0.06256842571131238,False,False
WOOWWOWW,WOOOWOWW,-1.655535685803092,0.4492301539651591,3,-0.9992947472122108,False,False
WOOWWOWW,WOOWOOWW,-1.6695502991043174,1.4517130943201728,3,-0.5296060847315598,False,False
WOOWWOWW,WOOWWOOW,0.35342515183381557,1.6168220952085357,3,0.028732376947677402,True,True
WOOWWOWW,WOOWWOWO,1.2333071514396055,3.467763245120408,3,0.15902514847488966,True,True
WOOWWWOO,OOOWWWOO,0.7895043854814263,0.9291221823359458,3,0.1952259537581883,True,True
WOOWWWOO,WOOOWWOO,0.9199003006958734,0.7526715311155915,3,0.2923646274471494,True,True
WOOWWWOO,WOOWOWOO,1.3070873338796447,2.131765756500116,3,0.26169708461676505,True,True
WOOWWWOO,WOOWWOOO,1.1845350498915936,0.9123064126145085,3,0.3985803240225891,True,True
WOOWWWOW,OOOWWWOW,0.5222918550803192,1.3525902662462865,3,0.0696727142168992,True,True
WOOWWWOW,WOOOWWOW,0.8536612985520446,0.451914473782446,3,0.34657153042013245,True,True
WOOWWWOW,WOOWOWOW,1.2048178358839066,1.4063532029397272,3,0.3075057784481647,True,True
WOOWWWOW,WOOWWOOW,0.621469655276483,0.5503364302373116,3,0.18102343120618436,True,True
WOOWWWOW,WOOWWWOO,-0.05921548158843137,0.7186611698226675,3,-0.001795964501064753,False,False
WOOWWWWO,OOOWWWWO,0.5610369724426773,1.2508749960570742,3,0.08463395817632499,True,True
WOOWWWWO,WOOOWWWO,-0.4177247353142934,0.5024252798811938,3,-0.09555906646624474,False,False
WOOWWWWO,WOOWOWWO,-1.386186485742943,0.6462775504606071,3,-0.6320751687746496,False,False
WOOWWWWO,WOOWWOWO,2.116735377327036,3.257252954627888,3,0.44942483757192153,True,True
WOOWWWWO,WOOWWWOO,0.5561682408563317,1.7973143949168084,3,0.0620926729695835,True,True
WOOWWWWW,OOOWWWWW,-0.7962293776905938,1.1974869496230836,3,-0.16546828189844506,False,False
WOOWWWWW,WOOOWWWW,-1.1115964990615883,0.875757779633731,3,-0.3671093501715751,False,False
WOOWWWWW,WOOWOWWW,-0.5671791352185594,1.2194427082646542,3,-0.08807969871138721,False,False
WOOWWWWW,WOOWWOWW,-0.899508322123514,0.6953192233191868,3,-0.2955640731885865,False,False
WOOWWWWW,WOOWWWOW,-1.1675528255661816,2.0989877493511995,3,-0.2159517886472965,False,False
WOOWWWWW,WOOWWWWO,-1.7829365480109445,0.2114281616809588,3,-1.475726648342552,False,False
WOWOOOOO,OOWOOOOO,0.10824123499148024,1.5477972257404262,3,0.002990733059605361,True,True
WOWOOOOO,WOOOOOOO,-0.5468778625479844,1.1557496646406116,3,-0.08586142560481443,False,False
WOWOOOOW,OOWOOOOW,-0.6311743619143279,1.0698537457550283,3,-0.11827508245525982,False,False
WOWOOOOW,WOOOOOOW,-1.5391630981083686,2.2934538798609854,3,-0.33193065976294367,False,False
WOWOOOOW,WOWOOOOO,-0.3859012065641923,0.4477470795373956,3,-0.08937596730251711,False,False
WOWOOOWO,OOWOOOWO,1.3636749828755794,1.9012364908977992,3,0.30774766503746054,True,True
WOWOOOWO,WOOOOOWO,-0.017957279112421398,1.4149584371808246,3,-9.189743022498273e-05,False,False
WOWOOOWO,WOWOOOOO,2.1977883491789534,1.0772146046176359,3,1.0053090849618351,True,True
WOWOOOWW,OOWOOOWW,1.830451245680636,0.9429867401801478,3,0.8056237696561264,True,True
WOWOOOWW,WOOOOOWW,-1.1625822681733078,0.6226832070862311,3,-0.48412779927398236,False,False
WOWOOOWW,WOWOOOOW,3.7761845654198747,1.5950632891750343,3,1.9217021042130529,True,True
WOWOOOWW,WOWOOOWO,1.1924950096767288,0.8533365311615989,3,0.4201748884716915,True,True
WOWOOWOO,OOWOOWOO,-1.8789622807676725,3.1003260955258205,3,-0.3769360636071456,False,False
WOWOOWOO,WOOOOWOO,-2.4378370130031684,3.0028414365201064,3,-0.613855561455838,False,False
WOWOOWOO,WOWOOOOO,-0.7377379138584529,2.4161632217210034,3,-0.08237990505105382,False,False
WOWOOWOW,OOWOOWOW,0.40489599732626225,1.6365023668527936,3,0.036854478690505565,True,True
WOWOOWOW,WOOOOWOW,-0.2501745975182123,0.2422693445957054,3,-0.059611417926385246,False,False
WOWOOWOW,WOWOOOOW,1.0435023021318874,1.8602677326091857,3,0.19341449711612552,True,True
WOWOOWOW,WOWOOWOO,1.395339009426148,4.352599304040043,3,0.16519302546581474,True,True
WOWOOWWO,OOWOOWWO,2.4620440326555415,1.344788844027041,3,1.0636533811484508,True,True
WOWOOWWO,WOOOOWWO,-0.3179339815034421,1.732477294350069,3,-0.022090983467832306,False,False
WOWOOWWO,WOWOOOWO,2.547018553830727,1.4163071229403943,3,1.0903645259241304,True,True
WOWOOWWO,WOWOOWOO,5.482544816868134,4.677133520892015,3,1.8200204736402903,True,True
WOWOOWWW,OOWOOWWW,-0.8735342111302474,3.6671204265202997,3,-0.07911577085001713,False,False
WOWOOWWW,WOOOOWWW,-1.5460140617575544,1.3556093326822574,3,-0.48592979803380226,False,False
WOWOOWWW,WOWOOOWW,-1.2081297501595538,2.1906167112034405,3,-0.22224760614920527,False,False
WOWOOWWW,WOWOOWOW,1.5245525131284332,3.847603868727916,3,0.21621955974516763,True,True
WOWOOWWW,WOWOOWWO,-2.5626532943135523,3.1221570260085163,3,-0.6512789153925523,False,False
WOWOWOOO,OOWOWOOO,-0.3208183905082379,0.6540463256960186,3,-0.049391845159915126,False,False
WOWOWOOO,WOOOWOOO,2.30327206125226,1.8522099096447704,3,0.7794784947168082,True,True
WOWOWOOO,WOWOOOOO,0.4755556309904785,1.7374802886390799,3,0.04753639256624795,True,True
WOWOWOOW,OOWOWOOW,0.18629006936709827,0.8518453952207198,3,0.014461240376973992,True,True
WOWOWOOW,WOOOWOOW,-1.1811667029166106,1.3789559278622343,3,-0.3011342288179891,False,False
WOWOWOOW,WOWOOOOW,0.2163212905468337,0.639788506901812,3,0.024098232551209648,True,True
WOWOWOOW,WOWOWOOO,-0.6451355470078372,1.2789851753995514,3,-0.10752913738886151,False,False
WOWOWOWO,OOWOWOWO,1.3577169421716,0.9126896123839829,3,0.5014679790222397,True,True
WOWOWOWO,WOOOWOWO,0.32324434781522987,0.1496340446315208,3,0.1166131876578257,True,True
WOWOWOWO,WOWOOOWO,-0.06906263077191073,0.9918603298227137,3,-0.0018395738840764082,False,False
WOWOWOWO,WOWOWOOO,1.653170087416564,1.405508561888593,3,0.5320268595526808,True,True
WOWOWOWW,OOWOWOWW,-0.24240400136280316,0.730029028681855,3,-0.02697396585868432,False,False
WOWOWOWW,WOOOWOWW,-1.3085430858507163,0.180914159515872,3,-0.9849079549490521,False,False
WOWOWOWW,WOWOOOWW,-1.5488721961429273,1.4147625341893595,3,-0.47378827882160424,False,False
WOWOWOWW,WOWOWOOW,2.0109910787301137,1.1452909488145004,3,0.8394906002030377,True,True
WOWOWOWW,WOWOWOWO,-0.2873145556942876,0.3048396744239793,3,-0.0669212518719978,False,False
WOWOWWOO,OOWOWWOO,-0.36379041157764713,0.8209799746205017,3,-0.052595118958030374,False,False
WOWOWWOO,WOOOWWOO,-0.5552606475471142,0.9475768577652135,3,-0.10255864070991363,False,False
WOWOWWOO,WOWOOWOO,1.0842555134069434,2.3923429312574327,3,0.1700789057510313,True,True
WOWOWWOO,WOWOWOOO,-0.12903803144198797,1.342479482623977,3,-0.004801451063946829,False,False
WOWOWWOW,OOWOWWOW,-0.5318832905400417,1.1541152697864367,3,-0.08166730113039466,False,False
WOWOWWOW,WOOOWWOW,-1.177577115091201,1.9652317038746554,3,-0.23074925270619118,False,False
WOWOWWOW,WOWOOWOW,-0.9263764430078941,2.145115851941159,3,-0.13897953725353052,False,False
WOWOWWOW,WOWOWOOW,-0.09919543142284033,1.2313375031231228,3,-0.0030958591393824607,False,False
WOWOWWOW,WOWOWWOO,-0.6152929469886895,1.3694232645925133,3,-0.09346301842531818,False,False
WOWOWWWO,OOWOWWWO,1.4342997525460799,2.2243211103868203,3,0.299384820207266,True,True
WOWOWWWO,WOOOWWWO,0.37332273874130056,1.9794648343104668,3,0.026770360129645003,True,True
WOWOWWWO,WOWOOWWO,-1.5759126403062769,2.749365406558689,3,-0.3013025449946497,False,False
WOWOWWWO,WOWOWOWO,1.0401685442963613,2.0517257435664784,3,0.178140912199426,True,True
WOWOWWWO,WOWOWWOO,2.822376663154913,1.6775851610531884,3,1.165426528438417,True,True
WOWOWWWW,OOWOWWWW,0.031391368683079346,1.0232919987175875,3,0.0003757623643403377,True,True
WOWOWWWW,WOOOWWWW,-0.8308694462206753,0.8308392090039906,3,-0.23020020651438627,False,False
WOWOWWWW,WOWOOWWW,-1.30651631521835,2.593917277875729,3,-0.2243586527493206,False,False
WOWOWWWW,WOWOWOWW,-0.9657738692349768,0.10082189020298472,3,-0.7379568366647157,False,False
WOWOWWWW,WOWOWWOW,1.1444126409179773,0.7592137806729312,3,0.42081828490468826,True,True
WOWOWWWW,WOWOWWWO,-2.2932569692256255,2.084073288115031,3,-0.7149272694235022,False,False
WOWWOOOO,OOWWOOOO,-2.258667312549393,1.603371494396507,3,-0.8280485550269515,False,False
WOWWOOOO,WOOWOOOO,-2.6203725177422172,2.0821844358962274,3,-0.8976900208322491,False,False
WOWWOOOO,WOWOOOOO,-2.3666553453996806,0.8877795914049335,3,-1.2565977216692938,False,False
WOWWOOOW,OOWWOOOW,-1.1987749045942355,1.0419677644590537,3,-0.3736579305025009,False,False
WOWWOOOW,WOOWOOOW,-1.1994214153930864,1.5346718734102471,3,-0.28664198966035626,False,False
WOWWOOOW,WOWOOOOW,-0.02717237960741577,1.4113414458745859,3,-0.00021028191049957812,False,False
WOWWOOOW,WOWWOOOO,1.9535817592280724,2.027601638251274,3,0.5526600652466812,True,True
WOWWOOWO,OOWWOOWO,0.37763320004729123,0.14120318651156394,3,0.1545247867456387,True,True
WOWWOOWO,WOOWOOWO,-0.3616463437816941,1.1571113505978368,3,-0.03971169717563984,False,False
WOWWOOWO,WOWOOOWO,-1.1486360130355382,1.7343824493641564,3,-0.24255293516505175,False,False
WOWWOOWO,WOWWOOOO,3.415807681543096,1.6901656497778101,3,1.583598225341326,True,True
WOWWOOWW,OOWWOOWW,0.9874863802156087,0.3250521155005294,3,0.5150315305121194,True,True
WOWWOOWW,WOOWOOWW,-1.223891322629197,1.6449531733922869,3,-0.2824786132071682,False,False
WOWWOOWW,WOWOOOWW,-1.4502058196201826,2.2071606472023393,3,-0.30716188734049754,False,False
WOWWOOWW,WOWWOOOW,2.353151125407108,1.1748043186560253,3,1.0688445830611342,True,True
WOWWOOWW,WOWWOOWO,0.8909252030920843,0.3773492454314151,3,0.40745303869489785,True,True
WOWWOWOO,OOWWOWOO,0.19078188829065246,1.1231733986585273,3,0.012009271257744024,True,True
WOWWOWOO,WOOWOWOO,-0.7461901294480953,1.2075668316174997,3,-0.14631680565177374,False,False
WOWWOWOO,WOWOOWOO,0.506138998322191,3.067300832933241,3,0.032587058791147344,True,True
WOWWOWOO,WOWWOOOO,2.1350564298634187,1.6230840348147275,3,0.7474225705317836,True,True
WOWWOWOW,OOWWOWOW,-0.6105037880134097,0.8235489603957488,3,-0.13454305026662544,False,False
WOWWOWOW,WOOWOWOW,-1.2909038119409921,1.2577216356811503,3,-0.3746329483288898,False,False
WOWWOWOW,WOWOOWOW,-1.3908596771895472,1.578245431694067,3,-0.36462261075151936,False,False
WOWWOWOW,WOWWOOOW,-0.320184995450244,1.398319200920869,3,-0.026930747973614336,False,False
WOWWOWOW,WOWWOWOO,-0.5016596660855902,0.8730589489430975,3,-0.09058469152159172,False,False
WOWWOWWO,OOWWOWWO,0.8638700504021024,1.4129930004472755,3,0.1694630040148237,True,True
WOWWOWWO,WOOWOWWO,-0.8376188421911048,0.8008682550409045,3,-0.23914871338094826,False,False
WOWWOWWO,WOWOOWWO,-1.8183924708100327,0.9150743653526276,3,-0.8106762288887472,False,False
WOWWOWWO,WOWWOOWO,1.877262096056233,1.9655576403816968,3,0.5270781337038309,True,True
WOWWOWWO,WOWWOWOO,3.15801334773591,1.971123868003809,3,1.2702286488203474,True,True
WOWWOWWW,OOWWOWWW,0.8138486393023919,0.5174570654470805,3,0.2971570034207003,True,True
WOWWOWWW,WOOWOWWW,0.6908440027166134,1.3813343005695324,3,0.11484755973640232,True,True
WOWWOWWW,WOWOOWWW,-0.32922023012409013,2.8621382599296576,3,-0.015068364480218496,False,False
WOWWOWWW,WOWWOOWW,-0.08714416066346146,0.31038313847061105,3,-0.007287640175806763,False,False
WOWWOWWW,WOWWOWOW,2.58619196019389,0.7790043663358566,3,1.5406897560458457,True,True
WOWWOWWW,WOWWOWWO,-1.0734810536276098,1.8397508206627704,3,-0.20534255005741456,False,False
WOWWWOOO,OOWWWOOO,-1.2298906059006285,1.415260316309269,3,-0.31740890876018424,False,False
WOWWWOOO,WOOWWOOO,-1.5973450736572035,1.5276639024470149,3,-0.4743574897797652,False,False
WOWWWOOO,WOWOWOOO,-1.4357572067477973,2.1793737075157518,3,-0.30460822125439607,False,False
WOWWWOOO,WOWWOOOO,1.406453769642362,0.5311593670129116,3,0.7158606370257916,True,True
WOWWWOOW,OOWWWOOW,1.0456029973382097,1.2485835200594964,3,0.26064805379942624,True,True
WOWWWOOW,WOOWWOOW,-0.7736630463334517,0.8192961434626227,3,-0.20516851636855227,False,False
WOWWWOOW,WOWOWOOW,0.5369102806104705,0.9819491458981487,3,0.09396052866614164,True,True
WOWWWOOW,WOWWOOOW,0.7804039507647201,1.2086357859635497,3,0.15852182242796437,True,True
WOWWWOOW,WOWWWOOO,1.3275319403504307,1.3473113139294601,3,0.3752620806465825,True,True
WOWWWOWO,OOWWWOWO,-0.49591324495690303,1.0416615351524314,3,-0.07769163963199412,False,False
WOWWWOWO,WOOWWOWO,0.06089541989997738,3.5475980394607105,3,0.0004378711826910662,True,True
WOWWWOWO,WOWOWOWO,-1.8067188871862914,0.09306730426768643,3,-1.8343162156085204,False,False
WOWWWOWO,WOWWOOWO,-0.7271455049226638,0.7256304202833046,3,-0.19947281113656612,False,False
WOWWWOWO,WOWWWOOO,1.28220840697807,0.8646222609207912,3,0.470843676582232,True,True
WOWWWOWW,OOWWWOWW,-0.18973091213537263,1.1562248794445296,3,-0.011590210771051357,False,False
WOWWWOWW,WOOWWOWW,-0.4476462736895786,0.5287960472258094,3,-0.10451688216839654,False,False
WOWWWOWW,WOWOWOWW,-0.7946388736419543,0.1183332978537575,3,-0.5296089615587879,False,False
WOWWWOWW,WOWWOOWW,-0.893305250164699,0.6819034244383784,3,-0.2956088197480039,False,False
WOWWWOWW,WOWWWOOW,0.6794419244776887,0.7337526246135173,3,0.1758786747369298,True,True
WOWWWOWW,WOWWWOWO,0.7247654578500494,0.27966126195689045,3,0.33610318146326307,True,True
WOWWWWOO,OOWWWWOO,0.08764846560127931,1.1230734993061364,3,0.0026345394243172723,True,True
WOWWWWOO,WOOWWWOO,-1.1749228616726783,0.8090464114090234,3,-0.4233308807403094,False,False
WOWWWWOO,WOWOWWOO,0.3002380865703093,0.8391193406752376,3,0.03617142038426733,True,True
WOWWWWOO,WOWWOWOO,0.8783546016550616,0.4954925205557283,3,0.3456994019966233,True,True
WOWWWWOO,WOWWWOOO,1.6069572618761185,2.0508861224172974,3,0.3893999061326641,True,True
WOWWWWOW,OOWWWWOW,0.09656340775050078,0.04848045311702406,3,0.021009739245024403,True,True
WOWWWWOW,WOOWWWOW,-1.5162689249045875,0.7035777941603648,3,-0.6981377682363481,False,False
WOWWWWOW,WOWOWWOW,0.5149694887386583,1.9330752986464557,3,0.05049460894972802,True,True
WOWWWWOW,WOWWOWOW,0.9794527229203114,1.2428158503595779,3,0.23300787132697487,True,True
WOWWWWOW,WOWWWOOW,-0.12113622329465253,0.6309785661043517,3,-0.00806688028385046,False,False
WOWWWWOW,WOWWWWOO,-0.4005615448203405,0.4926074577849426,3,-0.08982834736489233,False,False
WOWWWWWO,OOWWWWWO,0.6514754335766381,1.2925893518589582,3,0.10858244393596278,True,True
WOWWWWWO,WOOWWWWO,-0.6777913729387689,1.2850417702913373,3,-0.11725874080917116,False,False
WOWWWWWO,WOWOWWWO,-1.4688388469943627,2.895770965360765,3,-0.2545129073945739,False,False
WOWWWWWO,WOWWOWWO,-1.2263590164906069,2.1906346429594934,3,-0.22836737723144254,False,False
WOWWWWWO,WOWWWOWO,1.3780485844882897,0.9870159190891914,3,0.4900235810331072,True,True
WOWWWWWO,WOWWWWOO,1.0532997295902409,0.8811791790489351,3,0.33358515197346744,True,True
WOWWWWWW,OOWWWWWW,0.6797100800374646,1.0432852242953052,3,0.13773030553145932,True,True
WOWWWWWW,WOOWWWWW,-0.22630993350854026,1.091606841010791,3,-0.017090417566261756,False,False
WOWWWWWW,WOWOWWWW,-0.5070369863494534,0.9046186527009222,3,-0.08997454023723296,False,False
WOWWWWWW,WOWWOWWW,-1.4843330714437133,0.9271049886902969,3,-0.5763778615054156,False,False
WOWWWWWW,WOWWWOWW,-0.6781719819424756,0.857878887884063,3,-0.15766562823949232,False,False
WOWWWWWW,WOWWWWOW,0.12240616582986556,1.0902253082266047,3,0.005203930796975704,True,True
WOWWWWWW,WOWWWWWO,-1.331455108580716,0.7645128119416503,3,-0.539045669034279,False,False
WWOOOOOO,OWOOOOOO,-0.6257973441931426,1.2192031781475483,3,-0.10551445949834137,False,False
WWOOOOOO,WOOOOOOO,-0.5163240909057685,1.189073083071985,3,-0.07553574556679055,False,False
WWOOOOOW,OWOOOOOW,-0.39460905131810436,1.11931845964258,3,-0.04805031136320231,False,False
WWOOOOOW,WOOOOOOW,-2.006592090412751,2.424538125003916,3,-0.5097237719837047,False,False
WWOOOOOW,WWOOOOOO,-0.8838839705107912,1.4606054403197188,3,-0.1722646051092995,False,False
WWOOOOWO,OWOOOOWO,-0.14647925536846818,1.0363131012292703,3,-0.007713355840352431,False,False
WWOOOOWO,WOOOOOWO,-0.16277074933768745,1.2826907922360598,3,-0.007867220027291542,False,False
WWOOOOWO,WWOOOOOO,2.022421107311471,2.607956888909942,3,0.48993980477372706,True,True
WWOOOOWW,OWOOOOWW,-0.4369679405395675,3.216827579976494,3,-0.023486028650442095,False,False
WWOOOOWW,WOOOOOWW,-1.4131663758626276,2.3123354914092764,3,-0.2829875727398481,False,False
WWOOOOWW,WWOOOOOW,3.9930294500349373,2.09808387274241,3,1.7957631473004854,True,True
WWOOOOWW,WWOOOOWO,1.086724372212675,1.5411269789634419,3,0.2398167213095458,True,True
WWOOOWOO,OWOOOWOO,0.2889316582798036,2.704004566655636,3,0.012306248996930245,True,True
WWOOOWOO,WOOOOWOO,0.006133334031267405,2.5918591675942153,3,6.062209160050207e-06,True,True
WWOOOWOO,WWOOOOOO,1.6756786615337669,2.7592667789215084,3,0.33566757281768456,True,True
WWOOOWOW,OWOOOWOW,0.6402650051901082,0.5385624775540818,3,0.19310940974298887,True,True
WWOOOWOW,WOOOOWOW,0.26397569380262986,0.8282853594498637,3,0.028691480255060877,True,True
WWOOOWOW,WWOOOOOW,2.0250815857571123,1.5864689745326415,3,0.6937464251465343,True,True
WWOOOWOW,WWOOOWOO,-0.5344810462874457,1.6766237246396307,3,-0.06105065753624016,False,False
WWOOOWWO,OWOOOWWO,0.19499017962909257,5.646855455373538,3,0.0028256204428608067,True,True
WWOOOWWO,WOOOOWWO,-1.174215563930679,1.9657054979483097,3,-0.22951924723308373,False,False
WWOOOWWO,WWOOOOWO,1.8355504416287562,3.4510166268644578,3,0.3321600438990744,True,True
WWOOOWWO,WWOOOWOO,2.18229288740646,6.015760376756563,3,0.2892100175939938,True,True
WWOOOWWW,OWOOOWWW,1.25159443118072,1.4637556718872637,3,0.31961154871601644,True,True
WWOOOWWW,WOOOOWWW,0.04123253530027108,0.5601098906663727,3,0.001084987625868522,True,True
WWOOOWWW,WWOOOOWW,0.6297009545875916,2.1827891983879697,3,0.06662151517996244,True,True
WWOOOWWW,WWOOOWOW,2.5976488188654168,1.6133927954532077,3,1.0409435468350552,True,True
WWOOOWWW,WWOOOWWO,-0.1191251148284896,2.8685492526655447,3,-0.00203551866126422,False,False
WWOOWOOO,OWOOWOOO,-0.9129944455773437,0.7757144053024815,3,-0.2831900261945426,False,False
WWOOWOOO,WOOOWOOO,0.7261834438317241,1.8426371440764397,3,0.1001608055335576,True,True
WWOOWOOO,WWOOOOOO,-1.1320867580722733,0.5044914837864858,3,-0.518840080335619,False,False
WWOOWOOW,OWOOWOOW,0.21950028133578234,0.5710656682570863,3,0.026976818384696434,True,True
WWOOWOOW,WOOOWOOW,0.11886966333066691,0.8657850099563179,3,0.005992342328630413,True,True
WWOOWOOW,WWOOOOOW,1.9837866490984941,1.6202009552886238,3,0.6607801696557034,True,True
WWOOWOOW,WWOOWOOO,2.231989436659976,0.46498228123633073,3,1.5504587096515798,True,True
WWOOWOWO,OWOOWOWO,0.9242631310118131,2.5029357299329678,3,0.12197177108553195,True,True
WWOOWOWO,WOOOWOWO,0.7566913517273467,1.414477535181447,3,0.13316753402480386,True,True
WWOOWOWO,WWOOOOWO,0.5091978433654721,2.295426981316701,3,0.04262347875804207,True,True
WWOOWOWO,WWOOWOOO,3.6637057087492164,1.4962762182631815,3,1.8973460214528157,True,True
WWOOWOWW,OWOOWOWW,1.0688555768503012,0.7248364411697179,3,0.38579434463653794,True,True
WWOOWOWW,WOOOWOWW,0.2863613817981576,1.5033275133376744,3,0.02043705791877097,True,True
WWOOWOWW,WWOOOOWW,0.29661637919526673,0.7508343342631362,3,0.03852721477737225,True,True
WWOOWOWW,WWOOWOOW,2.3058591801317103,1.7926414080965016,3,0.7978869538311074,True,True
WWOOWOWW,WWOOWOWO,0.8741429080424696,0.7862863526507897,3,0.2605335004411541,True,True
WWOOWWOO,OWOOWWOO,-0.5121926910670981,0.4191452929678872,3,-0.15269083483651139,False,False
WWOOWWOO,WOOOWWOO,-1.1607233711835796,0.840344895319575,3,-0.4052700380672821,False,False
WWOOWWOO,WWOOOWOO,-1.965177557263958,2.5869352468824203,3,-0.468484645218426,False,False
WWOOWWOO,WWOOWOOO,0.8425878623420823,0.7435169459975488,3,0.2534426392957803,True,True
WWOOWWOW,OWOOWWOW,0.031348289164044675,0.4070041964095963,3,0.0008167849589467515,True,True
WWOOWWOW,WOOOWWOW,0.20740106155388383,0.5602156837948029,3,0.024606495090129337,True,True
WWOOWWOW,WWOOOWOW,-0.05554855768365121,0.4089280488411455,3,-0.0024991052363137222,False,False
WWOOWWOW,WWOOWOOW,-0.014253621025032989,0.39495983065304363,3,-0.00017574591126463972,False,False
WWOOWWOW,WWOOWWOO,1.3751479532928608,1.2611656632396,3,0.41702033656711424,True,True
WWOOWWWO,OWOOWWWO,1.6154452238229462,1.1650224194425336,3,0.5773032249151988,True,True
WWOOWWWO,WOOOWWWO,0.39905924748161437,0.2198520129129324,3,0.14035959184572955,True,True
WWOOWWWO,WWOOOWWO,-0.6938945491387258,3.2480865431392467,3,-0.05675891035652485,False,False
WWOOWWWO,WWOOWOWO,0.6324580491245583,1.7250087220189187,3,0.08172794296137217,True,True
WWOOWWWO,WWOOWWOO,3.453575895531692,0.6399175079616788,3,2.601898732018298,True,True
WWOOWWWW,OWOOWWWW,0.14029136921280547,2.078439177477934,3,0.0038025757558547203,True,True
WWOOWWWW,WOOOWWWW,-0.9097943647313462,1.76991978570151,3,-0.1566458107967343,False,False
WWOOWWWW,WWOOOWWW,-2.9726878307868465,2.923561439367762,3,-0.8839610712049077,False,False
WWOOWWWW,WWOOWOWW,-2.6396032553945217,2.2165723197565415,3,-0.8718631206431308,False,False
WWOOWWWW,WWOOWWOW,-0.3194904542377786,0.961706738502815,3,-0.03650214005682245,False,False
WWOOWWWW,WWOOWWWO,-2.39791839647661,2.770409953173305,3,-0.63240039859222,False,False
WWOWOOOO,OWOWOOOO,-0.08071888582538589,1.258299027723964,3,-0.0020236878856866006,False,False
WWOWOOOO,WOOWOOOO,0.3411300522103919,0.6703400940279743,3,0.054313123573655114,True,True
WWOWOOOO,WWOOOOOO,0.5642934529107124,1.1460955982310241,3,0.09153999572160021,True,True
WWOWOOOW,OWOWOOOW,-1.5270231273040202,1.3632998669805096,3,-0.47396471797876816,False,False
WWOWOOOW,WOOWOOOW,-0.7733618599775882,0.13551768091442074,3,-0.4886222412944431,False,False
WWOWOOOW,WWOOOOOW,0.866316168112465,1.1111701468060233,3,0.2030064786865446,True,True
WWOWOOOW,WWOWOOOO,-0.5818612553090384,1.0052717832828604,3,-0.10687641920507183,False,False
WWOWOOWO,OWOWOOWO,-0.3815787238885256,0.8447484359152512,3,-0.056219703386533815,False,False
WWOWOOWO,WOOWOOWO,0.7327724989357508,0.6735258519420364,3,0.2120908639786975,True,True
WWOWOOWO,WWOOOOWO,0.09059629990717277,1.636290035381753,3,0.0020012047302779327,True,True
WWOWOOWO,WWOWOOOO,1.5487239543079314,1.2079337460087864,3,0.525439384142679,True,True
WWOWOOWW,OWOWOOWW,0.03774177563079909,1.1933761005519847,3,0.00047145834117348596,True,True
WWOWOOWW,WOOWOOWW,-0.48031782527904704,2.149254803549382,3,-0.04037359412315479,False,False
WWOWOOWW,WWOOOOWW,-0.45604821458071276,0.7665326723922166,3,-0.08374746278090778,False,False
WWOWOOWW,WWOWOOOW,2.67066506734176,0.8560827767092941,3,1.5463734730417265,True,True
WWOWOOWW,WWOWOOWO,0.5400798577247895,0.44990113062639986,3,0.1604762560572484,True,True
WWOWOWOO,OWOWOWOO,-0.8127740621731366,0.8632380537615424,3,-0.2159640594897848,False,False
WWOWOWOO,WOOWOWOO,0.12329046966279887,0.05184978948776976,3,0.031826195404824974,True,True
WWOWOWOO,WWOOOWOO,-1.0683507496013505,3.1294997528283446,3,-0.13259947416156673,False,False
WWOWOWOO,WWOWOOOO,0.043034459021704,1.6253810273637417,3,0.0004604382138547787,True,True
WWOWOWOW,OWOWOWOW,0.3632829427286593,1.0568687719201957,3,0.04308638715057798,True,True
WWOWOWOW,WOOWOWOW,0.5683300717008546,0.7524429364987928,3,0.1260893580987548,True,True
WWOWOWOW,WWOOOWOW,-0.04577608486854253,0.515629208958467,3,-0.0014258540719933432,False,False
WWOWOWOW,WWOWOOOW,1.112989332776105,1.14385470318207,3,0.3089226452543598,True,True
WWOWOWOW,WWOWOWOO,0.4880936184453623,1.9315037551120657,3,0.04564335114805938,True,True
WWOWOWWO,OWOWOWWO,0.9206208183181334,1.4124984898465933,3,0.1900791583743472,True,True
WWOWOWWO,WOOWOWWO,0.40630563646678497,1.9218814956269359,3,0.03231204719618669,True,True
WWOWOWWO,WWOOOWWO,0.28181359027509423,4.178329810947205,3,0.007807431130335149,True,True
WWOWOWWO,WWOWOOWO,2.026767731996678,1.5276020506491566,3,0.7119310732065646,True,True
WWOWOWWO,WWOWOWOO,3.532457227282905,2.072182819990926,3,1.4812719015508573,True,True
WWOWOWWW,OWOWOWWW,0.07378056327462557,2.684369106610128,3,0.0008380115035826668,True,True
WWOWOWWW,WOOWOWWW,0.7268182298561419,0.23787530880235563,3,0.3622957477446532,True,True
WWOWOWWW,WWOOOWWW,-1.8804926000423874,1.8507871198886878,3,-0.5512362826286037,False,False
WWOWOWWW,WWOWOOWW,-0.794743430874083,0.36674312502653056,3,-0.34317394620142855,False,False
WWOWOWWW,WWOWOWOW,0.762932303691572,1.8553908239813202,3,0.10915082292535952,True,True
WWOWOWWW,WWOWOWWO,-2.281431305145971,1.0610323093878384,3,-1.0768927329845728,False,False
WWOWWOOO,OWOWWOOO,-0.1305672904003273,1.0371018957998903,3,-0.006163631357804125,False,False
WWOWWOOO,WOOWWOOO,-0.007934562369883316,0.22966147819697388,3,-8.195722757344139e-05,False,False
WWOWWOOO,WWOOWOOO,1.7307419219600586,1.1436168153819408,3,0.6554436690072961,True,True
WWOWWOOO,WWOWOOOO,0.034361710977072864,0.7018867389959349,3,0.0006261492098357328,True,True
WWOWWOOW,OWOWWOOW,-0.570712834546586,2.2366931252245332,3,-0.05416292829317667,False,False
WWOWWOOW,WOOWWOOW,-0.2748351092071,2.6829169611707644,3,-0.011241311460106674,False,False
WWOWWOOW,WWOOWOOW,-0.26429814851045536,2.592493109084998,3,-0.01074796568032526,False,False
WWOWWOOW,WWOWOOOW,0.8531723324755737,2.111487146375748,3,0.12089264816690662,True,True
WWOWWOOW,WWOWWOOO,0.23694936618946225,2.735217378446586,3,0.008259680882139832,True,True
WWOWWOWO,OWOWWOWO,-0.5951371938602924,1.7088647447616723,3,-0.07351653531684818,False,False
WWOWWOWO,WOOWWOWO,1.5456817218482677,3.5979629143455494,3,0.23443462913718321,True,True
WWOWWOWO,WWOOWOWO,-0.7553795891501176,1.010497487455947,3,-0.17023646019260935,False,False
WWOWWOWO,WWOWOOWO,-0.3367780456918182,0.40566167236955075,3,-0.07465655217506582,False,False
WWOWWOWO,WWOWWOOO,1.1775841976390404,0.8227686325713686,3,0.42063240780332917,True,True
WWOWWOWW,OWOWWOWW,0.32516270874994485,1.8453405187459855,3,0.021827031624416383,True,True
WWOWWOWW,WOOWWOWW,1.1737904042551666,0.6632017614827406,3,0.4747847200965071,True,True
WWOWWOWW,WWOOWOWW,-0.7681066633460832,1.3788707742002262,3,-0.13954077399330686,False,False
WWOWWOWW,WWOWOOWW,-0.015442069570103708,1.0535885318706009,3,-8.917717619709304e-05,False,False
WWOWWOWW,WWOWWOOW,1.8020506652960824,2.0228332512501592,3,0.4809870276737359,True,True
WWOWWOWW,WWOWWOWO,0.861415833846504,0.3579867113353841,3,0.3958416291342004,True,True
WWOWWWOO,OWOWWWOO,-1.018381899175205,0.566158929729698,3,-0.41030982268192157,False,False
WWOWWWOO,WOOWWWOO,-0.7867512377101424,1.29693955658342,3,-0.1526403832822359,False,False
WWOWWWOO,WWOOWWOO,1.2938724341693106,0.29944304911563624,3,0.8116241967071087,True,True
WWOWWWOO,WWOWOWOO,0.3970456265067033,0.8418493089977053,3,0.060654705037352444,True,True
WWOWWWOO,WWOWWOOO,0.4057183745513344,0.8489360080613071,3,0.06272064448017751,True,True
WWOWWWOW,OWOWWWOW,-0.0013673776482730677,0.8589903904658782,3,-8.461309342459522e-07,False,False
WWOWWWOW,WOOWWWOW,-0.3443278623401042,1.8823048379437428,3,-0.023950546311662296,False,False
WWOWWWOW,WWOOWWOW,0.3019323746580566,1.3814680572787827,3,0.02432263817390895,True,True
WWOWWWOW,WWOWOWOW,0.29215990184294793,1.4842679445661744,3,0.02147469773136333,True,True
WWOWWWOW,WWOWWOOW,0.5519769021434788,1.7790757805593733,3,0.061738658162348525,True,True
WWOWWWOW,WWOWWWOO,0.38320789378160686,0.5486423848884752,3,0.0772590653911506,True,True
WWOWWWWO,OWOWWWWO,-0.224982863196553,2.252306194608258,3,-0.008924907667099106,False,False
WWOWWWWO,WOOWWWWO,-0.5798700742146967,0.9756979031999427,3,-0.10858455388914857,False,False
WWOWWWWO,WWOOWWWO,-1.3966540570106043,1.0119626863877247,3,-0.4934994742852981,False,False
WWOWWWWO,WWOWOWWO,-2.3723621964244246,1.1328063419386794,3,-1.1055936448069519,False,False
WWOWWWWO,WWOWWOWO,-0.008816418735928644,0.48747576257221986,3,-5.703483369638606e-05,False,False
WWOWWWWO,WWOWWWOO,0.7630494043517775,1.0745118781428076,3,0.16588544056907112,True,True
WWOWWWWW,OWOWWWWW,-0.10385362685185533,0.7606370126248311,3,-0.005138469506038077,False,False
WWOWWWWW,WOOWWWWW,0.7536682796817588,1.095489625212999,3,0.16000468922414257,True,True
WWOWWWWW,WWOOWWWW,0.5518661453515166,1.707787286543931,3,0.06385140633539345,True,True
WWOWWWWW,WWOWOWWW,-0.5403290853929427,1.8643243405823704,3,-0.05702332851253515,False,False
WWOWWWWW,WWOWWOWW,-1.319630446696922,0.6365992677523286,3,-0.5883444976282233,False,False
WWOWWWWW,WWOWWWOW,-0.06955668354431861,0.9641453693687955,3,-0.0019126678422250328,False,False
WWOWWWWW,WWOWWWWO,-0.4493981941144893,1.4587346900344895,3,-0.049442900380655394,False,False
WWWOOOOO,OWWOOOOO,0.4716455965099158,0.7225334258197014,3,0.09283909666130306,True,True
WWWOOOOO,WOWOOOOO,0.15016398506882137,0.5675824085207125,3,0.013231512354320215,True,True
WWWOOOOO,WWOOOOOO,0.11961021342660538,0.3383553622713496,3,0.012532887577266876,True,True
WWWOOOOW,OWWOOOOW,-0.7120486682328685,0.8913890079518563,3,-0.16738993132050733,False,False
WWWOOOOW,WOWOOOOW,0.994523120337829,1.4262636561780688,3,0.21671310121135723,True,True
WWWOOOOW,WWOOOOOW,1.4619521126422115,1.6744426455332944,3,0.38156880358077466,True,True
WWWOOOOW,WWWOOOOO,0.4584579287048152,1.2261718269158104,3,0.05911738531928121,True,True
WWWOOOWO,OWWOOOWO,0.7963946737032188,0.44451344283638305,3,0.3117012407128549,True,True
WWWOOOWO,WOWOOOWO,-0.07669336421306339,0.5707399544365317,3,-0.003605989814893991,False,False
WWWOOOWO,WWOOOOWO,0.06812010601220271,1.626957504258352,3,0.001144525354550883,True,True
WWWOOOWO,WWWOOOOO,1.9709309998970685,1.4227532571592694,3,0.7108243770240139,True,True
WWWOOOWW,OWWOOOWW,0.04484036088202951,1.6313368051459896,3,0.0004979397039812779,True,True
WWWOOOWW,WOWOOOWW,0.6273391276532649,1.986809321699741,3,0.07161128181109117,True,True
WWWOOOWW,WWOOOOWW,0.8779232353425849,1.4215084308500925,3,0.17368308546737862,True,True
WWWOOOWW,WWWOOOOW,3.4090005727353105,0.6426510115438424,3,2.548010169668498,True,True
WWWOOOWW,WWWOOOWO,1.8965275015430574,1.739450421723699,3,0.5835922631560491,True,True
WWWOOWOO,OWWOOWOO,1.4266114209494993,2.52203936344112,3,0.2691603619468903,True,True
WWWOOWOO,WOWOOWOO,2.0764647313088376,2.5352232561151045,3,0.5240147890290578,True,True
WWWOOWOO,WWOOOWOO,-0.36750561572559826,2.312298838993832,3,-0.022632149321453274,False,False
WWWOOWOO,WWWOOOOO,1.1885628323815631,0.6166738302708658,3,0.5046963260284698,True,True
WWWOOWOW,OWWOOWOW,-0.7534010891016689,0.9434963343037533,3,-0.17782703571132513,False,False
WWWOOWOW,WOWOOWOW,-0.7543361730717129,1.2698907415044989,3,-0.14371233843782158,False,False
WWWOOWOW,WWOOOWOW,-1.2684864643925549,0.41288763951881785,3,-0.6859123668308729,False,False
WWWOOWOW,WWWOOOOW,-0.7053569912776543,0.668670199942359,3,-0.1994505873702534,False,False
WWWOOWOW,WWWOOWOO,-1.4354618949544022,0.6462945079034454,3,-0.6687759745110983,False,False
WWWOOWWO,OWWOOWWO,1.3173228581560672,1.2058836348377882,3,0.3990539777797065,True,True
WWWOOWWO,WOWOOWWO,0.47833847754573905,1.0795791239419008,3,0.07071558233235434,True,True
WWWOOWWO,WWOOOWWO,1.3346200599729763,2.6488108003006134,3,0.22939497380653887,True,True
WWWOOWWO,WWWOOOWO,3.1020503955895293,1.486849781592965,3,1.4596238122638234,True,True
WWWOOWWO,WWWOOWOO,3.8844185631050347,3.304825859500386,3,1.284140643098564,True,True
WWWOOWWW,OWWOOWWW,-0.19887893272097634,1.9580628023454734,3,-0.007967432969002106,False,False
WWWOOWWW,WOWOOWWW,1.2895786273996332,1.18749189153373,3,0.38865552816741583,True,True
WWWOOWWW,WWOOOWWW,-0.2976679696581923,1.205908720915392,3,-0.026545110525950752,False,False
WWWOOWWW,WWWOOOWW,-0.5458902504131856,2.378452871124418,3,-0.047192428715874514,False,False
WWWOOWWW,WWWOOWOW,3.568467313599779,2.7877834022754673,3,1.2468787579785554,True,True
WWWOOWWW,WWWOOWWO,-1.751413144459658,1.1253552862279905,3,-0.6751400326836787,False,False
WWWOWOOO,OWWOWOOO,-1.04752484997882,1.187646053220948,3,-0.2708083969012481,False,False
WWWOWOOO,WOWOWOOO,-1.2915106666742553,0.30273021381770593,3,-0.8058522147455839,False,False
WWWOWOOO,WWOOWOOO,0.28557795074628034,1.111450194449851,3,0.02625158220015022,True,True
WWWOWOOO,WWWOOOOO,-0.9661190207525981,1.3640663220443625,3,-0.21262216645633772,False,False
WWWOWOOW,OWWOWOOW,-0.1902836536816137,0.7166226285980821,3,-0.01730965499451535,False,False
WWWOWOOW,WOWOWOOW,0.6135698318604065,1.1314689168202887,3,0.10773184094923413,True,True
WWWOWOOW,WWOOWOOW,-0.6864665343868711,0.6651808291728774,3,-0.19090431744912603,False,False
WWWOWOOW,WWWOOOOW,-0.16463199793058877,0.23902149808946324,3,-0.02830100009610179,False,False
WWWOWOOW,WWWOWOOO,1.2599449515268246,0.6584462885109353,3,0.5355780579479542,True,True
WWWOWOWO,OWWOWOWO,0.6758761816189596,0.5331939974508749,3,0.21318901539300067,True,True
WWWOWOWO,WOWOWOWO,-0.07929986227035972,0.8332670873986145,3,-0.0028086264700539257,False,False
WWWOWOWO,WWOOWOWO,-0.5127468661824764,1.3641350816226692,3,-0.0668619805436557,False,False
WWWOWOWO,WWWOOOWO,-0.0716691288292071,1.775688649857467,3,-0.0011671317103539075,False,False
WWWOWOWO,WWWOWOOO,2.8653808918204593,1.7665102529168801,3,1.1576263888595069,True,True
WWWOWOWW,OWWOWOWW,-0.30932539069410775,1.430354869829132,3,-0.024730626419747485,False,False
WWWOWOWW,WOWOWOWW,-0.010148655784909607,1.2263574794892511,3,-3.359576474853701e-05,False,False
WWWOWOWW,WWOOWOWW,-1.605053123433784,2.65802587528004,3,-0.3197181398428891,False,False
WWWOWOWW,WWWOOOWW,-2.186359979581102,1.819647094664391,3,-0.72193234265787,False,False
WWWOWOWW,WWWOWOOW,1.3872725910847976,2.1798027801617947,3,0.286364356051214,True,True
WWWOWOWW,WWWOWOWO,-0.21816334920883743,1.538899556638631,3,-0.011840658147105151,False,False
WWWOWWOO,OWWOWWOO,-0.7340469298616491,0.8011944940379508,3,-0.18994444295816643,False,False
WWWOWWOO,WOWOWWOO,-0.9045980777441042,1.3103276183098793,3,-0.1946849251652647,False,False
WWWOWWOO,WWOOWWOO,-0.29913535410763864,0.5159615838349975,3,-0.051425398254590596,False,False
WWWOWWOO,WWWOOWOO,-1.8968072956459983,1.6840689778308005,3,-0.5966209663649129,False,False
WWWOWWOO,WWWOWOOO,0.2578745574881633,1.4685676920120785,3,0.017046199149376752,True,True
WWWOWWOW,OWWOWWOW,1.1100780238907761,0.6379879305134724,3,0.4425528156748015,True,True
WWWOWWOW,WOWOWWOW,0.7842839727687325,1.2911163543003947,3,0.1522889154305224,True,True
WWWOWWOW,WWOOWWOW,-0.6006942038763525,1.1882144517855717,3,-0.09984906634900369,False,False
WWWOWWOW,WWWOOWOW,0.6122437028325511,0.792853642304821,3,0.13884726880060602,True,True
WWWOWWOW,WWWOWOOW,0.07151870948548567,1.175242487102111,3,0.001694837590024107,True,True
WWWOWWOW,WWWOWWOO,1.073589103524147,1.1835184492536848,3,0.28340313554107055,True,True
WWWOWWWO,OWWOWWWO,0.23250068784528496,1.5043931655174665,3,0.013664822826867281,True,True
WWWOWWWO,WOWOWWWO,-0.5359404456187581,3.4560214507879965,3,-0.032674793112823265,False,False
WWWOWWWO,WWOOWWWO,-0.5616769543590717,1.6479229372397104,3,-0.06797103839625937,False,False
WWWOWWWO,WWWOOWWO,-2.5901915634707735,2.508760149101317,3,-0.7757147969023938,False,False
WWWOWWWO,WWWOWOWO,0.583527960947963,0.8545877627737203,3,0.12089132530053795,True,True
WWWOWWWO,WWWOWWOO,3.1910342952802595,1.3824862454931515,3,1.5912203661724889,True,True
WWWOWWWW,OWWOWWWW,0.29926073421620697,0.46675922843683804,3,0.05510267030911438,True,True
WWWOWWWW,WOWOWWWW,-0.22150469494425606,0.7027610609325731,3,-0.0234410344819989,False,False
WWWOWWWW,WWOOWWWW,-0.14257977643358513,3.1734846448367042,3,-0.0026399706507955435,False,False
WWWOWWWW,WWWOOWWW,-2.817599637562239,1.1277037427645544,3,-1.459115153770847,False,False
WWWOWWWW,WWWOWOWW,-1.1771299083943232,0.5271628047759956,3,-0.5402163460945298,False,False
WWWOWWWW,WWWOWWOW,0.13862397320498876,1.5007915799774618,3,0.004999966785314772,True,True
WWWOWWWW,WWWOWWWO,-1.9788212185511238,1.9531833750508696,3,-0.579979199837814,False,False
WWWWOOOO,OWWWOOOO,1.4938813420358665,4.335692510932801,3,0.1883217444698891,True,True
WWWWOOOO,WOWWOOOO,2.9646935102578564,1.6890126008122188,3,1.2582720452548823,True,True
WWWWOOOO,WWOWOOOO,0.0031909403052477656,2.2745099470717043,3,1.8610413874982103e-06,True,True
WWWWOOOO,WWWOOOOO,0.44787417978935484,1.3748683318957429,3,0.05158071889560446,True,True
WWWWOOOW,OWWWOOOW,0.7308199907024676,0.14737658535590156,3,0.4363488997827289,True,True
WWWWOOOW,WOWWOOOW,1.3279821177501692,0.72558696837523,3,0.5529664143812779,True,True
WWWWOOOW,WWOWOOOW,0.9019225623346712,0.8960510246127138,3,0.2525460539108991,True,True
WWWWOOOW,WWWOOOOW,0.30628661780492444,0.5225012190112585,3,0.05322535920207394,True,True
WWWWOOOW,WWWWOOOO,0.31687036672038493,2.2256855248470218,3,0.017577810640050512,True,True
WWWWOOWO,OWWWOOWO,0.6461399055172857,1.3995336867431631,3,0.1005441698823053,True,True
WWWWOOWO,WOWWOOWO,-0.09233125565763552,0.07247875244572596,3,-0.01719196830142086,False,False
WWWWOOWO,WWOWOOWO,-1.1867500983750805,1.0167968539788035,3,-0.37314139192762935,False,False
WWWWOOWO,WWWOOOWO,-1.1642739044801103,1.8590391348294322,3,-0.23584976202627644,False,False
WWWWOOWO,WWWWOOOO,0.3587829156276035,2.049794046502917,3,0.02404942466928702,True,True
WWWWOOWW,OWWWOOWW,0.056405066353696576,2.0927351333346365,3,0.0006221677785716454,True,True
WWWWOOWW,WOWWOOWW,-0.31328945914113726,2.304735147841373,3,-0.016662654865055557,False,False
WWWWOOWW,WWOWOOWW,-1.056862956491287,1.9087816565676574,3,-0.19402849114886084,False,False
WWWWOOWW,WWWOOOWW,-2.390834406414585,1.9695719685557052,3,-0.7973286771388719,False,False
WWWWOOWW,WWWWOOOW,0.7118795485158013,2.916485557593207,3,0.0655051516964735,True,True
WWWWOOWW,WWWWOOWO,0.6699669996085827,2.7045435904172526,3,0.06232799818854533,True,True
WWWWOWOO,OWWWOWOO,0.015404084422661187,0.32458564218012165,3,0.00023841259210125306,True,True
WWWWOWOO,WOWWOWOO,0.7745868077472243,0.5164367361861094,3,0.2737745843849431,True,True
WWWWOWOO,WWOWOWOO,-0.09489379136367,0.845606978253331,3,-0.003941104012952781,False,False
WWWWOWOO,WWWOOWOO,-0.795738925239422,0.6768713539388294,3,-0.24371255395763386,False,False
WWWWOWOO,WWWWOOOO,-0.055050272647213704,1.4262727534748258,3,-0.0008471380084822944,False,False
WWWWOWOW,OWWWOWOW,0.03558114480414291,1.3330757664186363,3,0.0003789819348128904,True,True
WWWWOWOW,WOWWOWOW,0.6949756660275132,0.9401927700258429,3,0.15444291895457582,True,True
WWWWOWOW,WWOWOWOW,-1.1642582176143337,0.6317506588059142,3,-0.4813942792481352,False,False
WWWWOWOW,WWWOOWOW,0.05845216190967876,0.25213183243854653,3,0.003898567984432773,True,True
WWWWOWOW,WWWWOOOW,-0.9531914471728999,0.235040788450265,3,-0.5575183225477873,False,False
WWWWOWOW,WWWWOWOO,-0.5812708078053014,0.7057255121196199,3,-0.1371149208533416,False,False
WWWWOWWO,OWWWOWWO,2.1835315126451813,2.0947228428740883,3,0.6548876197785231,True,True
WWWWOWWO,WOWWOWWO,0.8752754482574813,2.821805309201357,3,0.09960508565426035,True,True
WWWWOWWO,WWOWOWWO,-0.3686490304004086,3.314002155056205,3,-0.016416864440462038,False,False
WWWWOWWO,WWWOOWWO,-1.4214555000982905,1.923149196642013,3,-0.32851468228231645,False,False
WWWWOWWO,WWWWOOWO,2.8448687999713496,4.747293203247219,3,0.5705359688347048,True,True
WWWWOWWO,WWWWOWOO,3.2587019882461665,4.432814043252465,3,0.7666228923285561,True,True
WWWWOWWW,OWWWOWWW,-0.014617693267065154,0.1728794614970682,3,-0.0003312764214928042,False,False
WWWWOWWW,WOWWOWWW,0.04239251798834117,0.9054017432087605,3,0.000760368378879043,True,True
WWWWOWWW,WWOWOWWW,0.006418290848812698,2.374150350146249,3,7.221614618891748e-06,True,True
WWWWOWWW,WWWOOWWW,-1.5764063395353822,3.2121926412164097,3,-0.2665211674430963,False,False
WWWWOWWW,WWWWOOWW,0.2685378164660168,3.474715056897673,3,0.00844753667462942,True,True
WWWWOWWW,WWWWOWOW,1.9336088121547181,0.7734401516263343,3,0.9803722216351032,True,True
WWWWOWWW,WWWWOWWO,-1.9063639838967497,5.451337662683201,3,-0.24440989482159492,False,False
WWWWWOOO,OWWWWOOO,0.9767909902644867,1.1499176329033651,3,0.2449615943814461,True,True
WWWWWOOO,WOWWWOOO,1.9468554915086766,2.166496941209079,3,0.5242349385907606,True,True
WWWWWOOO,WWOWWOOO,0.3574449802213568,0.4282653999755356,3,0.08022479695552519,True,True
WWWWWOOO,WWWOWOOO,1.8026089514351347,0.418892799678657,3,1.1729420904603813,True,True
WWWWWOOO,WWWWOOOO,0.38861575089318173,3.0605976683784655,3,0.01957181600534624,True,True
WWWWWOOW,OWWWWOOW,0.31619763980277377,0.26333582622115814,3,0.08597496890898881,True,True
WWWWWOOW,WOWWWOOW,0.06323844890714085,0.6356070729067074,3,0.0022650057447930936,True,True
WWWWWOOW,WWOWWOOW,-0.435589488219211,1.9516883570215453,3,-0.03642090363315093,False,False
WWWWWOOW,WWWOWOOW,-0.013421102342795033,0.7948881299431748,3,-8.676717136244109e-05,False,False
WWWWWOOW,WWWWOOOW,-0.4843397180783083,0.7584918789411069,3,-0.09410011672071385,False,False
WWWWWOOW,WWWWWOOO,-0.5560851022511053,1.4408291269106686,3,-0.07441874900645945,False,False
WWWWWOWO,OWWWWOWO,-0.12476934026569432,0.47397612503741055,3,-0.010658442659455331,False,False
WWWWWOWO,WOWWWOWO,1.1097855261485197,0.4913132830742801,3,0.5092937906201567,True,True
WWWWWOWO,WWOWWOWO,-0.37500077579977104,0.3592729169285026,3,-0.09721434351541106,False,False
WWWWWOWO,WWWOWOWO,-0.617633498767412,0.45449847521731374,3,-0.20077792406283967,False,False
WWWWWOWO,WWWWOOWO,0.4749712768834911,1.2013806785616858,3,0.06418033413926745,True,True
WWWWWOWO,WWWWWOOO,0.4451384416179128,1.585515069428556,3,0.04530627532379379,True,True
WWWWWOWW,OWWWWOWW,0.5287203279012662,1.4899872137705061,3,0.06591946556825631,True,True
WWWWWOWW,WOWWWOWW,0.5799843884017607,0.11448621195560042,3,0.3298246238479244,True,True
WWWWWOWW,WWOWWOWW,-1.0414522895429845,0.4035419379515738,3,-0.5070739696990105,False,False
WWWWWOWW,WWWOWOWW,-0.20450582945528403,1.354028250566977,3,-0.011687826234358411,False,False
WWWWWOWW,WWWWOOWW,-3.140262180105028e-05,1.8281446873980365,3,-2.221124855981155e-10,False,False
WWWWWOWW,WWWWWOOW,1.1961878639723087,0.6409530400864455,3,0.49925355964397516,True,True
WWWWWOWW,WWWWWOWO,0.19496432010329054,0.36648589152209265,3,0.029568024870411394,True,True
WWWWWWOO,OWWWWWOO,-0.3540790924041913,1.1426381232273342,3,-0.038553312262664514,False,False
WWWWWWOO,WOWWWWOO,-0.19744721011408095,0.907897247906857,3,-0.015340644415912028,False,False
WWWWWWOO,WWOWWWOO,-0.5856188340766167,0.686304912631889,3,-0.1415669021708913,False,False
WWWWWWOO,WWWOWWOO,1.0073889542003325,1.0144909542309837,3,0.2817105312894879,True,True
WWWWWWOO,WWWWOWOO,-0.09367941620624352,1.0864756204076276,3,-0.0030917720729801944,False,False
WWWWWWOO,WWWWWOOO,-0.5373454397466392,0.5809962553485573,3,-0.13574656039984773,False,False
WWWWWWOW,OWWWWWOW,-0.1727452080680645,0.35055373209978097,3,-0.024348402005909618,False,False
WWWWWWOW,WOWWWWOW,-0.09761526639804974,0.5758263258358592,3,-0.005719514462814551,False,False
WWWWWWOW,WWOWWWOW,-1.269556328962533,0.6734473979173216,3,-0.5355475802608544,False,False
WWWWWWOW,WWWOWWOW,-0.36692975042812387,0.8336509865866184,3,-0.052820549160166604,False,False
WWWWWWOW,WWWWOWOW,0.18686179049474852,0.29718465943213446,3,0.03129092658555625,True,True
WWWWWWOW,WWWWWOOW,-0.2819899385998431,0.451510625929213,3,-0.050575463393962884,False,False
WWWWWWOW,WWWWWWOO,-0.3007296011043093,0.4262164924351089,3,-0.05903705335393353,False,False
WWWWWWWO,OWWWWWWO,0.4435689887440766,0.9154356477986456,3,0.06981965126655369,True,True
WWWWWWWO,WOWWWWWO,-0.18535568562614427,0.8056108857365353,3,-0.014989678932074686,False,False
WWWWWWWO,WWOWWWWO,-0.28327698435021653,1.2609340159592146,3,-0.023262841994512957,False,False
WWWWWWWO,WWWOWWWO,-1.1182540870017492,1.9295422996519693,3,-0.21314876233958965,False,False
WWWWWWWO,WWWWOWWO,-2.286990150374232,4.424651099269608,3,-0.40632192636235626,False,False
WWWWWWWO,WWWWWOWO,0.08290737271362587,0.9764921930580048,3,0.0026714619909916455,True,True
WWWWWWWO,WWWWWWOO,1.0653912540781778,0.6841094761464407,3,0.39704767369762983,True,True
WWWWWWWW,OWWWWWWW,-0.037173448169480046,0.324034043206054,3,-0.0013566683343680175,False,False
WWWWWWWW,WOWWWWWW,0.16764405689348072,0.9333459637564905,3,0.010946092591402608,True,True
WWWWWWWW,WWOWWWWW,-0.8123341562968182,0.2819480045742675,3,-0.4021888339042839,False,False
WWWWWWWW,WWWOWWWW,-0.11788823451171655,1.5838712472700296,3,-0.003464491767829256,False,False
WWWWWWWW,WWWWOWWW,-1.3590815325385737,0.903656071214172,3,-0.5053480707849154,False,False
WWWWWWWW,WWWWWOWW,-1.0905123134507557,0.7962208921072871,3,-0.3770168099222767,False,False
WWWWWWWW,WWWWWWOW,0.38766548912139603,0.18241493818853144,3,0.1454673143079724,True,True
WWWWWWWW,WWWWWWWO,-0.978455366061091,0.23135436407678991,3,-0.5840551912091169,False,False
