source,target,mut_source,mut_target,mean_step,sd_step,raw_reproducibility,log_reproducibility,reliable_uphill_score,source_mean_fitness,target_mean_fitness
OOOWOOOO,OOOOOOOO,7,8,2.3876500361156996,2.0880193663589055,1.0912380725811401,0.32040347697010835,0.7650113733592749,-1.453703570037977,0.9339464660777222
WOOOOOOO,OOOOOOOO,7,8,0.5266764360308721,0.3426317231509631,1.189875032638013,0.3404193321075795,0.17929084059042982,0.4072700300468502,0.9339464660777222
OOOOOOWW,OOOOOOWO,6,7,2.9436657850653822,0.1612455341726364,11.267812842764798,1.0887671417826923,3.204966583169141,-2.7442288205639325,0.19943696450145007
OOOOOWWO,OOOOOOWO,6,7,2.4213297555757376,1.3012985974496871,1.7279184893087527,0.4358313893816944,1.0552915115238122,-2.2218927910742874,0.19943696450145007
OOOWOOWO,OOOOOOWO,6,7,0.971304007177098,0.4399893715608362,1.7987465278613715,0.4469635677995629,0.434137504465888,-0.7718670426756479,0.19943696450145007
OWOOOOWO,OOOOOOWO,6,7,1.4447432062287708,0.6457357208888095,1.9373394163107076,0.46795413314652956,0.6760735546901222,-1.2453062417273209,0.19943696450145007
OOOOOWWO,OOOOOWOO,6,7,2.5405861456019267,1.5104475601723322,1.577565273426265,0.4112096720272913,1.0447135956900484,-2.2218927910742874,0.31869335452763925
OWOOOWOO,OOOOOWOO,6,7,0.7818462368289838,0.33024493305173436,1.8172119571132088,0.44981952300343503,0.3516897013124442,-0.4631528823013446,0.31869335452763925
WOOOOWOO,OOOOOWOO,6,7,1.0646445610775201,0.6120931678256275,1.4950916666261613,0.39708650570234116,0.42275598857327523,-0.7459512065498809,0.31869335452763925
OOOOOWWW,OOOOOWOW,5,6,2.608592071038469,1.19007980557318,2.0220393031262716,0.48030010825577446,1.2529070541149316,-1.8807333844242384,0.727858686614231
OOOOWWOO,OOOOWOOO,6,7,1.4462121780542834,1.3435731244439046,1.001828139888234,0.30142678987556837,0.43592709430985654,-0.17236474896211132,1.2738474290921722
OOOOWOWW,OOOOWOOW,5,6,1.384701125927312,0.9506907440963187,1.3178959971882784,0.36509394549274243,0.5055459973930452,-1.1709342326439718,0.2137668932833404
OOOOWOWW,OOOOWOWO,5,6,1.1267351083353307,0.709924513611145,1.3911606444798763,0.3786087541448589,0.4265917756181122,-1.1709342326439718,-0.0441991243086412
WOOOWOWO,OOOOWOWO,5,6,0.8071343536883369,0.6025708448326844,1.1488298434594935,0.33220202695149087,0.26813166831744706,-0.851333477996978,-0.0441991243086412
WOOOWOWW,OOOOWOWW,4,5,1.0248721233246647,0.6268108427092047,1.410094708417433,0.38203410918686437,0.3915361086647885,-2.1958063559686365,-1.1709342326439718
WOOOWWWO,OOOOWWWO,4,5,1.3028516802290804,0.4646934235940452,2.307184085723819,0.5194583694492272,0.6767772094459841,-1.8414236313672685,-0.5385719511381883
WOOOWWWW,OOOOWWWW,3,4,0.6582142115605082,0.3638936537203517,1.4188903130744237,0.38361617530418707,0.2525016183697032,-0.7523588471036188,-0.09414463554311057
OOOWOWWO,OOOWOOWO,5,6,1.3193583320077689,1.1109603054866124,1.0895141038315024,0.3200453068965019,0.42225444227388326,-2.091225374683417,-0.7718670426756479
OWOWOOWW,OOOWOOWW,4,5,1.0517559953461588,0.487631138796796,1.7898234554072163,0.4455767212777623,0.4686379879905709,-1.691761368360016,-0.640005373013857
WOOWOOWW,OOOWOOWW,4,5,1.5698155962560048,1.1290774738885574,1.277230792693173,0.3574070477050782,0.5610631576992456,-2.209820969269862,-0.640005373013857
OOOWOWWO,OOOWOWOO,5,6,2.8477397723549753,1.9028195650574014,1.4218653652274253,0.384149996460206,1.0939592234697515,-2.091225374683417,0.7565143976715584
OOOWWWOO,OOOWOWOO,5,6,0.8345406673867753,0.7070302051954425,1.0340885161599007,0.3083698479197455,0.2573471786849028,-0.0780262697152172,0.7565143976715584
OWOWOWOO,OOOWOWOO,5,6,1.2530222508244926,0.8282876780451519,1.3498210527400167,0.37103479045613824,0.4649148482715443,-0.4965078531529345,0.7565143976715584
OWOWWWOO,OOOWWWOO,4,5,1.0211350469464888,0.5749191419332924,1.5129739008756928,0.4001879781411121,0.40864596984654494,-1.099161316661706,-0.0780262697152172
OOWOOOWO,OOWOOOOO,6,7,0.9423546012948543,0.7177057779852114,1.1524372539188505,0.3329305001145475,0.31373858869434085,0.12003452629146055,1.0623891275863149
OOWOOWOO,OOWOOOOO,6,7,1.2494656019007,0.7941427719247554,1.3973893668133863,0.37973857476196105,0.47447028687986764,-0.18707647431438504,1.0623891275863149
OOWOWOOO,OOWOOOOO,6,7,0.9046152564901967,0.43881058271745504,1.6789114496003963,0.4279583584064541,0.387137660156978,0.1577738710961182,1.0623891275863149
OOWOOWWO,OOWOOOWO,5,6,1.4486495040507652,1.1631498003392449,1.1468548731604917,0.3318026872327752,0.4806657983024709,-1.3286149777593044,0.12003452629146055
OWWOOOWW,OOWOOOWW,4,5,2.4129500124518715,0.5253257366193893,3.858708943432689,0.6865208838238427,1.656540575171211,-3.018634233032083,-0.6056842205802112
WOWOOOWW,OOWOOOWW,4,5,1.830451245680636,0.9429867401801477,1.7550091244347699,0.4401230415490049,0.8056237696561264,-2.4361354662608474,-0.6056842205802112
OOWOOWWW,OOWOOWOW,4,5,2.802982721584943,1.4899112780366113,1.7629805891095753,0.4413778338588884,1.2371744419970538,-2.1015399272315407,0.7014427943534018
WOWOOWWO,OOWOOWWO,4,5,2.4620440326555415,1.344788844027041,1.7040857166318633,0.43202045415946627,1.0636533811484508,-3.7906590104148457,-1.3286149777593044
OOWOWOWW,OOWOWOOW,4,5,2.439685149460015,1.3468496045131046,1.6862050774662376,0.4291391656715206,1.0469644495404697,-1.1296672714807234,1.3100178779792915
OOWOWWOW,OOWOWOOW,4,5,0.6189779284842997,0.43538088576333134,1.156144989378502,0.3336779615099862,0.20653929339631513,0.691039949494992,1.3100178779792915
OWWOWOOW,OOWOWOOW,4,5,0.9901435549091184,0.4459269221433466,1.8136924829091534,0.44927663031493614,0.44484835987762067,0.3198743230701731,1.3100178779792915
OOWOWWWO,OOWOWOWO,4,5,0.9635857339218813,0.4217500788676999,1.8468339018041964,0.4543621290246438,0.4378168655625199,-0.7804466175624892,0.18313911635939198
WOWOWOWO,OOWOWOWO,4,5,1.3577169421716,0.9126896123839829,1.3407039289910208,0.3693464841207379,0.5014679790222397,-1.174577825812208,0.18313911635939198
OOWOWWWO,OOWOWWOO,4,5,1.0242864990311862,0.6280679239026418,1.406855686679249,0.38145005107362245,0.3907141373694679,-0.7804466175624892,0.24383988146869698
OOWOWWWW,OOWOWWOW,3,4,0.5811379816948562,0.44843904149038777,1.059621831654451,0.31378748663005057,0.18235382666128927,0.10990196780013577,0.691039949494992
OOWWOOWO,OOWWOOOO,5,6,0.7795071689464118,0.22907566649176017,2.3687779083049585,0.5274723804150847,0.41116850195478744,0.28262875649871066,1.0621359254451226
OOWWWOOO,OOWWOOOO,5,6,0.37767706299359755,0.08063077729896616,2.0908788006182113,0.49008197586411634,0.18509272127045862,0.684458862451525,1.0621359254451226
OOWWOWWO,OOWWOOWO,4,5,1.3910252457014216,0.8811237684130384,1.4177877353347543,0.3834181702140365,0.5333443544283696,-1.108396489202711,0.28262875649871066
WOWWOOWO,OOWWOOWO,4,5,0.37763320004729123,0.14120318651156397,1.565622766054073,0.40919280064964486,0.1545247867456387,-0.09500444354858051,0.28262875649871066
WOWWOOWW,OOWWOOWW,3,4,0.9874863802156087,0.3250521155005294,2.323212481963,0.5215581104011449,0.5150315305121194,-0.985929646640665,0.0015567335749437639
OOWWOWWO,OOWWOWOO,4,5,2.4849251856244594,1.2265499936591588,1.8732239248443516,0.4583694740722117,1.1390138504434764,-1.108396489202711,1.376528696421749
OWWWOWOO,OOWWOWOO,4,5,0.9499646116152155,0.8510255995296342,0.9988843750210894,0.3007876731863367,0.2857376451371027,0.42656408480653335,1.376528696421749
OOWWOWWW,OOWWOWOW,3,4,1.1618395328780886,0.7840308494654689,1.3142522498853941,0.364410694616872,0.42338675120944635,-0.08493684667481138,1.0769026862032771
WOWWOWWW,OOWWOWWW,2,3,0.8138486393023919,0.5174570654470804,1.3180651495389577,0.3651256377050835,0.29715700342070034,-0.8987854859772034,-0.08493684667481138
OOWWWOWW,OOWWWOOW,3,4,1.914775833951271,1.2345068001491686,1.4348190910209233,0.3864666983267964,0.7399970945830859,-0.28235530861133856,1.6324205253399324
OWWWWWWW,OOWWWWWW,1,2,0.8845275851004253,0.4705900786493121,1.5501979760921516,0.4065738967425442,0.3596258270505523,0.3807300804035489,1.2652576655039744
OWOOOOWW,OWOOOOOW,5,6,4.035388339256401,1.529897714376549,2.475853732207959,0.5410614925661829,2.183393237922238,-2.622519299111095,1.4128690401453055
OWOOOWWW,OWOOOWOW,4,5,1.9863193928748049,0.6618538264871049,2.6072185028375983,0.5571724499708527,1.1067224425526716,-1.563657881978399,0.42266151089640563
WWOOOWOW,OWOOOWOW,4,5,0.6402650051901082,0.5385624775540818,1.0026661880330765,0.30160856548086773,0.19310940974298887,-0.21760349429370252,0.42266151089640563
OWOOWOOW,OWOOWOOO,5,6,1.0994947097468504,0.7585524767929767,1.2806377472159716,0.3580563081266833,0.3936810165767765,0.043191723700697994,1.1426864334475482
OWOOWOWO,OWOOWOOO,5,6,1.8264481321600599,1.1376704486025189,1.4757144231910382,0.3937005468160914,0.7190736283626443,-0.6837616987125115,1.1426864334475482
OWOOWWOO,OWOOWOOO,5,6,0.44178610783183675,0.33712837644478305,1.0106552940464208,0.30333762170297085,0.13401034725112157,0.7009003256157115,1.1426864334475482
OWOOWOWW,OWOOWOOW,4,5,1.456503884617191,0.6083289674914657,2.056253452086498,0.4851893670104424,0.7066801978256653,-1.4133121609164931,0.043191723700697994
OWOWWOOW,OWOOWOOW,4,5,0.525914967371913,0.28296355441736626,1.3732768074289219,0.37534839516127394,0.19740133899434129,-0.48272324367121494,0.043191723700697994
WWOOWOWW,OWOOWOWW,3,4,1.0688555768503012,0.7248364411697179,1.2958394216125255,0.3609415088363902,0.38579434463653794,-2.4821677377667943,-1.4133121609164931
OWOOWWWO,OWOOWWOO,4,5,1.3259379806416483,0.7013356928222136,1.6546598292306745,0.42400887805288207,0.5622094755395693,-0.6250376550259368,0.7009003256157115
OWOWWWOO,OWOOWWOO,4,5,1.8000616422774174,0.9693095645143726,1.683386833909894,0.42868328457002636,0.7716563372399992,-1.099161316661706,0.7009003256157115
OWWOWWWO,OWOOWWWO,3,4,0.8212675816185895,0.48178999597437977,1.4116220411166294,0.3823092444633364,0.31397818863083443,-1.4463052366445261,-0.6250376550259368
WWOOWWWO,OWOOWWWO,3,4,1.6154452238229462,1.1650224194425336,1.2770091652089737,0.3573647787010769,0.5773032249151988,-2.240482878848883,-0.6250376550259368
OWOWOOWO,OWOWOOOO,5,6,1.8495837923710712,0.9560812837880747,1.7513649950662602,0.43954820755741897,0.8129812406639577,-1.571002010154551,0.27858178221652036
OWOWOWWO,OWOWOWOO,4,5,1.7990623467916353,1.6909715789669113,1.0045175299930729,0.30200985861396357,0.5433345649922473,-2.2955701999445695,-0.4965078531529345
OWOWWWOO,OWOWOWOO,4,5,0.6026534635087716,0.1547840840659726,2.365349726291079,0.5270302026777475,0.31761657701747437,-1.099161316661706,-0.4965078531529345
OWOWWWOW,OWOWOWOW,3,4,0.6568102222198803,0.5402186150943021,1.0259155337480061,0.30662133441426553,0.20139202679398996,-0.46535468891638093,0.1914555333034993
OWWOOOOW,OWWOOOOO,5,6,1.6421521934475996,1.3856876671127798,1.105314548810172,0.32331699167146344,0.530935707052173,-0.3665226894116704,1.2756295040359291
OWWOOOWO,OWWOOOOO,5,6,1.6461819227037655,1.1883985158918366,1.2776962270592722,0.35749580239937395,0.5885031273523268,-0.37055241866783645,1.2756295040359291
OWWOOOWW,OWWOOOWO,4,5,2.6480818143642466,0.15170420901851478,10.520609983798325,1.0614754743636126,2.8108739000559444,-3.018634233032083,-0.37055241866783645
OWWOOWWO,OWWOOOWO,4,5,2.581122211136681,1.912443258113117,1.2825813601108744,0.3584262664330472,0.925141997345132,-2.951674629804518,-0.37055241866783645
WWWOOOWO,OWWOOOWO,4,5,0.7963946737032188,0.44451344283638305,1.4625803718541468,0.39139041357904936,0.3117012407128549,-1.1669470923710552,-0.37055241866783645
OWWOOWWO,OWWOOWOO,4,5,3.9937071258984673,1.4536132652843752,2.5705928335823356,0.552740328991358,2.20748299066425,-2.951674629804518,1.0420324960939495
OWWOOWWW,OWWOOWOW,3,4,3.0139451572190867,1.9702596871766092,1.4558295154408685,0.3901982146380306,1.1760360193638262,-2.716463276221903,0.2974818809971835
WWWOOWWO,OWWOOWWO,3,4,1.3173228581560672,1.2058836348377882,1.008759757005225,0.30292799924407704,0.3990539777797065,-4.268997487960585,-2.951674629804518
OWWOWOWW,OWWOWOOW,3,4,1.5063143280972913,0.8034160092548523,1.6673540347593754,0.4260806629107477,0.6418114074676514,-1.1864400050271184,0.3198743230701731
OWWOWWWO,OWWOWOWO,3,4,1.0269034547216378,0.9023395213356439,1.0245065996731944,0.306319196859917,0.3145602415030062,-1.4463052366445261,-0.41940178192288863
WWWOWOWO,OWWOWOWO,3,4,0.6758761816189596,0.5331939974508749,1.0674077523474883,0.3154261404542153,0.21318901539300067,-1.0952779635418481,-0.41940178192288863
OWWOWWWO,OWWOWWOO,3,4,2.2244866775733256,0.5741914883045705,3.299487929115473,0.633416733997653,1.409027086129786,-1.4463052366445261,0.7781814409287993
OWWOWWWW,OWWOWWOW,2,3,0.949441262879558,0.6269077794780832,1.3061371602890988,0.3628851339149763,0.3445381198244526,0.5992760282775194,1.5487172911570772
WWWOWWOW,OWWOWWOW,2,3,1.1100780238907761,0.6379879305134724,1.5041953641686436,0.39866820723436425,0.4425528156748015,0.43863926726630115,1.5487172911570772
OWWWOOWW,OWWWOOOW,3,4,1.3862944728645725,0.8476574987860959,1.4628644575074325,0.3914405113208863,0.5426518172994268,-0.6162351211458312,0.7700593517187414
WWWWOOOW,OWWWOOOW,3,4,0.7308199907024676,0.14737658535590156,2.9542811808604856,0.5970675478694942,0.4363488997827289,0.0392393610162736,0.7700593517187414
OWWWWOWO,OWWWOOWO,3,4,1.2458805226664713,0.8954674420234819,1.2515532603798432,0.35248222463472345,0.4391507382585498,-0.6024138050401304,0.6434667176263408
OWWWOWWW,OWWWOWOW,2,3,1.9838076502259263,1.5410101471107522,1.208894200757211,0.3441749149987776,0.6827768293904329,-0.9557956972326097,1.0280119529933165
OWWWWOWO,OWWWWOOO,3,4,1.5466987721480934,0.38945279357788726,3.160057093232149,0.6190992909886487,0.9575601132098981,-0.6024138050401304,0.9442849671079632
WOOOOOWO,WOOOOOOO,6,7,1.6688677657433901,0.869494547268252,1.721379218115011,0.43478906396259476,0.7256054537449155,-1.2615977356965402,0.4072700300468502
WOOOOWOO,WOOOOOOO,6,7,1.1532212365967311,0.5731756659859785,1.7131059467333027,0.43346675328362044,0.49988306524530696,-0.7459512065498809,0.4072700300468502
WOOOOOWW,WOOOOOWO,5,6,2.3371199987376152,2.1168377983657005,1.0542584579081922,0.31265508375095263,0.7307124489413354,-3.598717734434155,-1.2615977356965402
WOOOOWWO,WOOOOOWO,5,6,2.846995256221748,2.3011651851258965,1.185672386830178,0.339585065548438,0.9667970707001543,-4.108592991918288,-1.2615977356965402
WOOOOWWO,WOOOOWOO,5,6,3.362641785368407,1.9106152109081695,1.6724442186277622,0.42690864903704334,1.4355408617871381,-4.108592991918288,-0.7459512065498809
WOOOOWWW,WOOOOWOW,4,5,2.8203919773677755,2.618878476417085,1.037336534836402,0.30906277330577087,0.8716781663346316,-2.774019777858848,0.04637219950892731
WOOOWOOW,WOOOWOOO,5,6,2.8393032171610337,0.9796097697202846,2.6299347197429186,0.5598988148128742,1.5897225061828435,-0.0574388943044174,2.7818643228566162
WOOOWOWO,WOOOWOOO,5,6,3.633197800853594,1.010097053297318,3.2728650076693,0.6307191723981929,2.2915275101133132,-0.851333477996978,2.7818643228566162
WOOOWWOO,WOOOWOOO,5,6,2.7294946773573865,1.5153097215877378,1.6897655235272662,0.4297144226504979,1.1729032294082364,0.05236964549922988,2.7818643228566162
WOOWWOOO,WOOOWOOO,5,6,2.464859928161666,1.0650990063307182,2.1155798046076137,0.4935388800513252,1.2165042084282984,0.31700439469495006,2.7818643228566162
WOWOWOOO,WOOOWOOO,5,6,2.3032720612522604,1.8522099096447708,1.1798280757991693,0.33842224191831494,0.7794784947168083,0.47859226160435614,2.7818643228566162
WOOOWOWW,WOOOWOOW,4,5,2.138367461664219,1.1513719759528933,1.708818403125815,0.4327798912775748,0.9254424375705443,-2.1958063559686365,-0.0574388943044174
WOOOWOWW,WOOOWOWO,4,5,1.3444728779716586,0.4061217534962822,2.6564218366115626,0.5630562939393682,0.7570139159727185,-2.1958063559686365,-0.851333477996978
WOOOWWWO,WOOOWOWO,4,5,0.9900901533702905,0.5245587917442499,1.5852633354262697,0.4125047870035373,0.4084169278303113,-1.8414236313672685,-0.851333477996978
WOWOWOWO,WOOOWOWO,4,5,0.32324434781522987,0.1496340446315208,1.294872853950524,0.36075862871539865,0.1166131876578257,-1.174577825812208,-0.851333477996978
WOOOWWWO,WOOOWWOO,4,5,1.8937932768664985,1.5257544873956486,1.1648703980514488,0.33543190203079076,0.6352386809124535,-1.8414236313672685,0.05236964549922988
WOOWWWOO,WOOOWWOO,4,5,0.9199003006958734,0.7526715311155916,1.0788448624434817,0.31782208052979805,0.2923646274471493,-0.8675306551966435,0.05236964549922988
WOOWWWOW,WOOOWWOW,3,4,0.8536612985520446,0.45191447378244604,1.5467275077995895,0.40598247924320446,0.34657153042013245,-0.808315173608212,0.0453461249438325
WWOOWWWO,WOOOWWWO,3,4,0.39905924748161437,0.21985201291293202,1.2476371302069735,0.3517261978804197,0.14035959184572966,-2.240482878848883,-1.8414236313672685
WOOWOOWW,WOOWOOOW,4,5,2.377621032643218,1.4151816413538525,1.5691986807065286,0.40979769033022223,0.9743436076577486,-2.209820969269862,0.16780006337335648
WOOWOOWW,WOOWOOWO,4,5,1.753170181939587,1.1684841179812553,1.3820986460040914,0.3769597422551404,0.6608745799133443,-2.209820969269862,-0.45665078733027453
WOOWOWWO,WOOWOOWO,4,5,2.3532345944656434,0.9893535516314415,2.1602119816301917,0.4997162153286861,1.1759494853269068,-2.8098853817959184,-0.45665078733027453
WOOWOWWO,WOOWOWOO,4,5,3.2494420604789194,0.3075541651469043,7.973031165827115,0.9529391761788458,3.0965206401536727,-2.8098853817959184,0.43955667868300113
WWOWOWWW,WOOWOWWW,2,3,0.7268182298561419,0.23787530880235566,2.1511433683403696,0.49846816282574785,0.3622957477446532,-0.9347597131167319,-0.20794148326059006
WOOWWWOO,WOOWWOOO,4,5,1.1845350498915936,0.9123064126145085,1.1701348871556252,0.3364867287456512,0.3985803240225891,-0.8675306551966435,0.31700439469495006
WWOWWOWW,WOOWWOWW,2,3,1.1737904042551666,0.6632017614827406,1.5379817808265257,0.40448850014052007,0.4747847200965071,-1.7140610744207112,-0.5402706701655445
WOWOOOWO,WOWOOOOO,5,6,2.1977883491789534,1.0772146046176354,1.8669394183168537,0.45741851590822985,1.0053090849618354,-1.2436404565841184,0.9541478925948347
WOWOOOWW,WOWOOOOW,4,5,3.7761845654198747,1.5950632891750338,2.2277543201691876,0.5089004710762539,1.9217021042130533,-2.4361354662608474,1.340049099159027
WOWOOOWW,WOWOOOWO,4,5,1.1924950096767288,0.8533365311615989,1.2508646954121498,0.3523493893576929,0.4201748884716915,-2.4361354662608474,-1.2436404565841184
WOWOOWWO,WOWOOOWO,4,5,2.547018553830727,1.416307122940395,1.6797510974502285,0.42809445745270175,1.0903645259241301,-3.7906590104148457,-1.2436404565841184
WOWOOWWO,WOWOOWOO,4,5,5.482544816868134,4.677133520892015,1.1476641364305848,0.3319663649699018,1.8200204736402903,-3.7906590104148457,1.6918858064532873
WWWOOWWW,WOWOOWWW,2,3,1.2895786273996332,1.18749189153373,1.0016207759284739,0.3013818001552329,0.38865552816741583,-2.517584343500927,-1.2280057161012936
WOWOWOWO,WOWOWOOO,4,5,1.653170087416564,1.4055085618885932,1.0980808274798093,0.3218222151503406,0.5320268595526808,-1.174577825812208,0.47859226160435614
WOWOWOWW,WOWOWOOW,3,4,2.0109910787301137,1.1452909488145004,1.6148764918307235,0.41745118070496523,0.8394906002030377,-0.8872632701179203,1.1237278086121933
WOWOWWWO,WOWOWWOO,3,4,2.822376663154913,1.6775851610531884,1.5877589017916325,0.4129238112164938,1.165426528438417,-2.214746370108569,0.6076302930463441
WOWOWWWW,WOWOWWOW,2,3,1.1444126409179773,0.7592137806729312,1.3319300349462273,0.36771551611587733,0.42081828490468826,0.07851059911705638,1.2229232400350336
WOWWOOWO,WOWWOOOO,4,5,3.415807681543096,1.6901656497778101,1.9080958692102352,0.4636087195125497,1.583598225341326,-0.09500444354858051,3.320803237994516
WOWWOWOO,WOWWOOOO,4,5,2.1350564298634187,1.6230840348147273,1.2390901353183208,0.35007157659977967,0.7474225705317838,1.1857468081310965,3.320803237994516
WOWWWOOO,WOWWOOOO,4,5,1.406453769642362,0.5311593670129116,2.228365517727618,0.5089826999488388,0.7158606370257916,1.9143494683521538,3.320803237994516
WWWWOOOO,WOWWOOOO,4,5,2.9646935102578564,1.6890126008122188,1.6571674838466055,0.4244189292759113,1.2582720452548823,0.35610972773665867,3.320803237994516
WOWWOOWW,WOWWOOOW,3,4,2.353151125407108,1.1748043186560253,1.8458920251289546,0.4542184186645549,1.0688445830611342,-0.985929646640665,1.367221478766443
WWWWOOOW,WOWWOOOW,3,4,1.3279821177501692,0.72558696837523,1.6085308618226641,0.41639597927575894,0.5529664143812779,0.0392393610162736,1.367221478766443
WOWWOOWW,WOWWOOWO,3,4,0.8909252030920843,0.3773492454314151,1.866401197066711,0.45733697652819044,0.40745303869489785,-0.985929646640665,-0.09500444354858051
WOWWOWWO,WOWWOWOO,3,4,3.15801334773591,1.9711238680038097,1.5247824606355707,0.4022239645475274,1.270228648820347,-1.9722665396048134,1.1857468081310965
WOWWWWOO,WOWWOWOO,3,4,0.8783546016550616,0.4954925205557283,1.4750052625939944,0.39357612670922487,0.3456994019966233,0.30739220647603477,1.1857468081310965
WWWWOWOO,WOWWOWOO,3,4,0.7745868077472243,0.5164367361861094,1.2565552347505902,0.35344596841402137,0.2737745843849431,0.41116000038387224,1.1857468081310965
WOWWOWWW,WOWWOWOW,2,3,2.58619196019389,0.7790043663358569,2.942183291960734,0.5957368129511693,1.5406897560458455,-0.8987854859772034,1.6874064742166868
WOWWWOWO,WOWWWOOO,3,4,1.2822084069780701,0.8646222609207913,1.3292336896249142,0.3672130630401373,0.4708436765822321,0.6321410613740834,1.9143494683521538
WOWWWOWW,WOWWWOWO,2,3,0.7247654578500494,0.27966126195689045,1.9089792150886984,0.46374061818603013,0.33610318146326307,-0.09262439647596594,0.6321410613740834
WOWWWWWO,WOWWWOWO,2,3,1.3780485844882897,0.9870159190891914,1.267735421614574,0.35559238371488006,0.4900235810331072,-0.7459075231142064,0.6321410613740834
WWWWWOWO,WOWWWOWO,2,3,1.1097855261485194,0.4913132830742801,1.876814808520223,0.4589119056072453,0.5092937906201565,-0.4776444647744362,0.6321410613740834
WWWWWOWW,WOWWWOWW,1,2,0.5799843884017607,0.11448621195560044,2.7040637396394502,0.5686784514266127,0.3298246238479243,-0.6726087848777267,-0.09262439647596594
WOWWWWWO,WOWWWWOO,2,3,1.0532997295902409,0.881179179048935,1.0735039553236474,0.3167048681416069,0.33358515197346744,-0.7459075231142064,0.30739220647603477
WWOOOOWW,WWOOOOOW,4,5,3.9930294500349373,2.09808387274241,1.8165955810653793,0.44972449358838895,1.7957631473004854,-2.185551358571528,1.8074780914634097
WWOOOWOW,WWOOOOOW,4,5,2.0250815857571123,1.5864689745326415,1.200781998564965,0.34257702505707444,0.6937464251465343,-0.21760349429370252,1.8074780914634097
WWOOWOOW,WWOOOOOW,4,5,1.9837866490984941,1.6202009552886238,1.1532295939026753,0.33309034011091176,0.6607801696557034,-0.17630855763508432,1.8074780914634097
WWOOOWWW,WWOOOWOW,3,4,2.5976488188654163,1.6133927954532072,1.5160848264091804,0.40072527867323937,1.040943546835055,-2.8152523131591187,-0.21760349429370252
WWOOWOOW,WWOOWOOO,4,5,2.231989436659976,0.46498228123633084,3.950547673416929,0.6946532470923062,1.5504587096515798,-0.17630855763508432,2.055680879024892
WWOOWOWO,WWOOWOOO,4,5,3.6637057087492173,1.496276218263182,2.2951577345025465,0.5178762084852516,1.8973460214528162,-1.6080248297243245,2.055680879024892
WWOOWWOO,WWOOWOOO,4,5,0.8425878623420825,0.743516945997549,0.998898559584517,0.3007907550333132,0.25344263929578037,1.2130930166828096,2.055680879024892
WWOWWOOO,WWOOWOOO,4,5,1.7307419219600586,1.1436168153819408,1.391700321636863,0.37870676193306085,0.6554436690072961,0.3249389570648334,2.055680879024892
WWOOWOWW,WWOOWOOW,3,4,2.30585918013171,1.7926414080965014,1.2183286122069983,0.34602588081095753,0.7978869538311073,-2.4821677377667943,-0.17630855763508432
WWOOWWOW,WWOOWWOO,3,4,1.3751479532928608,1.2611656632396,1.010272291191935,0.3032548865513257,0.41702033656711424,-0.16205493661005133,1.2130930166828096
WWOOWWWO,WWOOWWOO,3,4,3.4535758955316926,0.6399175079616787,4.667514768025408,0.7533926604551209,2.6018987320182987,-2.240482878848883,1.2130930166828096
WWOWWWOO,WWOOWWOO,3,4,1.2938724341693106,0.29944304911563624,3.2391912615175906,0.627283011271653,0.8116241967071087,-0.08077941748650103,1.2130930166828096
WWOWOOWO,WWOWOOOO,4,5,1.5487239543079314,1.2079337460087867,1.1840996985007275,0.3392724589047108,0.5254393841426789,-1.1894232862660254,0.35930066804190625
WWOWOOWW,WWOWOOOW,3,4,2.67066506734176,0.856082776709294,2.7933408407730376,0.579021866856897,1.5463734730417265,-1.7295031439908148,0.9411619233509447
WWOWOWWO,WWOWOOWO,3,4,2.026767731996678,1.5276020506491563,1.2452477134618487,0.35126426278022643,0.7119310732065646,-3.216191018262703,-1.1894232862660254
WWOWOWWO,WWOWOWOO,3,4,3.532457227282905,2.072182819990926,1.6262246413023655,0.4193318719078226,1.4812719015508573,-3.216191018262703,0.3162662090202022
WWOWWOWO,WWOWWOOO,3,4,1.1775841976390404,0.8227686325713686,1.2761424219174073,0.3571994330822905,0.42063240780332917,-0.8526452405742071,0.3249389570648334
WWOWWOWW,WWOWWOWO,2,3,0.861415833846504,0.3579867113353841,1.8808751706677538,0.45952444055577407,0.3958416291342004,-1.7140610744207112,-0.8526452405742071
WWWOOOWO,WWWOOOOO,4,5,1.9709309998970685,1.4227532571592691,1.2943206593915846,0.36065411577631923,0.710824377024014,-1.1669470923710552,0.8039839075260132
WWWOOWOO,WWWOOOOO,4,5,1.1885628323815631,0.6166738302708658,1.6584431887687983,0.4246273838272335,0.5046963260284698,-0.38457892485554995,0.8039839075260132
WWWOOOWW,WWWOOOOW,3,4,3.4090005727353105,0.6426510115438424,4.590312973045833,0.7474361224949951,2.548010169668498,-3.0634745939141124,0.3455259788211981
WWWOOOWW,WWWOOOWO,3,4,1.8965275015430574,1.739450421723699,1.0310294200622558,0.3077162143344746,0.5835922631560491,-3.0634745939141124,-1.1669470923710552
WWWOOWWO,WWWOOOWO,3,4,3.1020503955895298,1.486849781592965,1.9548481725066154,0.4705351706532895,1.4596238122638234,-4.268997487960585,-1.1669470923710552
WWWOOWWO,WWWOOWOO,3,4,3.8844185631050347,3.304825859500386,1.1408567496239066,0.33058760847648666,1.284140643098564,-4.268997487960585,-0.38457892485554995
WWWOOWWW,WWWOOWOW,2,3,3.568467313599779,2.787783402275467,1.2357115532930754,0.349415771086533,1.2468787579785556,-2.517584343500927,1.0508829700988522
WWWOWOOW,WWWOWOOO,3,4,1.2599449515268246,0.6584462885109352,1.6612184285330034,0.42508052220768133,0.5355780579479543,0.5101579767517869,1.7701029282786112
WWWOWOWO,WWWOWOOO,3,4,2.8653808918204593,1.7665102529168797,1.5351541130527406,0.4040043654105732,1.157626388859507,-1.0952779635418481,1.7701029282786112
WWWWWOOO,WWWOWOOO,3,4,1.8026089514351347,0.418892799678657,3.47395252458979,0.6506913712630527,1.1729420904603813,-0.0325060231565234,1.7701029282786112
WWWOWWWO,WWWOWWOO,2,3,3.1910342952802595,1.382486245493152,2.15248829793949,0.49865348314369534,1.5912203661724886,-1.6788059244898113,1.5122283707904483
WWWWOWWW,WWWWOWOW,1,2,1.9336088121547181,0.7734401516263343,2.213785121458366,0.5070168358110785,0.9803722216351032,-0.9411780039655446,0.9924308081891735
WWWWWOWW,WWWWWOOW,1,2,1.1961878639723087,0.6409530400864455,1.6143909252774669,0.41737052739028013,0.49925355964397516,-0.6726087848777267,0.5235790790945819
WWWWWWWO,WWWWWWOO,1,2,1.0653912540781776,0.6841094761464409,1.3587276859783854,0.3726778046823487,0.39704767369762956,-0.5605518374880619,0.5048394165901157
WWWWWWWW,WWWWWWOW,0,1,0.38766548912139603,0.18241493818853144,1.3726805373963702,0.3752392678483172,0.1454673143079724,0.417903528573029,0.8055690176944251
