wo,mut_count,mean_log2fc_pos_pre,mean_log2fc_neg_pre,n_libs,delta_log2fc_pos_minus_neg,log2fc_neg_pre_lib1,log2fc_neg_pre_lib2,log2fc_pos_pre_lib1,log2fc_pos_pre_lib2
OOOOOOOO,8,1.541760173626038,0.760840173660543,2,0.780919999965495,0.8700726782791035,0.6516076690419825,1.4013574833130393,1.6821628639390365
OOOOOOOW,7,0.321078789578223,-0.31136380725798773,2,0.6324425968362107,-0.41481994331733474,-0.20790767119864073,-0.3986963377012082,1.0408539168576543
OOOOOOWO,7,-0.7228694188871037,0.0034087473782537514,2,-0.7262781662653575,0.30611231507930275,-0.29929482032279525,-1.0183010015767768,-0.42743783619743053
OOOOOOWW,6,-3.863350256770657,-0.1201228338011272,2,-3.7432274229695297,-0.5658284784286554,0.32558281082640095,-4.807749005126951,-2.9189515084143633
OOOOOWOO,7,-0.27173319468181617,-0.23891188881112851,2,-0.032821305870687656,0.5533115110930845,-1.0311352887153415,-0.4506836071009266,-0.0927827822627058
OOOOOWOW,6,0.21957142623695552,-0.7427702808653924,2,0.9623417071023479,-0.27072854055030066,-1.2148120211804843,0.5470805691747836,-0.10793771670087263
OOOOOWWO,6,-3.135138509179657,-0.38375676785237745,2,-2.75138174132728,-0.31760399331716205,-0.4499095423875928,-2.5615022883433283,-3.7087747300159855
OOOOOWWW,5,-2.6059808336516137,-0.32384800764843247,2,-2.2821328260031812,-0.5859970301584725,-0.0616989851383925,-2.5618294168837705,-2.650132250419457
OOOOWOOO,7,1.0380274446726416,-0.21169757709948256,2,1.2497250217721243,0.6163177949323557,-1.0397129491313208,0.412662090559822,1.663392798785461
OOOOWOOW,6,0.20346337097738482,0.020096686010098674,2,0.18336668496728614,0.3236035751421795,-0.2834102031219822,0.0625371511370864,0.3443895908176832
OOOOWOWO,6,0.08383226558281531,0.18179685731072331,2,-0.097964591727908,0.5250253770731106,-0.161431662451664,0.22141961725193535,-0.05375508608630473
OOOOWOWW,5,-2.3666715541557704,-1.0232760820412075,2,-1.343395472114563,-1.84442583682825,-0.20212632725416488,-2.7139576896228927,-2.019385418688648
OOOOWWOO,6,0.3201185962201926,0.37445038025152144,2,-0.05433178403132882,0.179441288388482,0.5694594721145609,-0.007451668953492634,0.6476888613938778
OOOOWWOW,5,-0.2094073971254511,0.3548137221580776,2,-0.5642211192835287,0.5237321593967292,0.18589528491942595,0.04397760757908595,-0.46279240182998815
OOOOWWWO,5,-0.5331291268299824,0.42681766743891636,2,-0.9599467942688987,-0.07472563506868016,0.9283609699465128,-1.0464617448622318,-0.01979650879773308
OOOOWWWW,4,-0.20352055232023036,-0.27992700750267996,2,0.0764064551824496,-0.5502388899446349,-0.009615125060725085,-0.31053745066441574,-0.09650365397604502
OOOWOOOO,7,-1.2513358731210609,0.8039966339169956,2,-2.0553325070380564,1.700713901594122,-0.09272063376013077,-2.5423178714602925,0.0396461252181707
OOOWOOOW,6,-0.13241214986834843,-0.22402775535220162,2,0.0916156054838532,0.05047714472221878,-0.498532655426622,-0.05124195278939726,-0.21358234694729958
OOOWOOWO,6,-1.687356063025302,-0.08361552768212058,2,-1.6037405353431813,-0.10909379575670977,-0.05813725960753137,-1.9021028920472667,-1.4726092340033372
OOOWOOWW,5,-1.8708978888315877,-0.8480439984987147,2,-1.022853890332873,-1.1584072802017618,-0.5376807167956676,-1.958945681305537,-1.7828500963576381
OOOWOWOO,6,-0.09210304906661267,-0.5355471401443663,2,0.4434440910777537,-0.30780710282138257,-0.76328717746735,-0.013006366908134637,-0.1711997312250907
OOOWOWOW,5,0.21397197325500786,-0.2088812351012992,2,0.422853208356307,0.034756388544380054,-0.45251885874697845,0.0040334133734620465,0.4239105331365537
OOOWOWWO,5,-3.671583729746194,-0.22499535797295028,2,-3.446588371773244,-0.5974906166968238,0.1474999007509232,-3.59139037277245,-3.751777086719939
OOOWOWWW,4,-1.8934650735178806,-1.0487850155788239,2,-0.8446800579390568,-1.640724137015455,-0.4568458941421925,-2.7189044909019344,-1.0680256561338266
OOOWWOOO,6,-0.07828003169321168,-0.45085054979209094,2,0.37257051809887926,-0.5204259143802824,-0.38127518520389947,0.09076013817838567,-0.24732020156480905
OOOWWOOW,5,0.0405376635906225,-0.9490081578670572,2,0.9895458214576797,-1.1843241613380466,-0.7136921543960677,0.5269235292418711,-0.44584820206062614
OOOWWOWO,5,-0.715166119477503,-0.2961466813178049,2,-0.41901943815969805,-0.2104671672256278,-0.381826195409982,-0.6840958510845281,-0.746236387870478
OOOWWOWW,4,-2.0967313181290486,0.003857809689732261,2,-2.1005891278187807,-0.5187239498544789,0.5264395692339434,-2.3147322979773097,-1.878730338280787
OOOWWWOO,5,-0.5275715088655974,-0.5423520540211294,2,0.014780545155531954,-0.289682688247133,-0.7950214197951257,-0.49893115918477915,-0.5562118585464156
OOOWWWOW,4,-0.7340217579533269,-0.4970285732444133,2,-0.23699318470891362,-0.8507166572701234,-0.14334048921870324,-0.8613139302690056,-0.6067295856376482
OOOWWWWO,4,-0.9874918971999003,-0.08612304231742701,2,-0.9013688548824732,-0.78982195230404,0.6175758676691859,-0.7088631196575326,-1.266120674742268
OOOWWWWW,3,-1.120779813213942,-0.6194259253782286,2,-0.5013538878357133,-0.6147626121871944,-0.6240892385692627,-1.9824426378627897,-0.25911698856509424
OOWOOOOO,7,2.5406150702856416,1.0366321257197513,2,1.5039829445658903,1.4122986332165937,0.660965618222909,2.5463137194658465,2.5349164211054367
OOWOOOOW,6,0.541714555386007,-0.10956078775528161,2,0.6512753431412885,-0.4651208045359486,0.2459992290253854,0.472802172442081,0.6106269383299331
OOWOOOWO,6,0.08693062786410494,-0.24173423843276579,2,0.32866486629687075,-0.16450186383757315,-0.3189666130279584,0.38773169646414934,-0.21387044073593947
OOWOOOWW,5,-2.053702515967119,-0.6981862041863661,2,-1.355516311780753,-0.754675768744425,-0.6416966396283073,-2.1557779006448463,-1.9516271312893916
OOWOOWOO,6,0.7561072596196758,0.1638793924091947,2,0.5922278672104812,0.9119599366511885,-0.5842011518327991,0.5970816514024828,0.915132867836869
OOWOOWOW,5,0.802573419140026,0.04711925610520862,2,0.7554541630348174,0.6222754152574924,-0.5280369030470752,0.6442849890918927,0.9608618491881592
OOWOOWWO,5,-2.237476730960111,-0.44854181427004075,2,-1.7889349166900703,0.19167544538503037,-1.0887590739251118,-1.2715436727750906,-3.203409789145132
OOWOOWWW,4,-2.48033648504048,-0.5564410214400837,2,-1.9238954636003964,-0.8502123389468883,-0.26266970393327915,-2.0331100599082563,-2.9275629101727043
OOWOWOOO,6,-0.16334374662769535,-0.8168525949498762,2,0.6535088483221808,-0.9709112404921513,-0.6627939494076011,-1.1160437064018596,0.7893562131464689
OOWOWOOW,5,1.0901239986893843,-0.33003412565774515,2,1.4201581243471293,-0.2613983687128205,-0.3986698826026697,1.0808565382869686,1.0993914590917997
OOWOWOWO,5,-0.10310461117283565,-0.507467081487275,2,0.4043624703144394,-0.31132575124525524,-0.7036084117292948,0.061838380608222096,-0.2680476029538934
OOWOWOWW,4,-1.798378909332477,-0.044626002778643946,2,-1.7537529065538329,-0.134841597079861,0.045589591522573095,-2.4100525904660826,-1.1867052281988713
OOWOWWOO,5,1.1991114480046159,0.6315741456726819,2,0.567537302331934,0.8254953396667936,0.43765295167857016,0.7808068144619833,1.6174160815472487
OOWOWWOW,4,0.7212104683552196,0.16689188723899692,2,0.5543185811162227,0.03289362245330637,0.3008901520246875,0.5913732609229141,0.8510476757875252
OOWOWWWO,4,-1.1746429234191564,-0.41426536555604926,2,-0.7603775578631071,-0.7977290987964907,-0.030801632315607796,-1.8269685782216036,-0.5223172686167092
OOWOWWWW,3,-0.21625287329715467,-0.4267189431087832,2,0.21046606981162855,-0.8267695348538111,-0.0266683513637553,-0.43274232252205663,0.00023657592774728133
OOWWOOOO,6,2.0769825373815305,0.9247070794073489,2,1.1522754579741816,1.365323216196384,0.4840909426183138,2.3726673205524893,1.781297754210572
OOWWOOOW,5,0.9249434986051459,1.000338278579987,2,-0.07539477997484112,1.6090551432330018,0.39162141392697236,0.2138466319822177,1.6360403652280742
OOWWOOWO,5,0.5053207878839358,0.07192459100160048,2,0.43339619688233527,0.48788673274712435,-0.3440375507439234,0.5727626977636286,0.43787887800424286
OOWWOOWW,4,-0.8007896564937019,-0.7215350012805095,2,-0.07925465521319242,-1.1080230518776775,-0.33504695068334156,-1.43193090711244,-0.16964840587496394
OOWWOWOO,5,1.5541631216799683,0.6806705394451561,2,0.8734925822348122,1.182190566502097,0.1791505123882152,1.3532994845832536,1.755026758776683
OOWWOWOW,4,1.0844197924977261,-0.071182544064544,2,1.15560233656227,0.27336557716433857,-0.41573066529342656,0.9213447819010983,1.2474948030943538
OOWWOWWO,4,-1.310874477020354,-0.05193342011027163,2,-1.2589410569100823,-0.23862209996017927,0.134755259739636,-1.1361451402926748,-1.4856038137480332
OOWWOWWW,3,-0.27589222655284557,-0.12056487070543871,2,-0.15532735584740687,-0.4778013651884903,0.2366716237776129,-0.4004676196738561,-0.15131683343183505
OOWWWOOO,5,1.2084441403674075,0.4628758850340793,2,0.7455682553333283,0.7953028621085808,0.1304489079595778,1.4589720985736894,0.957916182161126
OOWWWOOW,4,0.69669088410938,-0.3737721314432437,2,1.0704630155526238,0.41441037714439455,-1.161954640030882,0.8761849108518779,0.517196857366882
OOWWWOWO,4,-0.4134174869092721,-0.2706661615862856,2,-0.1427513253229865,0.26588105029577325,-0.8072133734683444,-0.9255712317281701,0.09873625790962588
OOWWWOWW,3,-0.6618560725530211,-0.5292661169818348,2,-0.13258995557118636,-0.3664955437216841,-0.6920366902419856,-1.0417532328796921,-0.28195891222635006
OOWWWWOO,4,1.254193406707776,0.6869393604971259,2,0.5672540462106501,0.41643031129509045,0.9574484096991613,1.3762472342139405,1.1321395792016116
OOWWWWOW,3,1.2716044488895153,0.10147266462323201,2,1.1701317842662833,0.3145385364490809,-0.11159320720261688,1.3063792047030507,1.2368296930759797
OOWWWWWO,3,-0.3260090463278502,-0.039148270309618816,2,-0.2868607760182314,0.8076370122681361,-0.8859335528873737,-0.25330648769258884,-0.3987116049631116
OOWWWWWW,2,0.7743057972007146,-0.44801083864297353,2,1.222316635843688,-0.1608537484143914,-0.7351679288715557,0.7049014301277333,0.8437101642736959
OWOOOOOO,7,0.7015890059887793,-0.2669038707654209,2,0.9684928767542001,0.25468064503363746,-0.7884883865644793,0.13730418789768725,1.2658738240798713
OWOOOOOW,6,0.14846962413024273,0.0661996915197795,2,0.08226993261046323,0.2568772969569243,-0.12447791391736528,0.161884587214476,0.13505466104600944
OWOOOOWO,6,-1.7400452246969533,0.1997663631388682,2,-1.9398115878358215,0.19436593708637567,0.20516678919136075,-1.8370230772166565,-1.64306737217725
OWOOOOWW,5,-4.186055944776031,-0.7754174190415194,2,-3.410638525734512,-0.20024589181322505,-1.3505889462698137,-4.995513513332897,-3.3765983762191656
OWOOOWOO,6,-1.2179175811511709,-0.5432892826121689,2,-0.674628298539002,-0.5427687022458594,-0.5438098629784786,-1.9644531072233762,-0.47138205507896563
OWOOOWOW,5,-0.027298901900258993,-0.9205883004422212,2,0.8932893985419622,-0.891469307313965,-0.9497072935704773,0.3116976406359439,-0.3662954444364619
OWOOOWWO,5,-4.050349635157794,-1.0779343244085122,2,-2.9724153107492812,-2.015194833289101,-0.14067381552792352,-2.4499227144847753,-5.650776555830811
OWOOOWWW,4,-2.6201406899779753,-1.1760117823978233,2,-1.444128907580152,-1.3060138941068455,-1.046009670688801,-2.7014914894477107,-2.5387898905082404
OWOOWOOO,6,0.6545872990548987,-0.21747569249863277,2,0.8720629915535314,0.07297242303204049,-0.507923808029306,0.7396201851559638,0.5695544129538335
OWOOWOOW,5,0.1413052623846694,-0.016676053795128525,2,0.1579813161797979,-0.018045566820260244,-0.015306540769996806,0.2947596611329359,-0.012149136363597095
OWOOWOWO,5,-1.1893329468610772,0.24458241398103733,2,-1.4339153608421145,0.453560356948502,0.03560447101357267,-1.9632317135689543,-0.4154341801532001
OWOOWOWW,4,-1.9148443535046349,-0.7339587247408993,2,-1.1808856287637357,-1.643974557174597,0.1760571076927983,-2.0968445226874017,-1.7328441843218683
OWOOWWOO,5,0.3709874166688859,-0.006270466443422856,2,0.3772578831123088,-0.24800592178933356,0.23546498890248785,0.2482169084261527,0.49375792491161913
OWOOWWOW,4,0.6551656041684912,0.5733332298698721,2,0.08183237429861911,0.5911224439444842,0.55554401579526,0.6532869972203418,0.6570442111166408
OWOOWWWO,4,-0.5447003770879996,0.08117581629264148,2,-0.625876193380641,-0.01599532612221236,0.1783469587074953,-0.09950998239747932,-0.9898907717785198
OWOOWWWW,3,-0.1906342476765573,-0.29327080484570767,2,0.10263655716915038,-0.3865028855363679,-0.2000387241550474,-0.7463617143412236,0.365093218988109
OWOWOOOO,6,0.06802168039059579,-0.1703116446478305,2,0.2383333250384263,-0.9017364698934973,0.5611131805978363,0.10976754578781864,0.026275814993372937
OWOWOOOW,5,-0.08480278261369179,-0.1608950379713775,2,0.07609225535768571,-0.4010753595602546,0.0792852836174996,-0.05759574432413792,-0.11200982090324564
OWOWOOWO,5,-2.0116663572464226,-0.3534053671376899,2,-1.6582609901087326,-0.5206578874520214,-0.18615284682335836,-2.358355899176593,-1.6649768153162516
OWOWOOWW,4,-1.8732563309622585,-0.025518759759413923,2,-1.8477375712028445,-0.5542538140141469,0.503216294495319,-2.4684162400635254,-1.2780964218609916
OWOWOWOO,5,-0.3518927690155569,0.23406550404903514,2,-0.585958273064592,1.066620039531991,-0.5984890314339206,-0.40013110651585154,-0.3036544315152622
OWOWOWOW,4,0.1416676854920937,0.04704524676648899,2,0.09462243872560469,-0.1001192981531205,0.19420979168609848,-0.07322259868740648,0.35655796967159387
OWOWOWWO,4,-3.375622623604307,-0.9740896367723144,2,-2.4015329868319926,-2.0674360879936384,0.11925681444900967,-3.659032251469333,-3.092212995739281
OWOWOWWW,3,-1.6444920843096698,0.06653843908814244,2,-1.7110305233978123,0.13041254673985744,0.002664331436427443,-2.729013417207496,-0.5599707514118436
OWOWWOOO,5,-0.10049945274875008,0.047888766358451906,2,-0.14838821910720199,-0.42639480676362185,0.5221723394805257,0.0997128446383117,-0.30071175013581186
OWOWWOOW,4,-0.5528490576700189,-0.08359116615358148,2,-0.46925789151643743,-0.4214004409384444,0.25421810863128147,-0.9577996614211244,-0.14789845391891351
OWOWWOWO,4,-2.349135886919058,0.3018503509052029,2,-2.6509862378242612,-0.0007161511706114147,0.6044168529810172,-2.6541227242176797,-2.0441490496204366
OWOWWOWW,3,-2.342363795019578,0.09168245673137043,2,-2.4340462517509485,0.3405896698655108,-0.15722475640276995,-2.9876855866401963,-1.69704200339896
OWOWWWOO,4,-1.2459011385778853,-0.08763975245078068,2,-1.1582613861271047,-0.23242495284886908,0.057145447947307734,-2.1258952795919814,-0.3659069975637892
OWOWWWOW,3,-1.2439880354120196,-0.5891316454720162,2,-0.6548563899400034,-0.5419869962316864,-0.636276294712346,-1.7803924868961678,-0.7075835839278714
OWOWWWWO,3,-2.3647933043474367,-0.24732261896396046,2,-2.117470685383476,-0.19717450117287263,-0.2974707367550483,-3.2591344242698734,-1.4704521844250003
OWOWWWWW,2,-0.3218272067826589,-0.03497198967339618,2,-0.28685521710926276,-0.4550361418810847,0.38509216253429235,-0.5526953315691693,-0.09095908199614859
OWWOOOOO,6,1.705085640059974,0.6510205335097403,2,1.0540651065502338,1.0410490742695222,0.2609919927499584,1.9076687110378703,1.502502569082078
OWWOOOOW,5,0.49646377237643147,0.29478438990723166,2,0.2016793824691998,0.28577532356992513,0.3037934562445382,0.07879196210969826,0.9141355826431646
OWWOOOWO,5,-1.3558480084036155,-0.08726133264188812,2,-1.2685866757617275,0.31404556026152913,-0.4885682255453054,-1.340623489453802,-1.3710725273534288
OWWOOOWW,4,-3.943553630162654,0.06052237970386437,2,-4.004076009866519,-0.3421072004475992,0.4631519598553279,-4.722573138118677,-3.164534122206631
OWWOOWOO,5,-0.08438246629708057,0.050404998739438045,2,-0.13478746503651862,0.8826905516893718,-0.7818805542104957,-0.13794922459409326,-0.030815708000067887
OWWOOWOW,4,0.5598704825194265,0.16502117560272048,2,0.39484930691670606,-0.29395105536720184,0.6239934065726428,0.5966791017563532,0.5230618632824998
OWWOOWWO,4,-4.899967784528506,0.04844847114854507,2,-4.948416255677051,-0.059420638339767885,0.15631758063685802,-5.583565171898889,-4.216370397158125
OWWOOWWW,3,-3.7674212836362306,-0.8132248381930264,2,-2.954196445443204,-1.1773329027089585,-0.4491167736770942,-5.518577754230138,-2.016264813042323
OWWOWOOO,5,0.6749925646126276,-0.15455524081708716,2,0.8295478054297147,0.6997333468488913,-1.0088438284830656,0.6738171049633953,0.6761680242618597
OWWOWOOW,4,0.3481103811693253,0.07072377498863576,2,0.27738660618068955,0.3095342193109931,-0.1680866693337216,0.14990072690927184,0.5463200354293788
OWWOWOWO,4,-0.535499248997371,0.057204140879988284,2,-0.5927033898773593,0.09955389928659772,0.01485438247337885,0.3663084613048711,-1.437306959299613
OWWOWOWW,3,-2.1670497453067017,-0.6362539338868811,2,-1.5307958114198206,-1.0612133993994217,-0.21129446837434057,-2.419025822898483,-1.9150736677149205
OWWOWWOO,4,0.9664200189739944,0.14194517618132907,2,0.8244748427926654,0.13846579811133844,0.14542455425131973,0.841325470820386,1.091514567127603
OWWOWWOW,3,0.9750395713657108,-0.13389158832421041,2,1.1089311596899212,0.03759786316501596,-0.3053810398134368,0.5117218627640188,1.438357279967403
OWWOWWWO,3,-1.4026417231060386,-0.20578076393336142,2,-1.1968609591726773,-0.7862132056108243,0.37465167774410146,-1.6509437779075529,-1.1543396683045242
OWWOWWWW,2,-0.11096607200191878,-0.13702766772209965,2,0.026061595720180866,-0.22000727119436117,-0.05404806424983813,-0.24599728700746895,0.024065143003631394
OWWWOOOO,5,1.8238359802646371,-1.7938568962372612,2,3.6176928765018985,-2.0499884398680916,-1.5377253526064305,1.5255827481313524,2.122089212397922
OWWWOOOW,4,1.2747306859826932,0.22858729461054217,2,1.046143391372151,0.3248966684006781,0.1322779208204062,1.267189733314522,1.2822716386508648
OWWWOOWO,4,0.11139653796463084,0.1132528033691822,2,-0.0018562654045513605,0.2623586281093886,-0.035853021371024196,0.2944577362373182,-0.07166466030805653
OWWWOOWW,3,-0.8621974075746394,-0.24574117095642908,2,-0.6164562366182103,-0.5728401658981831,0.08135782398532491,-0.5935113818108795,-1.1308834333383992
OWWWOWOO,4,0.6268168109649264,0.2313445287784365,2,0.3954722821864899,0.4103637231726972,0.05232533438417578,0.34020172640795754,0.9134318955218951
OWWWOWOW,3,0.5889841554488457,-0.0100100336485055,2,0.5989941890973512,0.6668912101525757,-0.6869112774495867,0.2013876569421715,0.97658065395552
OWWWOWWO,3,-2.280982719392993,-0.13349925804238305,2,-2.14748346135061,-0.5910749581359931,0.324076442051227,-1.78411464751169,-2.7778507912742962
OWWWOWWW,2,-0.8190770561159759,-0.3079460363650965,2,-0.5111310197508794,-0.14537931967613296,-0.47051275305406004,-1.42989084008936,-0.20826327214259185
OWWWWOOO,4,0.8881011224284668,0.14924710179366343,2,0.7388540206348034,-0.49626847468616014,0.794762678273487,0.842791070128678,0.9334111747282556
OWWWWOOW,3,0.7353053892491846,-0.13562058854131542,2,0.8709259777905001,0.332920299775614,-0.6041614768582448,0.7116326977182551,0.7589780807801142
OWWWWOWO,3,-0.5862731000146977,0.4089862003036142,2,-0.9952593003183119,-0.28345859709018967,1.1014309976974181,-0.4633360754764815,-0.7092101245529138
OWWWWOWW,2,-0.6230655125485187,-0.3281133090365501,2,-0.2949522035119686,-0.8731056462438943,0.21687902817079407,0.28664852275449404,-1.5327795478515314
OWWWWWOO,3,0.17825731671251466,0.3047021005866876,2,-0.12644478387417296,0.5350812182349579,0.07432298293841737,-0.1808089543110516,0.5373235877360809
OWWWWWOW,2,0.893272744090206,0.15237780412282043,2,0.7408949399673855,0.5318940579865824,-0.22713844974094152,0.8867962401541578,0.8997492480262542
OWWWWWWO,2,-0.6258262727438964,0.06609978699047878,2,-0.6919260597343752,0.1778670637448121,-0.045667489763854555,-0.7834106367861216,-0.46824190870167126
OWWWWWWW,1,0.6212106090995684,0.013265766709772475,2,0.607944842389796,0.2740596314908667,-0.24752809807132176,0.47541735473769414,0.7670038634614427
WOOOOOOO,7,1.8264362083711907,1.4366969621922907,2,0.3897392461789,1.4169159376826488,1.4564779867019326,1.8066582431877694,1.846214173554612
WOOOOOOW,6,0.119660693971269,-0.13376013580157242,2,0.2534208297728414,-1.2864563094559764,1.0189360378528316,0.1050814617721417,0.1342399261703963
WOOOOOWO,6,-1.0991212898678955,0.4401908132393188,2,-1.5393121031072143,0.6699525663805384,0.21042906009809928,-0.12576097156827146,-2.0724816081675197
WOOOOOWW,5,-5.081515742867461,0.016010670136311578,2,-5.097526413003773,-0.8804170766419169,0.9124384169145401,-5.322596351419337,-4.840435134315586
WOOOOWOO,6,-0.315133588040845,0.6976585639461556,2,-1.0127921519870005,0.15149627141254904,1.2438208564797621,-1.2382061721573412,0.6079389960756512
WOOOOWOW,5,0.4470809995222225,0.017371837000635215,2,0.4297091625215873,-0.4714072731032686,0.506150947104539,0.7355024695529776,0.15865952949146742
WOOOOWWO,5,-5.9678433070337595,-0.4957152939868887,2,-5.472128013046871,-0.9339943073577284,-0.057436280616048996,-6.98854854125675,-4.947138072810769
WOOOOWWW,4,-4.1235387052839005,-0.5695776007665307,2,-3.55396110451737,-1.3477591347144713,0.20860393318140988,-5.79750362093894,-2.44957378962886
WOOOWOOO,6,1.9547916421761475,-0.4792494551573927,2,2.43404109733354,-0.738645179353934,-0.2198537309608514,2.6778173975197617,1.2317658868325334
WOOOWOOW,5,0.33603351981878793,0.25715031231762286,2,0.07888320750116506,-0.1714783827252272,0.6857790073604729,0.3834221109992248,0.288644928638351
WOOOWOWO,5,-0.8327759594988497,0.4043139146047695,2,-1.2370898741036194,0.9858419388665879,-0.17721410965704892,-0.27678443140239056,-1.3887674875953089
WOOOWOWW,4,-3.1297044956279993,-0.4127584037322042,2,-2.716946091895795,-1.2418597560307494,0.4163429485663411,-3.6527568610561985,-2.6066521301998002
WOOOWWOO,5,0.5075970644059604,0.26005060302091054,2,0.24754646138504988,0.660275325244237,-0.14017411920241593,0.7021286179018099,0.3130655109101108
WOOOWWOW,4,-0.10423201614533328,-0.4916163670856232,2,0.3873843509402899,-0.1696564313409952,-0.8135763028302512,-0.46494084037586025,0.2564768080851937
WOOOWWWO,4,-2.635957120010134,-0.14684885356184582,2,-2.489108266448288,-0.2958652942693694,0.0021675871456777666,-2.5471799999591447,-2.7247342400611236
WOOOWWWW,3,-1.047969010173454,-0.27011767511840623,2,-0.7778513350550478,-0.13380011493047578,-0.4064352353063367,-0.8791973501575602,-1.216740670189348
WOOWOOOO,6,0.9809021229164014,0.0024462924253457093,2,0.9784558304910558,-0.06159195784751755,0.06648454269820897,1.2991738355824958,0.662630410250307
WOOWOOOW,5,0.010039260814854366,0.0456199418609394,2,-0.035580681046085035,-0.25898653937799343,0.35022642309987223,-0.02993028728800841,0.05000880891771714
WOOWOOWO,5,-1.2115028291749266,-0.3271439199437146,2,-0.884358909231212,-0.25153800654185743,-0.40274983334557174,-0.7566687783461711,-1.6663368800036822
WOOWOOWW,4,-3.318977489766874,-0.19267799889529105,2,-3.126299490871583,-0.288643350822844,-0.09671264696773813,-3.8411125085254256,-2.7968424710083224
WOOWOWOO,5,0.01998537993855232,0.1435391188732915,2,-0.12355373893473917,0.7221930513830179,-0.43511481363643495,-0.029634328513331927,0.06960508839043657
WOOWOWOW,4,0.6007597104568361,0.005155487922029564,2,0.5956042225348065,-0.20538751040602474,0.21569848625008387,0.8822007833228139,0.31931863759085827
WOOWOWWO,4,-3.8943808791243724,-0.36773937271387863,2,-3.5266415064104937,-0.11510779093026,-0.6203709544974972,-4.115852400703455,-3.6729093575452905
WOOWOWWW,3,-1.0870458989179062,-0.6902065927706036,2,-0.39683930614730256,-1.3716420819665638,-0.008771103574643477,-0.6855069336913486,-1.488584864144464
WOOWWOOO,5,0.3913583242719977,-0.04231552528790255,2,0.43367384955990024,-0.05007380433792129,-0.03455724623788381,0.6680419098130121,0.11467473873098327
WOOWWOOW,4,-0.2745954449409317,-0.39136653339282157,2,0.11677108845188988,0.0166040085726773,-0.7993370753583204,-0.4048314713950245,-0.1443594184868388
WOOWWOWO,4,-2.047225647855992,-0.43769707031530086,2,-1.6095285775406911,0.15824731511199,-1.0336414557425917,-1.5204122186698117,-2.5740390770421726
WOOWWOWW,3,-1.427756894346148,-0.5458969086820727,2,-0.8818599856640753,-0.48750904853414534,-0.6042847688300002,-0.7391400497905964,-2.1163737389016997
WOOWWWOO,4,-0.8728308644912777,-0.6202702927472543,2,-0.25256057174402335,-0.9260607227454496,-0.31447986274905904,-1.1898015554996075,-0.5558601734829478
WOOWWWOW,3,-0.826351437901071,-0.6195847799150904,2,-0.2067666579859806,-0.5593252270793294,-0.6798443327508515,-1.495557229842195,-0.15714564595994693
WOOWWWWO,3,-1.9169991446317065,-0.07130433689884225,2,-1.8456948077328643,-0.1880982001835272,0.04548952638584269,-2.1116336694031848,-1.7223646198602283
WOOWWWWW,2,-0.04587605527971093,0.12592110104216994,2,-0.17179715632188086,0.11773867236503278,0.1341035297193071,-0.036854815593941784,-0.05489729496548007
WOWOOOOO,6,2.327112185166021,1.7557943221200687,2,0.5713178630459521,2.5286252988944695,0.982963345345668,2.132771640008578,2.5214527303234635
WOWOOOOW,5,0.645737137193802,-0.24180832619003637,2,0.8875454633838383,0.1231117067547927,-0.6067283591348654,0.4746633528953901,0.8168109214922139
WOWOOOWO,5,-1.768218740579086,0.3281459337058762,2,-2.096364674284962,0.26448996042574935,0.39180190698600303,-2.0933624112459857,-1.4430750699121861
WOWOOOWW,4,-3.7451522009580502,-0.027805652172105677,2,-3.7173465487859447,-0.6033496038817058,0.5477382995374944,-4.16101849602568,-3.3292859058904196
WOWOOWOO,5,1.0818328916178446,-0.30909160629279564,2,1.3909244979106403,1.8516030329726172,-2.4697862455582085,-0.13664259211775498,2.300308375353444
WOWOOWOW,4,1.0801742169740687,0.5303717074038399,2,0.5498025095702288,0.14373970447537043,0.9170037103323092,1.5597991817088956,0.6005492522392416
WOWOOWWO,4,-6.3400071729729515,-1.4496707450929547,2,-4.890336427879997,-2.6172595985167195,-0.28208189166918995,-6.41891032089399,-6.261104025051912
WOWOOWWW,3,-4.027931942146096,-1.5891682297392362,2,-2.4387637124068595,-1.0289969813758617,-2.1493394781026107,-5.4952983130864475,-2.560565571205744
WOWOWOOO,5,1.328684089309098,0.3493115275499623,2,0.9793725617591358,0.30580408480497073,0.3928189702949539,1.1405232758801833,1.5168449027380129
WOWOWOOW,4,1.154644267743159,0.15456322561543545,2,1.0000810421277235,0.9192968252583513,-0.6101703740274804,1.0920272034332177,1.2172613320531005
WOWOWOWO,4,-1.0448857570940513,0.43436988147340827,2,-1.4792556385674596,0.8101265659031852,0.058613197043631306,-0.64300187482714,-1.4467696393609626
WOWOWOWW,3,-1.9115564020841447,-0.5598893468104502,2,-1.3516670552736945,-0.42949966973854503,-0.6902790238823554,-1.627015824974926,-2.1960969791933636
WOWOWWOO,4,0.5325494669318709,0.014224832931423681,2,0.5183246340004473,0.5448748539769939,-0.5164251881141465,0.048117002701758615,1.0169819311619832
WOWOWWOW,3,1.06332477289575,0.6146984995512305,2,0.44862627334451954,0.8385030564278463,0.39089394267461464,0.955918764494257,1.170730781297243
WOWOWWWO,3,-3.249857422022102,-0.05012626233092979,2,-3.199731159691172,0.39169618791370003,-0.4919487125755596,-4.4615284985843,-2.0381863454599043
WOWOWWWW,2,-0.6071725412273481,-0.19652928097268518,2,-0.4106432602546629,-0.31847584413084107,-0.07458271781452927,-0.4837138618596364,-0.7306312205950599
WOWWOOOO,5,2.3954742769678568,-0.11115180691256715,2,2.5066260838804237,0.6011752705915497,-0.823478884416684,2.6201833512459047,2.170765202689809
WOWWOOOW,4,1.3509796991072478,-0.3390795748004972,2,1.6900592739077451,0.5565047131334337,-1.2346638627344282,1.2764945158429268,1.425464882371569
WOWWOOWO,4,0.24193667639355948,0.18880637408260922,2,0.053130302310950256,0.6658316604756286,-0.28821891231041014,0.5115712694293391,-0.02769791664222009
WOWWOOWW,3,-0.9697005690878425,0.02456434017801995,2,-0.9942649092658624,-0.6084810777134226,0.6576097580694625,-1.5475650475160212,-0.3918360906596638
WOWWOWOO,4,1.5716522597264926,0.26434693024835615,2,1.3073053294781365,0.6226894913224019,-0.09399563082568965,1.529543445812323,1.6137610736406625
WOWWOWOW,3,1.2847750857797193,-0.02549962604421882,2,1.3102747118239382,0.2548203497379533,-0.30581960182639095,1.2917496700686057,1.277800501490833
WOWWOWWO,3,-2.3128389485600582,0.6207841592767672,2,-2.9336231078368256,0.23384922989265958,1.007719088660875,-2.4942433808435553,-2.1314345162765607
WOWWOWWW,2,-0.9036990799358571,-0.07658312345299469,2,-0.8271159564828624,0.20890365637545358,-0.36206990328144295,-0.8407639521068587,-0.9666342077648554
WOWWWOOO,4,1.1131619716703685,-0.047891760167061814,2,1.1610537318374303,0.16374074696792362,-0.25952426730204725,1.357763290758877,0.86856065258186
WOWWWOOW,3,1.2217386105336376,0.6120169049576272,2,0.6097217055760105,0.24409009289206665,0.9799437170231877,0.9750351102896792,1.468442110777596
WOWWWOWO,3,0.10187813904347219,-0.2755993535082597,2,0.3774774925517319,-0.14688057828537174,-0.40431812873114764,0.2227057444895824,-0.018949466402638032
WOWWWOWW,2,-0.600165989307649,-0.10685118539955776,2,-0.49331480390809124,-0.44603710688881126,0.23233473608969574,-0.8279161822806891,-0.37241579633460875
WOWWWWOO,3,0.683095667584728,0.019732195087462975,2,0.663363472497265,0.26557321214712054,-0.2261088219721946,0.2444697584453112,1.1217215767241446
WOWWWWOW,2,1.266550775653752,0.21969915941405724,2,1.0468516162396948,0.5562103177997566,-0.11681199897164214,1.4103140377672678,1.1227875135402363
WOWWWWWO,2,-0.348397516572424,0.09412722801738295,2,-0.44252474458980695,-0.05051586123984488,0.2387703172746108,-0.3010486918441216,-0.39574634130072645
WOWWWWWW,1,0.9466457957244432,0.3942939663558579,2,0.5523518293685853,0.013596978808186264,0.7749909539035296,1.2525360210859742,0.6407555703629121
WWOOOOOO,6,1.2998871634228792,0.4069886755283062,2,0.892898487894573,1.2939810474386235,-0.4800036963820111,0.9980281640735184,1.60174616277224
WWOOOOOW,5,0.9116703923886624,-0.20918219820919065,2,1.120852590597853,0.3005479054309603,-0.7189123018493416,1.1505013445745151,0.6728394402028098
WWOOOOWO,5,-1.9615656786899756,0.15523549212959004,2,-2.1168011708195658,0.5851041995260529,-0.2746332152668728,-0.7514667494663082,-3.171664607913643
WWOOOOWW,4,-3.237395736950411,-0.7362299815810287,2,-2.5011657553693825,-1.2756218242412158,-0.1968381389208416,-2.050436566704612,-4.424354907196211
WWOOOWOO,5,0.1181155275447219,-0.1893377101034748,2,0.3074532376481967,-0.8296369148272282,0.4509614946202786,0.3008611924240877,-0.0646301373346439
WWOOOWOW,4,-0.23872383412583092,-0.23684448626701343,2,-0.0018793478588174928,-0.7029972696655874,0.2293082971315605,-0.7034172750686417,0.2259696068169799
WWOOOWWO,4,-4.619527317853418,0.22052863087641852,2,-4.8400559487298365,0.6889330456665081,-0.2478757839136711,-6.460465271892625,-2.77858936381421
WWOOOWWW,3,-4.331974948774021,-0.8241715474541891,2,-3.5078034013198316,-0.8963874454090227,-0.7519556494993556,-4.760704418166378,-3.903245479381664
WWOOWOOO,5,0.766023856484664,-1.357232134149839,2,2.1232559906345028,-2.0866766140013695,-0.6277876542983086,-0.6773612246491912,2.209408937618519
WWOOWOOW,4,-0.3167075973494228,-0.38750739733262,2,0.07079979998319724,-0.11158341377029961,-0.6634313808949405,-0.40901919254803987,-0.22439600215080568
WWOOWOWO,4,-1.6259189278350932,-0.32478441945185643,2,-1.3011345083832366,-1.1242021302767367,0.47463329137302385,-1.7015612692048558,-1.5502765864653307
WWOOWOWW,3,-3.535364908880414,-1.1278005251667669,2,-2.4075643837136473,-2.23758984532947,-0.01801120500406379,-3.245823885622597,-3.8249059321382313
WWOOWWOO,4,0.1588265888684068,-0.7670426376812618,2,0.9258692265496686,-0.5089717241350341,-1.0251135512274896,0.12149085071338382,0.1961623270234298
WWOOWWOW,3,0.04137024720382054,-0.23239346143820222,2,0.27376370864202276,-0.5629774834280695,0.09819056055166506,-0.4357320789538781,0.5184725733615192
WWOOWWWO,3,-3.0651015149307677,-0.2195028636341474,2,-2.84559865129662,-0.9685819253234065,0.5295761980551117,-3.7835067478625826,-2.346696281998953
WWOOWWWW,2,-0.4653249097601788,-1.6138202476752541,2,1.1484953379150753,-1.5202719605489403,-1.7073685348015681,-0.5195453339617657,-0.41110448555859186
WWOWOOOO,5,0.8680892158385731,0.14342030916124493,2,0.7246689066773282,0.6586905398174779,-0.3718499214949881,1.1126231817996972,0.6235552498774489
WWOWOOOW,4,0.771974768180296,-0.04403919362451635,2,0.8160139618048123,-0.21241530828355518,0.12433692103452247,0.8702197469622865,0.6737297893983053
WWOWOOWO,4,-1.46899950845409,-0.20397196612300122,2,-1.2650275423310888,-1.0289653517396191,0.6210214194936167,-1.6289227089591753,-1.309076307949005
WWOWOOWW,3,-2.882929914530371,-1.1031216828282762,2,-1.7798082317020947,-1.8914532155550883,-0.3147901501014639,-2.558429178466456,-3.2074306505942856
WWOWOWOO,4,-0.39200125015340914,-0.1521250083683976,2,-0.23987624178501155,0.406922808280649,-0.7111728250174442,-0.41080145612147867,-0.37320104418533956
WWOWOWOW,3,0.027257251687592576,-0.31384135974216576,2,0.34109861142975834,-0.4817878875481904,-0.1458948319361411,-0.1690060760385851,0.22352057941377027
WWOWOWWO,3,-4.275147713651837,-0.2221075554935738,2,-4.053040158158263,-1.2647246891635056,0.820509578176358,-3.8812760302903233,-4.669019397013351
WWOWOWWW,2,-1.584118652404677,-0.4207771319335284,2,-1.1633415204711488,-1.1938361110820785,0.35228184721502176,-1.0464748155502572,-2.1217624892590967
WWOWWOOO,4,-0.6758214814269577,-1.2342876580480608,2,0.5584661766211031,-1.3284573259989887,-1.140117990097133,-0.377026554164813,-0.9746164086891025
WWOWWOOW,3,-1.3234554357550454,-0.1661656879827495,2,-1.1572897477722959,-0.06822952507044061,-0.2641018508950584,-1.7921418792925965,-0.8547689922174944
WWOWWOWO,3,-1.7931365630689793,-0.6990653531109197,2,-1.0940712099580596,-1.3034964532504285,-0.09463425297141072,-2.0189776180817804,-1.5672955080561781
WWOWWOWW,2,-2.1547846069952943,-0.30399474863264286,2,-1.8507898583626514,-0.48271900152313696,-0.12527049574214874,-2.2635771753689125,-2.0459920386216757
WWOWWWOO,3,-0.5879908242597178,-0.37987968399369065,2,-0.20811114026602717,-0.6146747832291465,-0.14508458475823482,-1.0043078964383463,-0.1716737520810894
WWOWWWOW,2,-0.35613408662299534,0.4377173743213214,2,-0.7938514609443168,0.2533932890308687,0.622041459611774,-0.3001385695441186,-0.41212960370187207
WWOWWWWO,2,-1.9052801062947005,-0.7886316750575076,2,-1.1166484312371927,-1.4181086998367538,-0.15915465027826148,-1.6717334607774108,-2.13882675181199
WWOWWWWW,1,-0.025049302472430562,0.34304259927311986,2,-0.3680919017455504,0.3270753618778919,0.35900983666834785,-0.5415982989505791,0.49149969400571797
WWWOOOOO,5,1.562649359067136,0.8202923151584305,2,0.7423570439087055,1.3500125688070843,0.29057206150977677,1.2376052482463273,1.8876934698879448
WWWOOOOW,4,0.04696228216014147,-0.5282632701151189,2,0.5752255522752603,-0.760500326593963,-0.29602621363627457,0.07749567960093502,0.01642888471934792
WWWOOOWO,4,-2.4140540623855724,-0.36417933692567905,2,-2.0498747254598935,-0.0925241802545667,-0.6358344935967915,-2.9722239647861,-1.855884159985045
WWWOOOWW,3,-3.899589622654835,-0.6973469540625769,2,-3.202242668592258,-1.2223982913920117,-0.17229561673314192,-4.086404623189766,-3.712774622119903
WWWOOWOO,4,-0.5491833473892835,-0.44082077063879227,2,-0.10836257675049127,-0.2528417174789356,-0.628799823798649,-1.4105772551695739,0.31221056039100675
WWWOOWOW,3,0.6684174589407204,-0.6445596268483247,2,1.312977085789045,-0.2958132203324606,-0.9933060333641887,0.6136223675166678,0.7232125503647728
WWWOOWWO,3,-5.421016242499798,0.32966527342045754,2,-5.750681515920255,0.10306820363618109,0.556262343204734,-5.411983251781501,-5.430049233218094
WWWOOWWW,2,-4.246500050058276,-0.40291205167060906,2,-3.843587998387667,-0.3122571734587876,-0.49356692988243056,-5.012787939379112,-3.4802121607374397
WWWOWOOO,4,1.4767740607813384,-0.7624155984158267,2,2.239189659197165,-0.3993272754871048,-1.1255039213445486,1.9929205098906682,0.9606276116720089
WWWOWOOW,3,0.6537630607049394,0.05130476704345404,2,0.6024582936614854,-0.10192346452667018,0.20453299861357827,0.7410429953889914,0.5664831260208875
WWWOWOWO,3,-1.8520530061373228,-0.2773945654219104,2,-1.5746584407154125,-0.6993852033495567,0.14459607250573595,-1.471533180000904,-2.2325728322737417
WWWOWOWW,2,-2.4385222531525548,-0.42540237521914825,2,-2.0131198779334065,-0.5433531282558437,-0.3074516221824528,-2.7906609143493957,-2.0863835919557143
WWWOWWOO,3,1.2316869696428832,0.09789106054266922,2,1.1337959091002139,0.05718687329107012,0.13859524779426832,1.386757655884019,1.0766162834017476
WWWOWWOW,2,0.9086241788962641,0.5711660791653896,2,0.3374580997308745,0.871043553021518,0.27128860530926113,0.32255979835732224,1.494688559435206
WWWOWWWO,2,-2.524113814223999,-0.5935209577029361,2,-1.930592856521063,-1.2931399767052256,0.10609806129935344,-1.6629850851203116,-3.3852425433276867
WWWOWWWW,1,-0.29309283633737154,0.24787494176733066,2,-0.5409677781047022,0.6790122027876103,-0.18326231925294903,0.03341863453207823,-0.6196043072068214
WWWWOOOO,4,0.5344464421462841,0.6279801909279131,2,-0.09353374878162901,1.6909753792868583,-0.435014997431032,-0.4567360298669991,1.5256289141595674
WWWWOOOW,3,0.566323799817251,0.22776836742819423,2,0.3385554323890568,0.33255608361519795,0.12298065124119052,0.4254843366476851,0.707163262986817
WWWWOOWO,3,-0.5433526127137098,-0.68289796361436,2,0.13954535090065012,-0.3109087938655235,-1.0548871333631964,-0.4505048508682189,-0.6362003745592008
WWWWOOWW,2,-1.8964708538975366,-0.07391195710927706,2,-1.8225588967882596,-0.5344233162354927,0.38659940201693854,-1.1176704511397502,-2.6752712566553227
WWWWOWOO,3,0.8497086372323213,0.5203672134592487,2,0.3293414237730725,0.8344409072432389,0.20629351967525866,0.38568009801066344,1.3137371764539791
WWWWOWOW,2,0.6861479132607908,-0.47096736750767587,2,1.1571152807684668,-0.24264714050402986,-0.6992875945113219,0.6982887121674878,0.674007114354094
WWWWOWWO,2,-4.5395965278510255,0.8974838293911193,2,-5.437080357242145,0.5179640509776344,1.277003607804604,-4.811857220418184,-4.267335835283867
WWWWOWWW,1,-1.6517940181154103,-1.2360934191119224,2,-0.4157005990034879,-1.526280934503566,-0.945905903720279,-2.613896683240684,-0.6896913529901364
WWWWWOOO,3,1.0710932972754001,0.6453314477629246,2,0.42576184951247553,0.3796603569198267,0.9110025386060224,1.3769537900043576,0.7652328045464428
WWWWWOOW,2,0.5967911321179064,0.19323655898095804,2,0.4035545731369483,0.3080457736406157,0.07842734432130041,0.24740882670597933,0.9461734375298333
WWWWWOWO,2,-0.9040785819735119,0.02181545467503554,2,-0.9258940366485474,0.3633708012642223,-0.3197398919141512,-0.21130144188553412,-1.5968557220614896
WWWWWOWW,1,-1.2532386486418632,-0.21328085839859684,2,-1.0399577902432664,-0.4053865599737741,-0.021175156823419555,-1.4327627842466983,-1.073714513037028
WWWWWWOO,2,0.988815651124642,0.276718569077279,2,0.712097082047363,0.176582983207322,0.37685415494723595,1.074805011162589,0.9028262910866948
WWWWWWOW,1,1.0894796136091087,0.2705883474282142,2,0.8188912661808945,0.43323679711237983,0.10793989774404857,1.1759027460856273,1.00305648113259
WWWWWWWO,1,-1.1084395784371166,-0.5000613527537254,2,-0.6083782256833912,-0.533372804343692,-0.4667499011637589,-1.4779307385784959,-0.7389484182957371
WWWWWWWW,0,0.3806064557961749,-0.10792645022480542,2,0.4885329060209803,-0.005689917743605748,-0.21016298270600509,0.2535722902674898,0.50764062132486
